latitude,longitude,elevation,station_name,year,month,tavg,tmax,tmin,prcp
5.5,6.5,0.0,South Dolphin,2007,4,24.3,,21.9,26.7
5.5,6.5,0.0,South Dolphin,2007,7,34.7,,31.6,
5.5,6.5,0.0,South Dolphin,2007,11,22.5,,19.1,
5.5,6.5,0.0,South Dolphin,2007,12,15.9,,13.3,10.2
5.5,6.5,0.0,South Dolphin,2008,1,11.2,,8.9,
5.5,6.5,0.0,South Dolphin,2008,2,13.9,,11.5,
5.5,6.5,0.0,South Dolphin,2008,3,21.0,,18.0,0.0
5.5,6.5,0.0,South Dolphin,2008,4,25.8,,22.7,7.6
23.7,-15.8667,10.0,Villa Cisneros,1994,1,17.0,,,4.0
23.7,-15.8667,10.0,Villa Cisneros,1994,2,17.5,,,0.0
23.7,-15.8667,10.0,Villa Cisneros,1994,3,17.6,,,0.0
23.7,-15.8667,10.0,Villa Cisneros,1994,4,19.0,,,0.0
23.7,-15.8667,10.0,Villa Cisneros,1994,5,19.8,,,0.5
23.7,-15.8667,10.0,Villa Cisneros,1994,6,20.8,,17.7,0.0
23.7,-15.8667,10.0,Villa Cisneros,1994,7,21.5,,19.3,0.0
23.7,-15.8667,10.0,Villa Cisneros,1994,8,21.7,,19.3,0.0
23.7,-15.8667,10.0,Villa Cisneros,1994,9,21.3,25.1,19.0,0.0
23.7,-15.8667,10.0,Villa Cisneros,1994,10,21.7,25.7,,0.0
23.7,-15.8667,10.0,Villa Cisneros,1994,11,21.2,26.2,,0.0
23.7,-15.8667,10.0,Villa Cisneros,1994,12,20.0,25.0,,8.0
23.7,-15.8667,10.0,Villa Cisneros,1995,1,17.5,,,0.0
23.7,-15.8667,10.0,Villa Cisneros,1995,2,18.3,22.9,,0.0
23.7,-15.8667,10.0,Villa Cisneros,1995,3,18.2,21.9,14.5,0.0
23.7,-15.8667,10.0,Villa Cisneros,1995,4,19.4,,16.0,0.0
23.7,-15.8667,10.0,Villa Cisneros,1995,5,20.4,23.7,17.1,0.0
23.7,-15.8667,10.0,Villa Cisneros,1995,6,21.6,25.7,18.4,0.0
23.7,-15.8667,10.0,Villa Cisneros,1995,7,23.2,26.4,20.0,0.0
23.7,-15.8667,10.0,Villa Cisneros,1995,8,23.6,26.9,20.3,0.0
23.7,-15.8667,10.0,Villa Cisneros,1995,9,23.3,26.7,19.9,2.0
23.7,-15.8667,10.0,Villa Cisneros,1995,10,24.2,28.8,19.7,2.0
23.7,-15.8667,10.0,Villa Cisneros,1995,11,23.2,27.1,19.2,0.0
23.7,-15.8667,10.0,Villa Cisneros,1995,12,20.0,24.7,16.5,6.0
23.7,-15.8667,10.0,Villa Cisneros,1996,1,19.6,22.8,16.3,18.0
23.7,-15.8667,10.0,Villa Cisneros,1996,2,19.2,22.1,16.3,3.0
23.7,-15.8667,10.0,Villa Cisneros,1996,3,19.1,28.6,13.5,6.0
23.7,-15.8667,10.0,Villa Cisneros,1996,4,20.1,23.6,16.6,0.0
23.7,-15.8667,10.0,Villa Cisneros,1996,5,21.4,24.8,18.0,0.0
23.7,-15.8667,10.0,Villa Cisneros,1996,6,21.6,24.9,18.2,0.0
23.7,-15.8667,10.0,Villa Cisneros,1996,7,21.7,25.5,18.8,0.0
23.7,-15.8667,10.0,Villa Cisneros,1996,8,23.0,26.3,19.8,10.0
23.7,-15.8667,10.0,Villa Cisneros,1996,9,23.0,26.6,19.5,4.0
23.7,-15.8667,10.0,Villa Cisneros,1996,10,23.4,27.6,19.2,1.0
23.7,-15.8667,10.0,Villa Cisneros,1996,11,21.8,25.6,18.1,0.0
23.7,-15.8667,10.0,Villa Cisneros,1996,12,18.7,22.7,14.9,1.0
23.7,-15.8667,10.0,Villa Cisneros,1997,1,19.1,23.0,15.3,2.0
23.7,-15.8667,10.0,Villa Cisneros,1997,2,21.8,26.5,17.1,0.0
23.7,-15.8667,10.0,Villa Cisneros,1997,3,21.1,25.6,16.6,0.0
23.7,-15.8667,10.0,Villa Cisneros,1997,4,20.1,23.3,17.0,2.0
23.7,-15.8667,10.0,Villa Cisneros,1997,5,20.5,25.9,15.5,1.0
23.7,-15.8667,10.0,Villa Cisneros,1997,6,22.6,26.3,18.8,0.0
23.7,-15.8667,10.0,Villa Cisneros,1997,7,21.7,25.5,18.8,0.0
23.7,-15.8667,10.0,Villa Cisneros,1997,8,22.8,26.3,19.2,0.5
23.7,-15.8667,10.0,Villa Cisneros,1997,9,23.0,26.6,19.5,0.5
23.7,-15.8667,10.0,Villa Cisneros,1997,10,22.8,26.5,19.1,0.0
23.7,-15.8667,10.0,Villa Cisneros,1997,11,21.6,25.2,18.1,0.0
23.7,-15.8667,10.0,Villa Cisneros,1997,12,20.0,24.0,15.9,1.0
23.7,-15.8667,10.0,Villa Cisneros,1998,1,19.8,23.6,16.0,11.0
23.7,-15.8667,10.0,Villa Cisneros,1998,2,22.3,26.5,18.1,1.0
23.7,-15.8667,10.0,Villa Cisneros,1998,3,21.9,26.2,17.6,28.0
23.7,-15.8667,10.0,Villa Cisneros,1998,4,19.7,22.9,16.6,0.0
23.7,-15.8667,10.0,Villa Cisneros,1998,5,20.2,23.8,16.7,0.5
23.7,-15.8667,10.0,Villa Cisneros,1998,6,21.5,25.0,18.1,0.0
23.7,-15.8667,10.0,Villa Cisneros,1998,7,21.8,25.0,18.5,0.0
23.7,-15.8667,10.0,Villa Cisneros,1998,8,22.5,25.8,19.1,0.0
23.7,-15.8667,10.0,Villa Cisneros,1998,9,23.2,26.6,19.8,8.0
23.7,-15.8667,10.0,Villa Cisneros,1998,10,23.2,26.6,19.9,0.0
23.7,-15.8667,10.0,Villa Cisneros,1998,11,22.3,26.4,18.3,0.0
23.7,-15.8667,10.0,Villa Cisneros,1998,12,19.0,22.6,15.4,2.0
23.7,-15.8667,10.0,Villa Cisneros,1999,1,18.0,21.4,14.7,0.5
23.7,-15.8667,10.0,Villa Cisneros,1999,2,17.1,20.6,13.5,0.0
23.7,-15.8667,10.0,Villa Cisneros,1999,3,18.2,21.3,15.0,0.0
23.7,-15.8667,10.0,Villa Cisneros,1999,4,19.8,23.2,16.4,0.0
23.7,-15.8667,10.0,Villa Cisneros,1999,5,20.5,23.7,17.3,0.0
23.7,-15.8667,10.0,Villa Cisneros,1999,6,21.1,24.0,18.2,0.0
23.7,-15.8667,10.0,Villa Cisneros,1999,7,21.1,26.8,17.4,0.0
23.7,-15.8667,10.0,Villa Cisneros,1999,8,23.3,26.8,19.7,0.5
23.7,-15.8667,10.0,Villa Cisneros,1999,9,23.0,27.0,20.2,7.0
23.7,-15.8667,10.0,Villa Cisneros,1999,10,22.8,26.3,19.4,3.0
23.7,-15.8667,10.0,Villa Cisneros,1999,11,21.7,25.7,17.7,0.0
23.7,-15.8667,10.0,Villa Cisneros,1999,12,19.3,,,2.0
23.7,-15.8667,10.0,Villa Cisneros,2000,1,17.1,21.4,12.8,0.0
23.7,-15.8667,10.0,Villa Cisneros,2000,2,19.9,24.5,15.3,0.0
23.7,-15.8667,10.0,Villa Cisneros,2000,3,21.0,25.2,16.9,0.0
23.7,-15.8667,10.0,Villa Cisneros,2000,4,19.5,22.8,16.1,0.5
23.7,-15.8667,10.0,Villa Cisneros,2000,5,20.3,23.8,16.7,0.0
23.7,-15.8667,10.0,Villa Cisneros,2000,6,21.1,24.2,18.1,0.0
23.7,-15.8667,10.0,Villa Cisneros,2000,7,22.0,25.0,19.1,0.0
23.7,-15.8667,10.0,Villa Cisneros,2000,8,22.7,26.1,,14.0
23.7,-15.8667,10.0,Villa Cisneros,2000,9,22.8,26.0,19.6,0.5
23.7,-15.8667,10.0,Villa Cisneros,2000,10,21.4,24.8,18.1,0.0
23.7,-15.8667,10.0,Villa Cisneros,2000,11,19.4,22.9,16.0,0.0
23.7,-15.8667,10.0,Villa Cisneros,2000,12,19.0,22.9,15.0,0.0
23.7,-15.8667,10.0,Villa Cisneros,2001,1,18.4,22.1,14.8,0.0
23.7,-15.8667,10.0,Villa Cisneros,2001,2,19.0,23.4,14.5,0.0
23.7,-15.8667,10.0,Villa Cisneros,2001,3,19.7,23.5,16.0,0.0
23.7,-15.8667,10.0,Villa Cisneros,2001,4,19.1,22.6,15.6,0.0
23.7,-15.8667,10.0,Villa Cisneros,2001,5,19.8,23.3,16.4,0.0
23.7,-15.8667,10.0,Villa Cisneros,2001,6,21.1,24.4,17.8,0.0
23.7,-15.8667,10.0,Villa Cisneros,2001,7,21.6,25.0,18.3,0.0
23.7,-15.8667,10.0,Villa Cisneros,2001,8,22.9,,,0.0
23.7,-15.8667,10.0,Villa Cisneros,2001,9,24.0,27.9,20.1,0.0
23.7,-15.8667,10.0,Villa Cisneros,2001,10,23.8,28.2,19.4,1.0
23.7,-15.8667,10.0,Villa Cisneros,2001,11,21.2,24.8,17.6,2.0
23.7,-15.8667,10.0,Villa Cisneros,2001,12,20.8,25.0,16.7,0.5
23.7,-15.8667,10.0,Villa Cisneros,2002,1,20.3,24.2,16.4,11.0
23.7,-15.8667,10.0,Villa Cisneros,2002,2,20.9,25.3,16.5,0.0
23.7,-15.8667,10.0,Villa Cisneros,2002,3,20.1,23.9,16.3,0.0
23.7,-15.8667,10.0,Villa Cisneros,2002,4,20.4,23.7,17.4,0.5
23.7,-15.8667,10.0,Villa Cisneros,2002,5,19.9,23.0,16.8,0.0
23.7,-15.8667,10.0,Villa Cisneros,2002,7,21.5,24.4,18.6,0.0
23.7,-15.8667,10.0,Villa Cisneros,2002,8,21.6,24.6,18.6,0.5
23.7,-15.8667,10.0,Villa Cisneros,2002,9,23.4,26.9,19.8,2.0
23.7,-15.8667,10.0,Villa Cisneros,2002,10,23.6,27.1,20.0,0.5
23.7,-15.8667,10.0,Villa Cisneros,2002,11,21.5,24.8,18.1,0.5
23.7,-15.8667,10.0,Villa Cisneros,2002,12,20.4,24.0,16.8,3.0
23.7,-15.8667,10.0,Villa Cisneros,2003,1,18.5,22.3,14.7,0.0
23.7,-15.8667,10.0,Villa Cisneros,2003,2,17.4,20.7,14.1,0.5
23.7,-15.8667,10.0,Villa Cisneros,2003,3,20.0,24.3,15.8,1.0
23.7,-15.8667,10.0,Villa Cisneros,2003,4,20.3,23.8,16.8,0.5
23.7,-15.8667,10.0,Villa Cisneros,2003,5,20.9,24.6,17.2,0.0
23.7,-15.8667,10.0,Villa Cisneros,2003,6,21.8,25.2,18.4,0.0
23.7,-15.8667,10.0,Villa Cisneros,2003,7,22.2,25.4,19.1,0.0
23.7,-15.8667,10.0,Villa Cisneros,2003,8,23.3,26.8,20.1,0.0
23.7,-15.8667,10.0,Villa Cisneros,2003,9,23.4,26.7,20.1,10.0
23.7,-15.8667,10.0,Villa Cisneros,2003,10,23.2,26.1,20.2,18.0
23.7,-15.8667,10.0,Villa Cisneros,2003,11,21.0,24.3,17.8,0.0
23.7,-15.8667,10.0,Villa Cisneros,2003,12,20.7,24.7,16.6,0.5
23.7,-15.8667,10.0,Villa Cisneros,2004,1,17.9,21.0,14.8,6.0
23.7,-15.8667,10.0,Villa Cisneros,2004,2,20.5,24.6,16.3,6.0
23.7,-15.8667,10.0,Villa Cisneros,2004,3,20.1,24.0,16.2,0.0
23.7,-15.8667,10.0,Villa Cisneros,2004,4,20.2,23.9,16.5,10.0
23.7,-15.8667,10.0,Villa Cisneros,2004,5,20.3,23.6,16.9,0.0
23.7,-15.8667,10.0,Villa Cisneros,2004,6,21.6,24.9,18.3,0.0
23.7,-15.8667,10.0,Villa Cisneros,2004,7,20.6,26.5,19.6,0.0
23.7,-15.8667,10.0,Villa Cisneros,2004,8,24.5,28.2,20.7,0.0
23.7,-15.8667,10.0,Villa Cisneros,2004,9,23.4,26.8,20.1,2.0
23.7,-15.8667,10.0,Villa Cisneros,2004,10,22.9,26.8,20.1,0.0
23.7,-15.8667,10.0,Villa Cisneros,2004,11,22.3,26.0,18.6,0.5
23.7,-15.8667,10.0,Villa Cisneros,2004,12,18.4,21.6,15.2,13.0
23.7,-15.8667,10.0,Villa Cisneros,2005,1,17.7,22.1,13.4,0.0
23.7,-15.8667,10.0,Villa Cisneros,2005,2,17.2,20.7,13.7,9.0
23.7,-15.8667,10.0,Villa Cisneros,2005,3,20.1,23.8,16.4,1.0
23.7,-15.8667,10.0,Villa Cisneros,2005,4,19.9,23.1,16.6,0.0
23.7,-15.8667,10.0,Villa Cisneros,2005,5,20.4,23.6,17.1,10.0
23.7,-15.8667,10.0,Villa Cisneros,2005,6,22.2,25.7,18.6,0.0
23.7,-15.8667,10.0,Villa Cisneros,2005,7,22.3,25.7,19.0,0.0
23.7,-15.8667,10.0,Villa Cisneros,2005,8,23.3,26.6,20.0,3.0
23.7,-15.8667,10.0,Villa Cisneros,2005,9,24.4,28.2,20.7,22.0
23.7,-15.8667,10.0,Villa Cisneros,2005,10,23.9,,,3.0
23.7,-15.8667,10.0,Villa Cisneros,2005,11,21.1,24.8,17.8,0.5
23.7,-15.8667,10.0,Villa Cisneros,2005,12,19.0,22.4,15.3,3.0
23.7,-15.8667,10.0,Villa Cisneros,2006,1,16.8,20.2,13.4,17.0
23.7,-15.8667,10.0,Villa Cisneros,2006,2,17.3,20.4,14.1,3.0
23.7,-15.8667,10.0,Villa Cisneros,2006,3,18.9,23.1,14.6,0.0
23.7,-15.8667,10.0,Villa Cisneros,2006,4,19.3,,,0.0
23.7,-15.8667,10.0,Villa Cisneros,2006,5,19.1,21.8,16.3,0.0
23.7,-15.8667,10.0,Villa Cisneros,2006,6,20.4,23.6,17.3,0.0
23.7,-15.8667,10.0,Villa Cisneros,2006,7,21.5,24.5,18.5,0.0
23.7,-15.8667,10.0,Villa Cisneros,2006,8,21.7,23.5,19.6,4.0
23.7,-15.8667,10.0,Villa Cisneros,2006,9,23.9,,,3.0
23.7,-15.8667,10.0,Villa Cisneros,2006,10,22.0,24.8,19.2,6.0
23.7,-15.8667,10.0,Villa Cisneros,2006,11,22.6,26.8,18.5,0.0
23.7,-15.8667,10.0,Villa Cisneros,2006,12,18.6,22.7,14.5,0.0
23.7,-15.8667,10.0,Villa Cisneros,2007,1,18.5,23.2,13.7,6.0
23.7,-15.8667,10.0,Villa Cisneros,2007,2,19.2,21.7,14.1,0.5
23.7,-15.8667,10.0,Villa Cisneros,2007,3,18.1,,,0.0
23.7,-15.8667,10.0,Villa Cisneros,2007,4,18.2,21.4,15.0,0.0
23.7,-15.8667,10.0,Villa Cisneros,2007,5,19.9,23.6,16.2,0.0
23.7,-15.8667,10.0,Villa Cisneros,2007,6,20.5,23.4,17.5,0.0
23.7,-15.8667,10.0,Villa Cisneros,2007,7,20.4,21.8,18.4,0.0
23.7,-15.8667,10.0,Villa Cisneros,2007,8,21.5,24.1,18.9,0.5
23.7,-15.8667,10.0,Villa Cisneros,2007,9,21.0,22.8,19.0,0.0
23.7,-15.8667,10.0,Villa Cisneros,2007,10,21.0,24.2,17.7,0.0
23.7,-15.8667,10.0,Villa Cisneros,2007,11,20.5,,,0.5
23.7,-15.8667,10.0,Villa Cisneros,2007,12,18.5,,,7.0
23.7,-15.8667,10.0,Villa Cisneros,2008,1,18.6,23.4,13.8,0.0
23.7,-15.8667,10.0,Villa Cisneros,2008,2,18.5,21.9,15.1,3.0
23.7,-15.8667,10.0,Villa Cisneros,2008,3,19.4,22.9,15.9,7.0
23.7,-15.8667,10.0,Villa Cisneros,2008,4,19.4,22.6,16.2,0.0
23.7,-15.8667,10.0,Villa Cisneros,2008,5,19.7,22.8,16.6,0.0
23.7,-15.8667,10.0,Villa Cisneros,2008,6,20.6,,,0.0
23.7,-15.8667,10.0,Villa Cisneros,2008,7,20.9,24.4,18.9,4.0
23.7,-15.8667,10.0,Villa Cisneros,2008,8,22.5,24.6,18.0,0.0
23.7,-15.8667,10.0,Villa Cisneros,2008,9,23.2,26.7,19.7,1.0
23.7,-15.8667,10.0,Villa Cisneros,2008,10,21.2,,,16.0
23.7,-15.8667,10.0,Villa Cisneros,2008,11,19.1,22.6,15.7,0.0
23.7,-15.8667,10.0,Villa Cisneros,2008,12,17.3,21.0,13.5,0.5
23.7,-15.8667,10.0,Villa Cisneros,2009,2,16.7,19.9,13.5,0.5
23.7,-15.8667,10.0,Villa Cisneros,2009,3,17.7,20.6,14.8,0.5
23.7,-15.8667,10.0,Villa Cisneros,2009,8,21.9,23.5,19.7,0.0
23.7,-15.8667,10.0,Villa Cisneros,2009,9,22.8,26.3,19.3,0.5
23.7,-15.8667,10.0,Villa Cisneros,2009,12,19.4,23.0,15.8,0.0
23.7,-15.8667,10.0,Villa Cisneros,2010,1,19.3,23.9,14.8,0.0
23.7,-15.8667,10.0,Villa Cisneros,2010,3,20.3,23.5,17.1,0.5
23.7,-15.8667,10.0,Villa Cisneros,2010,4,19.7,,,0.0
23.7,-15.8667,10.0,Villa Cisneros,2010,5,,,,0.5
23.7,-15.8667,10.0,Villa Cisneros,2010,7,20.7,22.2,18.8,0.0
23.7,-15.8667,10.0,Villa Cisneros,2010,8,,,,8.0
23.7,-15.8667,10.0,Villa Cisneros,2010,10,22.1,23.8,19.9,19.0
23.7,-15.8667,10.0,Villa Cisneros,2010,12,20.1,23.3,16.8,0.0
23.7,-15.8667,10.0,Villa Cisneros,2011,1,,,,0.0
23.7,-15.8667,10.0,Villa Cisneros,2011,3,,,,1.0
23.7,-15.8667,10.0,Villa Cisneros,2011,4,,,,0.5
23.7,-15.8667,10.0,Villa Cisneros,2011,5,20.1,22.6,17.7,9.0
23.7,-15.8667,10.0,Villa Cisneros,2011,6,,,,0.0
23.7,-15.8667,10.0,Villa Cisneros,2011,7,,,,0.0
23.7,-15.8667,10.0,Villa Cisneros,2011,8,,,,0.0
23.7,-15.8667,10.0,Villa Cisneros,2011,9,,,,0.0
23.7,-15.8667,10.0,Villa Cisneros,2011,12,18.3,22.5,14.1,0.0
23.7,-15.8667,10.0,Villa Cisneros,2012,3,18.7,22.6,14.8,0.0
23.7,-15.8667,10.0,Villa Cisneros,2012,4,17.9,20.7,15.1,21.0
23.7,-15.8667,10.0,Villa Cisneros,2012,5,20.2,23.8,17.0,0.0
23.7,-15.8667,10.0,Villa Cisneros,2012,6,20.9,23.8,18.0,0.0
23.7,-15.8667,10.0,Villa Cisneros,2012,7,21.1,23.7,18.6,0.0
23.7,-15.8667,10.0,Villa Cisneros,2012,8,22.6,25.5,19.7,3.0
23.7,-15.8667,10.0,Villa Cisneros,2012,9,23.3,26.3,20.3,17.0
23.7,-15.8667,10.0,Villa Cisneros,2012,10,22.7,25.7,19.7,0.0
23.7,-15.8667,10.0,Villa Cisneros,2012,11,22.2,25.6,18.8,0.5
23.7,-15.8667,10.0,Villa Cisneros,2012,12,19.6,24.1,15.2,0.0
23.7,-15.8667,10.0,Villa Cisneros,2013,1,17.7,,,0.0
23.7,-15.8667,10.0,Villa Cisneros,2013,2,17.5,21.5,13.5,0.0
23.7,-15.8667,10.0,Villa Cisneros,2013,3,19.1,22.4,15.8,0.0
23.7,-15.8667,10.0,Villa Cisneros,2013,4,19.6,22.9,16.2,0.0
23.7,-15.8667,10.0,Villa Cisneros,2013,5,19.5,22.6,16.3,5.0
23.7,-15.8667,10.0,Villa Cisneros,2013,6,19.7,22.5,16.8,0.0
23.7,-15.8667,10.0,Villa Cisneros,2013,7,21.4,,,0.0
23.7,-15.8667,10.0,Villa Cisneros,2013,8,23.4,,,6.0
23.7,-15.8667,10.0,Villa Cisneros,2013,9,22.7,27.3,20.8,6.0
23.7,-15.8667,10.0,Villa Cisneros,2013,10,23.0,,,0.0
23.7,-15.8667,10.0,Villa Cisneros,2013,11,20.4,23.4,17.5,3.0
23.7,-15.8667,10.0,Villa Cisneros,2013,12,20.0,,,10.0
23.7,-15.8667,10.0,Villa Cisneros,2014,1,17.2,21.4,14.4,4.0
23.7,-15.8667,10.0,Villa Cisneros,2014,2,,,,0.0
23.7,-15.8667,10.0,Villa Cisneros,2014,3,17.0,20.6,14.8,0.5
23.7,-15.8667,10.0,Villa Cisneros,2014,4,19.4,22.0,16.8,0.0
23.7,-15.8667,10.0,Villa Cisneros,2014,5,,,,0.0
23.7,-15.8667,10.0,Villa Cisneros,2014,6,20.3,23.9,18.1,0.0
23.7,-15.8667,10.0,Villa Cisneros,2014,7,21.9,24.9,18.9,0.0
23.7,-15.8667,10.0,Villa Cisneros,2014,8,21.6,25.4,19.5,0.0
23.7,-15.8667,10.0,Villa Cisneros,2014,9,22.5,26.5,20.2,0.0
23.7,-15.8667,10.0,Villa Cisneros,2014,10,22.2,26.8,19.6,0.5
23.7,-15.8667,10.0,Villa Cisneros,2014,11,21.2,,,16.0
23.7,-15.8667,10.0,Villa Cisneros,2014,12,19.8,23.3,16.5,0.0
23.7,-15.8667,10.0,Villa Cisneros,2015,1,16.6,20.6,13.8,0.0
23.7,-15.8667,10.0,Villa Cisneros,2015,2,17.0,19.9,14.1,1.0
23.7,-15.8667,10.0,Villa Cisneros,2015,3,18.8,22.0,15.7,22.0
23.7,-15.8667,10.0,Villa Cisneros,2015,4,18.8,21.5,16.1,0.0
23.7,-15.8667,10.0,Villa Cisneros,2015,5,20.8,23.9,17.6,0.0
23.7,-15.8667,10.0,Villa Cisneros,2015,6,20.3,23.8,18.3,0.0
23.7,-15.8667,10.0,Villa Cisneros,2015,7,22.1,24.9,19.3,0.0
23.7,-15.8667,10.0,Villa Cisneros,2015,8,24.0,27.3,20.7,0.5
23.7,-15.8667,10.0,Villa Cisneros,2015,9,23.6,26.8,20.4,10.0
23.7,-15.8667,10.0,Villa Cisneros,2015,10,24.6,27.7,21.5,12.0
23.7,-15.8667,10.0,Villa Cisneros,2015,11,21.7,26.2,18.9,0.0
23.7,-15.8667,10.0,Villa Cisneros,2015,12,20.4,26.6,17.0,0.0
23.7,-15.8667,10.0,Villa Cisneros,2016,1,20.6,25.2,16.2,0.0
23.7,-15.8667,10.0,Villa Cisneros,2016,2,18.2,22.2,15.5,2.0
23.7,-15.8667,10.0,Villa Cisneros,2016,3,18.8,22.1,15.4,0.0
23.7,-15.8667,10.0,Villa Cisneros,2016,4,19.4,22.0,16.8,0.5
23.7,-15.8667,10.0,Villa Cisneros,2016,5,20.2,22.8,17.6,0.0
23.7,-15.8667,10.0,Villa Cisneros,2016,6,21.3,24.3,18.3,0.0
23.7,-15.8667,10.0,Villa Cisneros,2016,7,21.8,25.0,20.0,0.0
23.7,-15.8667,10.0,Villa Cisneros,2016,8,23.4,26.1,20.7,0.0
23.7,-15.8667,10.0,Villa Cisneros,2016,9,22.7,25.5,19.9,26.0
23.7,-15.8667,10.0,Villa Cisneros,2016,10,21.5,25.1,19.1,2.0
23.7,-15.8667,10.0,Villa Cisneros,2016,11,20.7,24.6,18.2,5.0
23.7,-15.8667,10.0,Villa Cisneros,2016,12,19.8,23.8,17.1,0.5
23.7,-15.8667,10.0,Villa Cisneros,2017,1,18.9,23.1,14.8,0.0
23.7,-15.8667,10.0,Villa Cisneros,2017,2,17.6,21.1,15.1,0.0
23.7,-15.8667,10.0,Villa Cisneros,2017,3,19.2,23.8,16.3,0.0
23.7,-15.8667,10.0,Villa Cisneros,2017,4,20.2,24.4,17.5,0.0
23.7,-15.8667,10.0,Villa Cisneros,2017,5,20.9,24.5,18.7,0.5
23.7,-15.8667,10.0,Villa Cisneros,2017,6,22.5,25.5,19.4,0.0
23.7,-15.8667,10.0,Villa Cisneros,2017,7,22.6,25.2,19.9,0.0
23.7,-15.8667,10.0,Villa Cisneros,2017,8,25.9,,,0.0
23.7,-15.8667,10.0,Villa Cisneros,2017,9,22.7,26.5,20.4,31.0
23.7,-15.8667,10.0,Villa Cisneros,2017,10,24.5,28.8,20.3,0.0
23.7,-15.8667,10.0,Villa Cisneros,2017,11,21.2,25.7,18.1,0.0
23.7,-15.8667,10.0,Villa Cisneros,2017,12,18.2,22.7,15.0,2.0
23.7,-15.8667,10.0,Villa Cisneros,2018,1,17.1,21.4,14.2,0.0
23.7,-15.8667,10.0,Villa Cisneros,2018,2,17.1,20.2,14.0,3.0
23.7,-15.8667,10.0,Villa Cisneros,2018,3,19.3,22.3,16.2,0.0
23.7,-15.8667,10.0,Villa Cisneros,2018,4,18.1,21.5,15.9,0.0
23.7,-15.8667,10.0,Villa Cisneros,2018,5,19.3,23.2,17.4,0.0
23.7,-15.8667,10.0,Villa Cisneros,2018,6,21.6,,,0.0
23.7,-15.8667,10.0,Villa Cisneros,2018,7,21.0,24.7,18.9,0.0
23.7,-15.8667,10.0,Villa Cisneros,2018,8,22.7,25.5,19.8,0.0
23.7,-15.8667,10.0,Villa Cisneros,2018,9,22.2,26.6,20.1,3.0
23.7,-15.8667,10.0,Villa Cisneros,2018,10,22.7,25.6,19.7,52.0
23.7,-15.8667,10.0,Villa Cisneros,2018,11,20.4,23.2,17.5,1.0
23.7,-15.8667,10.0,Villa Cisneros,2018,12,20.8,25.5,16.1,0.0
23.7,-15.8667,10.0,Villa Cisneros,2019,1,18.5,22.7,14.3,0.0
23.7,-15.8667,10.0,Villa Cisneros,2019,2,20.5,25.5,15.6,0.0
23.7,-15.8667,10.0,Villa Cisneros,2019,3,19.1,22.1,16.1,0.0
23.7,-15.8667,10.0,Villa Cisneros,2019,4,19.5,22.2,16.8,0.0
23.7,-15.8667,10.0,Villa Cisneros,2019,5,19.9,22.6,17.2,0.0
23.7,-15.8667,10.0,Villa Cisneros,2019,6,21.2,24.1,18.4,0.0
23.7,-15.8667,10.0,Villa Cisneros,2019,7,21.8,24.8,18.8,0.0
23.7,-15.8667,10.0,Villa Cisneros,2019,8,25.5,,,11.0
23.7,-15.8667,10.0,Villa Cisneros,2019,9,,26.2,19.9,0.0
23.7,-15.8667,10.0,Villa Cisneros,2019,10,23.1,26.8,19.5,6.0
23.7,-15.8667,10.0,Villa Cisneros,2019,11,19.6,22.4,16.8,0.0
23.7,-15.8667,10.0,Villa Cisneros,2019,12,19.9,24.1,15.6,0.0
23.7,-15.8667,10.0,Villa Cisneros,2020,1,18.5,22.8,14.2,0.0
23.7,-15.8667,10.0,Villa Cisneros,2020,2,21.1,25.5,16.7,0.0
23.7,-15.8667,10.0,Villa Cisneros,2020,3,19.7,23.1,16.3,0.0
23.7,-15.8667,10.0,Villa Cisneros,2020,4,20.2,23.2,17.2,0.0
23.7,-15.8667,10.0,Villa Cisneros,2020,5,20.8,24.0,17.6,0.0
23.7,-15.8667,10.0,Villa Cisneros,2020,6,23.2,26.6,19.8,5.0
23.7,-15.8667,10.0,Villa Cisneros,2020,7,22.6,25.4,19.9,0.5
23.7,-15.8667,10.0,Villa Cisneros,2020,8,23.2,26.4,20.0,0.0
23.7,-15.8667,10.0,Villa Cisneros,2020,9,23.9,27.2,20.6,0.0
23.7,-15.8667,10.0,Villa Cisneros,2020,10,23.0,26.6,19.5,15.0
23.7,-15.8667,10.0,Villa Cisneros,2020,11,22.6,26.8,18.3,0.0
23.7,-15.8667,10.0,Villa Cisneros,2020,12,19.1,22.4,15.7,0.0
23.7,-15.8667,10.0,Villa Cisneros,2021,1,18.5,22.2,14.8,0.0
23.7,-15.8667,10.0,Villa Cisneros,2021,2,18.4,21.8,15.0,0.5
23.7,-15.8667,10.0,Villa Cisneros,2021,3,19.1,22.0,15.5,0.5
23.7,-15.8667,10.0,Villa Cisneros,2021,4,20.0,23.1,17.0,0.0
23.7,-15.8667,10.0,Villa Cisneros,2021,5,20.5,23.4,17.7,0.0
23.7,-15.8667,10.0,Villa Cisneros,2021,6,21.5,24.6,18.3,0.0
23.7,-15.8667,10.0,Villa Cisneros,2021,7,21.8,24.4,19.1,0.0
23.7,-15.8667,10.0,Villa Cisneros,2021,8,23.3,26.5,20.2,0.0
23.7,-15.8667,10.0,Villa Cisneros,2021,9,23.9,27.1,20.8,0.5
23.7,-15.8667,10.0,Villa Cisneros,2021,10,22.2,25.6,18.8,0.0
23.7,-15.8667,10.0,Villa Cisneros,2021,11,21.2,24.5,17.9,0.0
23.7,-15.8667,10.0,Villa Cisneros,2021,12,19.6,23.9,15.2,0.0
23.7,-15.8667,10.0,Villa Cisneros,2022,1,19.4,23.3,15.6,3.0
23.7,-15.8667,10.0,Villa Cisneros,2022,2,20.0,23.7,16.3,0.0
23.7,-15.8667,10.0,Villa Cisneros,2022,3,18.3,21.3,15.4,0.0
23.7,-15.8667,10.0,Villa Cisneros,2022,4,19.4,22.1,16.7,0.0
23.7,-15.8667,10.0,Villa Cisneros,2022,5,20.8,23.7,17.8,0.0
23.7,-15.8667,10.0,Villa Cisneros,2022,6,21.6,24.7,18.6,1.0
23.7,-15.8667,10.0,Villa Cisneros,2022,7,22.6,25.5,19.7,0.0
23.7,-15.8667,10.0,Villa Cisneros,2022,8,21.3,26.0,20.5,8.0
23.7,-15.8667,10.0,Villa Cisneros,2022,9,23.7,26.5,20.9,28.0
23.7,-15.8667,10.0,Villa Cisneros,2022,10,21.9,25.9,19.5,0.0
23.7,-15.8667,10.0,Villa Cisneros,2022,11,20.7,25.8,17.7,0.0
23.7,-15.8667,10.0,Villa Cisneros,2022,12,20.9,24.5,17.2,29.0
23.7,-15.8667,10.0,Villa Cisneros,2023,1,18.9,22.7,15.1,0.0
23.7,-15.8667,10.0,Villa Cisneros,2023,2,17.9,21.0,14.8,2.0
23.7,-15.8667,10.0,Villa Cisneros,2023,3,21.0,24.7,17.3,0.0
23.7,-15.8667,10.0,Villa Cisneros,2023,4,20.9,23.8,18.0,0.0
23.7,-15.8667,10.0,Villa Cisneros,2023,5,21.2,24.4,18.1,8.0
23.7,-15.8667,10.0,Villa Cisneros,2023,6,23.3,26.2,20.3,8.0
23.7,-15.8667,10.0,Villa Cisneros,2023,7,23.7,26.7,20.7,0.0
23.7,-15.8667,10.0,Villa Cisneros,2023,8,24.7,28.2,21.1,0.0
23.7,-15.8667,10.0,Villa Cisneros,2023,9,24.1,27.2,20.9,0.0
23.7,-15.8667,10.0,Villa Cisneros,2023,10,25.5,30.2,20.8,0.0
23.7,-15.8667,10.0,Villa Cisneros,2023,11,21.3,27.4,18.5,0.5
23.7,-15.8667,10.0,Villa Cisneros,2023,12,19.2,21.4,17.0,1.0
23.7,-15.8667,10.0,Villa Cisneros,2024,1,21.3,26.0,16.5,1.0
23.7,-15.8667,10.0,Villa Cisneros,2024,2,19.8,25.3,16.9,0.5
23.7,-15.8667,10.0,Villa Cisneros,2024,3,18.9,22.0,15.8,2.0
23.7,-15.8667,10.0,Villa Cisneros,2024,4,21.5,25.4,17.5,1.0
23.7,-15.8667,10.0,Villa Cisneros,2024,5,20.8,23.9,17.6,0.0
23.7,-15.8667,10.0,Villa Cisneros,2024,6,21.6,24.5,18.6,0.5
23.7,-15.8667,10.0,Villa Cisneros,2024,7,21.8,24.6,18.9,0.0
23.7,-15.8667,10.0,Villa Cisneros,2024,8,23.1,26.1,20.1,1.0
23.7,-15.8667,10.0,Villa Cisneros,2024,9,21.2,25.9,19.8,0.5
23.7,-15.8667,10.0,Villa Cisneros,2024,10,22.7,26.2,19.3,0.5
23.7,-15.8667,10.0,Villa Cisneros,2024,11,21.1,23.1,19.4,3.0
23.7,-15.8667,10.0,Villa Cisneros,2024,12,,25.1,16.7,1.0
23.7,-15.8667,10.0,Villa Cisneros,2025,1,18.9,23.1,14.7,2.0
23.7,-15.8667,10.0,Villa Cisneros,2025,2,17.1,19.0,15.1,0.5
23.7,-15.8667,10.0,Villa Cisneros,2025,3,18.8,22.0,15.6,4.0
23.7,-15.8667,10.0,Villa Cisneros,2025,4,18.9,19.7,17.9,1.0
23.7,-15.8667,10.0,Villa Cisneros,2025,5,20.6,23.5,17.7,1.0
23.7,-15.8667,10.0,Villa Cisneros,2025,6,21.4,24.5,18.3,0.0
23.7,-15.8667,10.0,Villa Cisneros,2025,7,20.6,21.4,19.8,0.0
22.7833,5.5167,1378.0,Tamanrasset,1994,1,12.7,20.4,4.3,7.0
22.7833,5.5167,1378.0,Tamanrasset,1994,2,14.0,22.1,4.1,0.0
22.7833,5.5167,1378.0,Tamanrasset,1994,3,19.8,26.2,12.0,2.0
22.7833,5.5167,1378.0,Tamanrasset,1994,4,21.9,29.1,12.4,0.0
22.7833,5.5167,1378.0,Tamanrasset,1994,5,27.0,33.4,18.3,0.5
22.7833,5.5167,1378.0,Tamanrasset,1994,6,29.5,35.2,21.7,0.5
22.7833,5.5167,1378.0,Tamanrasset,1994,7,29.5,35.2,21.9,3.0
22.7833,5.5167,1378.0,Tamanrasset,1994,8,28.7,34.6,21.6,30.0
22.7833,5.5167,1378.0,Tamanrasset,1994,9,26.9,32.4,20.8,0.0
22.7833,5.5167,1378.0,Tamanrasset,1994,10,22.9,28.4,16.6,48.0
22.7833,5.5167,1378.0,Tamanrasset,1994,11,17.9,24.5,10.1,0.0
22.7833,5.5167,1378.0,Tamanrasset,1994,12,13.2,20.3,5.5,0.0
22.7833,5.5167,1378.0,Tamanrasset,1995,1,10.5,18.0,1.5,0.0
22.7833,5.5167,1378.0,Tamanrasset,1995,2,14.2,21.4,5.8,0.0
22.7833,5.5167,1378.0,Tamanrasset,1995,3,18.3,24.1,12.3,5.0
22.7833,5.5167,1378.0,Tamanrasset,1995,4,22.4,29.2,14.7,0.5
22.7833,5.5167,1378.0,Tamanrasset,1995,5,27.1,33.3,20.2,0.5
22.7833,5.5167,1378.0,Tamanrasset,1995,6,29.6,35.9,22.6,5.0
22.7833,5.5167,1378.0,Tamanrasset,1995,7,30.2,35.8,23.5,0.5
22.7833,5.5167,1378.0,Tamanrasset,1995,8,30.4,36.0,24.0,0.0
22.7833,5.5167,1378.0,Tamanrasset,1995,9,28.9,34.8,22.3,0.5
22.7833,5.5167,1378.0,Tamanrasset,1995,10,23.1,29.8,16.4,7.0
22.7833,5.5167,1378.0,Tamanrasset,1995,11,18.0,25.0,10.2,0.0
22.7833,5.5167,1378.0,Tamanrasset,1995,12,15.0,22.0,7.8,1.0
22.7833,5.5167,1378.0,Tamanrasset,1996,1,14.8,22.7,6.2,0.0
22.7833,5.5167,1378.0,Tamanrasset,1996,2,16.3,23.7,7.9,0.0
22.7833,5.5167,1378.0,Tamanrasset,1996,3,18.7,25.0,11.4,14.0
22.7833,5.5167,1378.0,Tamanrasset,1996,4,22.0,28.3,14.4,20.0
22.7833,5.5167,1378.0,Tamanrasset,1996,5,28.3,34.8,20.7,2.0
22.7833,5.5167,1378.0,Tamanrasset,1996,6,28.5,34.2,21.9,13.0
22.7833,5.5167,1378.0,Tamanrasset,1996,7,29.0,35.4,22.6,0.0
22.7833,5.5167,1378.0,Tamanrasset,1996,8,29.7,35.5,22.9,34.0
22.7833,5.5167,1378.0,Tamanrasset,1996,9,28.6,34.3,21.8,2.0
22.7833,5.5167,1378.0,Tamanrasset,1996,10,23.3,30.5,15.1,0.0
22.7833,5.5167,1378.0,Tamanrasset,1996,11,17.9,24.8,10.5,0.0
22.7833,5.5167,1378.0,Tamanrasset,1996,12,14.9,22.7,6.6,1.0
22.7833,5.5167,1378.0,Tamanrasset,1997,1,14.1,21.2,6.6,0.5
22.7833,5.5167,1378.0,Tamanrasset,1997,2,14.6,21.3,7.0,0.5
22.7833,5.5167,1378.0,Tamanrasset,1997,3,16.9,23.6,8.8,0.0
22.7833,5.5167,1378.0,Tamanrasset,1997,4,22.1,28.8,13.6,0.0
22.7833,5.5167,1378.0,Tamanrasset,1997,5,27.3,33.1,20.7,4.0
22.7833,5.5167,1378.0,Tamanrasset,1997,6,30.0,35.8,22.9,21.0
22.7833,5.5167,1378.0,Tamanrasset,1997,7,30.4,36.0,23.9,0.0
22.7833,5.5167,1378.0,Tamanrasset,1997,8,28.6,34.4,23.0,29.0
22.7833,5.5167,1378.0,Tamanrasset,1997,9,27.2,32.9,20.8,9.0
22.7833,5.5167,1378.0,Tamanrasset,1997,10,24.5,30.9,17.3,0.5
22.7833,5.5167,1378.0,Tamanrasset,1997,11,19.2,26.9,10.4,0.0
22.7833,5.5167,1378.0,Tamanrasset,1997,12,14.2,22.3,5.3,0.0
22.7833,5.5167,1378.0,Tamanrasset,1998,1,13.9,22.1,5.5,0.0
22.7833,5.5167,1378.0,Tamanrasset,1998,2,16.5,23.9,8.6,0.0
22.7833,5.5167,1378.0,Tamanrasset,1998,3,17.0,24.1,8.8,0.0
22.7833,5.5167,1378.0,Tamanrasset,1998,4,25.7,32.8,17.0,0.0
22.7833,5.5167,1378.0,Tamanrasset,1998,5,28.1,34.2,21.4,3.0
22.7833,5.5167,1378.0,Tamanrasset,1998,6,29.7,35.4,23.2,11.0
22.7833,5.5167,1378.0,Tamanrasset,1998,7,30.4,36.1,23.6,11.0
22.7833,5.5167,1378.0,Tamanrasset,1998,8,29.9,35.9,24.0,3.0
22.7833,5.5167,1378.0,Tamanrasset,1998,9,29.1,34.6,23.5,1.0
22.7833,5.5167,1378.0,Tamanrasset,1998,10,24.4,31.0,17.2,0.0
22.7833,5.5167,1378.0,Tamanrasset,1998,11,16.1,24.0,7.4,0.0
22.7833,5.5167,1378.0,Tamanrasset,1998,12,14.9,21.5,8.1,4.0
22.7833,5.5167,1378.0,Tamanrasset,1999,1,12.7,20.3,4.4,0.5
22.7833,5.5167,1378.0,Tamanrasset,1999,2,12.4,20.1,3.8,0.0
22.7833,5.5167,1378.0,Tamanrasset,1999,3,19.3,26.9,10.7,0.0
22.7833,5.5167,1378.0,Tamanrasset,1999,4,25.1,,,0.0
22.7833,5.5167,1378.0,Tamanrasset,1999,5,27.9,34.3,20.1,0.0
22.7833,5.5167,1378.0,Tamanrasset,1999,6,29.7,35.4,22.7,0.0
22.7833,5.5167,1378.0,Tamanrasset,1999,7,30.6,36.5,23.9,0.0
22.7833,5.5167,1378.0,Tamanrasset,1999,8,29.2,34.9,23.2,19.0
22.7833,5.5167,1378.0,Tamanrasset,1999,9,28.0,34.0,22.1,20.0
22.7833,5.5167,1378.0,Tamanrasset,1999,10,24.2,30.4,17.5,0.5
22.7833,5.5167,1378.0,Tamanrasset,1999,11,18.7,25.3,11.7,0.0
22.7833,5.5167,1378.0,Tamanrasset,1999,12,13.8,21.3,5.8,0.0
22.7833,5.5167,1378.0,Tamanrasset,2000,1,13.3,19.9,6.2,0.5
22.7833,5.5167,1378.0,Tamanrasset,2000,2,13.3,20.6,4.2,0.0
22.7833,5.5167,1378.0,Tamanrasset,2000,3,19.1,26.3,10.2,0.0
22.7833,5.5167,1378.0,Tamanrasset,2000,4,25.9,33.0,16.9,0.0
22.7833,5.5167,1378.0,Tamanrasset,2000,5,28.4,34.7,20.7,0.5
22.7833,5.5167,1378.0,Tamanrasset,2000,6,28.9,34.4,21.8,9.0
22.7833,5.5167,1378.0,Tamanrasset,2000,7,29.5,35.4,22.5,8.0
22.7833,5.5167,1378.0,Tamanrasset,2000,8,28.8,34.4,22.3,0.5
22.7833,5.5167,1378.0,Tamanrasset,2000,9,27.5,33.6,19.6,9.0
22.7833,5.5167,1378.0,Tamanrasset,2000,10,23.5,29.4,16.9,1.0
22.7833,5.5167,1378.0,Tamanrasset,2000,11,18.1,25.3,9.8,0.0
22.7833,5.5167,1378.0,Tamanrasset,2000,12,14.4,22.5,5.5,0.0
22.7833,5.5167,1378.0,Tamanrasset,2001,1,13.6,22.4,3.5,0.0
22.7833,5.5167,1378.0,Tamanrasset,2001,2,14.4,22.5,4.6,0.0
22.7833,5.5167,1378.0,Tamanrasset,2001,3,21.0,28.6,11.3,0.0
22.7833,5.5167,1378.0,Tamanrasset,2001,4,22.7,30.2,13.4,0.0
22.7833,5.5167,1378.0,Tamanrasset,2001,5,27.6,34.1,19.2,0.0
22.7833,5.5167,1378.0,Tamanrasset,2001,6,30.0,35.9,22.5,0.0
22.7833,5.5167,1378.0,Tamanrasset,2001,7,30.4,36.3,23.0,0.0
22.7833,5.5167,1378.0,Tamanrasset,2001,8,29.4,35.0,23.1,7.0
22.7833,5.5167,1378.0,Tamanrasset,2001,9,28.9,35.1,21.8,0.5
22.7833,5.5167,1378.0,Tamanrasset,2001,10,23.1,28.6,16.1,0.0
22.7833,5.5167,1378.0,Tamanrasset,2001,11,18.3,25.6,9.9,0.0
22.7833,5.5167,1378.0,Tamanrasset,2001,12,15.3,22.7,7.3,0.0
22.7833,5.5167,1378.0,Tamanrasset,2002,1,12.7,20.1,4.8,0.0
22.7833,5.5167,1378.0,Tamanrasset,2002,2,14.9,22.5,6.3,0.0
22.7833,5.5167,1378.0,Tamanrasset,2002,3,19.6,26.7,11.7,0.0
22.7833,5.5167,1378.0,Tamanrasset,2002,4,23.3,30.3,16.0,0.5
22.7833,5.5167,1378.0,Tamanrasset,2002,5,28.4,34.5,21.6,2.0
22.7833,5.5167,1378.0,Tamanrasset,2002,6,30.1,35.8,23.0,0.0
22.7833,5.5167,1378.0,Tamanrasset,2002,7,30.8,36.9,23.7,3.0
22.7833,5.5167,1378.0,Tamanrasset,2002,8,30.2,36.1,24.0,32.0
22.7833,5.5167,1378.0,Tamanrasset,2002,9,29.1,34.9,22.6,1.0
22.7833,5.5167,1378.0,Tamanrasset,2002,10,22.0,27.6,16.4,80.0
22.7833,5.5167,1378.0,Tamanrasset,2002,11,17.9,24.9,10.1,0.0
22.7833,5.5167,1378.0,Tamanrasset,2002,12,15.8,22.8,8.1,0.0
22.7833,5.5167,1378.0,Tamanrasset,2003,1,14.2,21.3,6.7,0.5
22.7833,5.5167,1378.0,Tamanrasset,2003,2,15.5,22.8,7.0,0.0
22.7833,5.5167,1378.0,Tamanrasset,2003,3,18.7,25.9,10.1,0.0
22.7833,5.5167,1378.0,Tamanrasset,2003,4,24.0,31.0,16.2,0.0
22.7833,5.5167,1378.0,Tamanrasset,2003,5,27.9,34.5,19.9,0.0
22.7833,5.5167,1378.0,Tamanrasset,2003,6,28.8,34.9,22.5,15.0
22.7833,5.5167,1378.0,Tamanrasset,2003,7,30.6,35.8,24.2,1.0
22.7833,5.5167,1378.0,Tamanrasset,2003,8,29.0,34.4,22.6,27.0
22.7833,5.5167,1378.0,Tamanrasset,2003,9,28.4,33.9,22.1,2.0
22.7833,5.5167,1378.0,Tamanrasset,2003,10,24.7,30.8,17.6,1.0
22.7833,5.5167,1378.0,Tamanrasset,2003,11,19.4,26.3,11.6,2.0
22.7833,5.5167,1378.0,Tamanrasset,2003,12,14.0,21.2,5.9,0.0
22.7833,5.5167,1378.0,Tamanrasset,2004,1,13.1,20.1,5.3,1.0
22.7833,5.5167,1378.0,Tamanrasset,2004,2,16.6,23.6,8.3,0.0
22.7833,5.5167,1378.0,Tamanrasset,2004,3,19.1,25.8,11.3,0.0
22.7833,5.5167,1378.0,Tamanrasset,2004,4,24.7,31.3,17.1,0.0
22.7833,5.5167,1378.0,Tamanrasset,2004,5,27.2,33.8,19.1,0.0
22.7833,5.5167,1378.0,Tamanrasset,2004,6,28.9,34.9,22.5,2.0
22.7833,5.5167,1378.0,Tamanrasset,2004,7,29.0,34.9,22.5,12.0
22.7833,5.5167,1378.0,Tamanrasset,2004,8,29.9,35.6,23.3,6.0
22.7833,5.5167,1378.0,Tamanrasset,2004,9,27.4,33.4,20.1,0.0
22.7833,5.5167,1378.0,Tamanrasset,2004,10,24.0,30.2,16.9,0.0
22.7833,5.5167,1378.0,Tamanrasset,2004,11,18.1,25.4,10.5,0.0
22.7833,5.5167,1378.0,Tamanrasset,2004,12,15.7,22.8,8.6,0.5
22.7833,5.5167,1378.0,Tamanrasset,2005,1,11.9,19.0,4.4,4.0
22.7833,5.5167,1378.0,Tamanrasset,2005,2,15.3,21.9,8.3,17.0
22.7833,5.5167,1378.0,Tamanrasset,2005,3,20.1,26.6,13.5,34.0
22.7833,5.5167,1378.0,Tamanrasset,2005,4,25.2,32.3,17.6,0.0
22.7833,5.5167,1378.0,Tamanrasset,2005,5,28.5,34.8,21.2,0.5
22.7833,5.5167,1378.0,Tamanrasset,2005,6,28.5,34.6,22.4,68.0
22.7833,5.5167,1378.0,Tamanrasset,2005,7,30.5,36.5,23.9,0.0
22.7833,5.5167,1378.0,Tamanrasset,2005,8,29.6,35.7,23.0,4.0
22.7833,5.5167,1378.0,Tamanrasset,2005,9,27.9,34.3,21.7,11.0
22.7833,5.5167,1378.0,Tamanrasset,2005,10,24.5,30.5,18.0,32.0
22.7833,5.5167,1378.0,Tamanrasset,2005,11,18.6,25.6,11.7,0.0
22.7833,5.5167,1378.0,Tamanrasset,2005,12,14.3,21.8,6.5,0.0
22.7833,5.5167,1378.0,Tamanrasset,2006,1,12.6,20.1,4.8,1.0
22.7833,5.5167,1378.0,Tamanrasset,2006,2,16.0,23.5,8.0,4.0
22.7833,5.5167,1378.0,Tamanrasset,2006,3,20.0,28.1,11.1,0.0
22.7833,5.5167,1378.0,Tamanrasset,2006,4,24.7,32.1,16.8,0.0
22.7833,5.5167,1378.0,Tamanrasset,2006,5,27.6,34.4,20.3,0.0
22.7833,5.5167,1378.0,Tamanrasset,2006,6,29.5,35.7,22.8,3.0
22.7833,5.5167,1378.0,Tamanrasset,2006,7,29.7,35.9,23.1,27.0
22.7833,5.5167,1378.0,Tamanrasset,2006,8,30.0,36.3,23.5,2.0
22.7833,5.5167,1378.0,Tamanrasset,2006,9,27.4,34.2,21.4,11.0
22.7833,5.5167,1378.0,Tamanrasset,2006,10,23.7,30.2,17.4,12.0
22.7833,5.5167,1378.0,Tamanrasset,2006,11,16.9,23.9,10.1,0.0
22.7833,5.5167,1378.0,Tamanrasset,2006,12,13.7,21.2,6.3,0.0
22.7833,5.5167,1378.0,Tamanrasset,2007,1,14.3,22.5,6.2,0.0
22.7833,5.5167,1378.0,Tamanrasset,2007,2,16.1,23.8,7.6,0.0
22.7833,5.5167,1378.0,Tamanrasset,2007,3,18.8,25.9,11.5,0.0
22.7833,5.5167,1378.0,Tamanrasset,2007,4,23.8,31.3,15.4,2.0
22.7833,5.5167,1378.0,Tamanrasset,2007,5,27.0,34.1,19.2,2.0
22.7833,5.5167,1378.0,Tamanrasset,2007,6,30.5,36.9,22.9,0.5
22.7833,5.5167,1378.0,Tamanrasset,2007,7,29.8,35.8,23.5,11.0
22.7833,5.5167,1378.0,Tamanrasset,2007,8,28.8,35.3,22.6,24.0
22.7833,5.5167,1378.0,Tamanrasset,2007,9,27.4,33.7,21.1,1.0
22.7833,5.5167,1378.0,Tamanrasset,2007,10,23.5,31.0,15.4,0.0
22.7833,5.5167,1378.0,Tamanrasset,2007,11,18.1,25.9,10.0,0.0
22.7833,5.5167,1378.0,Tamanrasset,2007,12,14.2,21.2,7.6,8.0
22.7833,5.5167,1378.0,Tamanrasset,2008,1,10.2,17.9,2.2,0.0
22.7833,5.5167,1378.0,Tamanrasset,2008,2,14.9,22.6,7.0,0.0
22.7833,5.5167,1378.0,Tamanrasset,2008,3,19.0,27.0,10.0,0.0
22.7833,5.5167,1378.0,Tamanrasset,2008,4,23.8,31.0,15.8,0.0
22.7833,5.5167,1378.0,Tamanrasset,2008,5,27.5,34.2,19.9,0.5
22.7833,5.5167,1378.0,Tamanrasset,2008,6,30.5,36.8,23.4,6.0
22.7833,5.5167,1378.0,Tamanrasset,2008,7,30.3,36.3,23.6,0.5
22.7833,5.5167,1378.0,Tamanrasset,2008,8,28.9,35.2,22.3,15.0
22.7833,5.5167,1378.0,Tamanrasset,2008,9,28.7,34.9,22.4,1.0
22.7833,5.5167,1378.0,Tamanrasset,2008,10,24.1,30.4,17.8,0.5
22.7833,5.5167,1378.0,Tamanrasset,2008,11,18.2,25.8,10.9,0.0
22.7833,5.5167,1378.0,Tamanrasset,2008,12,13.9,21.8,6.1,0.0
22.7833,5.5167,1378.0,Tamanrasset,2009,1,13.1,20.3,6.0,2.0
22.7833,5.5167,1378.0,Tamanrasset,2009,2,16.9,24.5,9.3,0.0
22.7833,5.5167,1378.0,Tamanrasset,2009,3,20.6,27.6,13.2,0.5
22.7833,5.5167,1378.0,Tamanrasset,2009,4,23.0,30.4,14.6,0.0
22.7833,5.5167,1378.0,Tamanrasset,2009,5,26.7,33.6,18.8,0.0
22.7833,5.5167,1378.0,Tamanrasset,2009,6,29.5,35.9,23.3,2.0
22.7833,5.5167,1378.0,Tamanrasset,2009,7,30.1,36.3,23.7,6.0
22.7833,5.5167,1378.0,Tamanrasset,2009,8,29.0,35.1,23.0,11.0
22.7833,5.5167,1378.0,Tamanrasset,2009,9,27.7,33.9,21.7,14.0
22.7833,5.5167,1378.0,Tamanrasset,2009,10,24.6,31.1,17.8,0.5
22.7833,5.5167,1378.0,Tamanrasset,2009,11,17.8,25.4,10.6,0.0
22.7833,5.5167,1378.0,Tamanrasset,2009,12,16.2,24.4,8.3,0.0
22.7833,5.5167,1378.0,Tamanrasset,2010,1,14.5,23.7,5.2,0.0
22.7833,5.5167,1378.0,Tamanrasset,2010,2,19.0,26.9,10.4,0.0
22.7833,5.5167,1378.0,Tamanrasset,2010,3,21.5,29.1,13.7,0.0
22.7833,5.5167,1378.0,Tamanrasset,2010,4,26.3,33.0,19.1,0.0
22.7833,5.5167,1378.0,Tamanrasset,2010,5,28.9,35.1,21.5,0.0
22.7833,5.5167,1378.0,Tamanrasset,2010,6,30.6,36.4,24.5,22.0
22.7833,5.5167,1378.0,Tamanrasset,2010,7,29.8,36.2,23.6,25.0
22.7833,5.5167,1378.0,Tamanrasset,2010,8,29.3,35.8,23.4,11.0
22.7833,5.5167,1378.0,Tamanrasset,2010,9,27.9,34.4,22.0,17.0
22.7833,5.5167,1378.0,Tamanrasset,2010,10,25.6,31.8,19.5,0.5
22.7833,5.5167,1378.0,Tamanrasset,2010,11,20.0,27.0,12.9,3.0
22.7833,5.5167,1378.0,Tamanrasset,2010,12,16.2,24.8,7.8,0.0
22.7833,5.5167,1378.0,Tamanrasset,2011,1,14.2,22.1,6.6,0.0
22.7833,5.5167,1378.0,Tamanrasset,2011,2,15.2,22.8,7.7,0.0
22.7833,5.5167,1378.0,Tamanrasset,2011,3,22.3,29.0,15.2,0.0
22.7833,5.5167,1378.0,Tamanrasset,2011,4,23.7,30.9,15.7,0.5
22.7833,5.5167,1378.0,Tamanrasset,2011,5,27.9,34.4,20.3,2.0
22.7833,5.5167,1378.0,Tamanrasset,2011,6,30.2,36.2,23.6,3.0
22.7833,5.5167,1378.0,Tamanrasset,2011,7,30.1,36.4,23.6,22.0
22.7833,5.5167,1378.0,Tamanrasset,2011,8,29.3,35.8,22.9,12.0
22.7833,5.5167,1378.0,Tamanrasset,2011,9,28.2,34.3,21.6,0.0
22.7833,5.5167,1378.0,Tamanrasset,2011,10,22.7,28.6,17.0,47.0
22.7833,5.5167,1378.0,Tamanrasset,2011,11,19.0,26.3,11.4,0.0
22.7833,5.5167,1378.0,Tamanrasset,2011,12,13.0,20.3,6.5,0.0
22.7833,5.5167,1378.0,Tamanrasset,2012,1,11.4,19.5,3.4,0.0
22.7833,5.5167,1378.0,Tamanrasset,2012,2,14.6,21.9,7.4,0.0
22.7833,5.5167,1378.0,Tamanrasset,2012,3,17.5,24.8,9.7,0.0
22.7833,5.5167,1378.0,Tamanrasset,2012,4,24.2,31.1,16.4,0.0
22.7833,5.5167,1378.0,Tamanrasset,2012,5,28.4,34.9,20.7,0.0
22.7833,5.5167,1378.0,Tamanrasset,2012,6,30.1,36.3,23.7,1.0
22.7833,5.5167,1378.0,Tamanrasset,2012,7,30.2,36.1,23.7,0.5
22.7833,5.5167,1378.0,Tamanrasset,2012,8,28.3,34.7,22.7,8.0
22.7833,5.5167,1378.0,Tamanrasset,2012,9,27.8,34.1,21.8,3.0
22.7833,5.5167,1378.0,Tamanrasset,2012,10,23.5,30.4,16.4,2.0
22.7833,5.5167,1378.0,Tamanrasset,2012,11,19.5,26.4,12.9,4.0
22.7833,5.5167,1378.0,Tamanrasset,2012,12,15.1,22.4,8.4,0.0
22.7833,5.5167,1378.0,Tamanrasset,2013,1,11.9,20.2,3.3,0.0
22.7833,5.5167,1378.0,Tamanrasset,2013,2,14.6,22.9,5.7,0.0
22.7833,5.5167,1378.0,Tamanrasset,2013,3,21.6,29.6,12.4,0.0
22.7833,5.5167,1378.0,Tamanrasset,2013,4,23.8,31.1,15.5,0.5
22.7833,5.5167,1378.0,Tamanrasset,2013,5,28.3,35.0,20.4,4.0
22.7833,5.5167,1378.0,Tamanrasset,2013,6,31.0,37.2,23.4,0.0
22.7833,5.5167,1378.0,Tamanrasset,2013,7,30.4,36.3,23.9,0.0
22.7833,5.5167,1378.0,Tamanrasset,2013,8,28.9,34.9,23.1,12.0
22.7833,5.5167,1378.0,Tamanrasset,2013,9,27.6,34.2,20.8,13.0
22.7833,5.5167,1378.0,Tamanrasset,2013,10,23.4,30.2,16.2,0.0
22.7833,5.5167,1378.0,Tamanrasset,2013,11,17.7,25.2,10.1,0.0
22.7833,5.5167,1378.0,Tamanrasset,2013,12,13.2,20.8,6.1,0.0
22.7833,5.5167,1378.0,Tamanrasset,2014,1,13.9,21.3,6.6,2.0
22.7833,5.5167,1378.0,Tamanrasset,2014,2,15.2,22.7,7.5,0.0
22.7833,5.5167,1378.0,Tamanrasset,2014,3,18.5,25.9,10.2,0.0
22.7833,5.5167,1378.0,Tamanrasset,2014,4,24.8,32.6,16.0,0.0
22.7833,5.5167,1378.0,Tamanrasset,2014,5,27.6,33.7,20.5,15.0
22.7833,5.5167,1378.0,Tamanrasset,2014,6,30.9,37.0,23.8,0.0
22.7833,5.5167,1378.0,Tamanrasset,2014,7,31.0,36.9,24.1,4.0
22.7833,5.5167,1378.0,Tamanrasset,2014,8,29.3,35.8,23.3,44.0
22.7833,5.5167,1378.0,Tamanrasset,2014,9,28.4,34.7,22.0,0.5
22.7833,5.5167,1378.0,Tamanrasset,2014,10,23.1,29.6,16.0,0.0
22.7833,5.5167,1378.0,Tamanrasset,2014,11,19.0,26.2,12.2,0.0
22.7833,5.5167,1378.0,Tamanrasset,2014,12,12.7,20.2,5.5,0.0
22.7833,5.5167,1378.0,Tamanrasset,2015,1,12.1,20.2,4.5,0.0
22.7833,5.5167,1378.0,Tamanrasset,2015,2,15.3,22.5,7.7,5.0
22.7833,5.5167,1378.0,Tamanrasset,2015,3,17.0,23.5,10.4,47.0
22.7833,5.5167,1378.0,Tamanrasset,2015,4,23.3,30.9,15.1,0.0
22.7833,5.5167,1378.0,Tamanrasset,2015,5,28.7,35.6,20.3,0.0
22.7833,5.5167,1378.0,Tamanrasset,2015,6,30.6,37.4,22.7,0.0
22.7833,5.5167,1378.0,Tamanrasset,2015,7,29.1,35.6,23.2,13.0
22.7833,5.5167,1378.0,Tamanrasset,2015,8,29.4,36.5,23.4,27.0
22.7833,5.5167,1378.0,Tamanrasset,2015,9,27.8,34.8,21.4,31.0
22.7833,5.5167,1378.0,Tamanrasset,2015,10,25.1,31.9,18.2,5.0
22.7833,5.5167,1378.0,Tamanrasset,2015,11,17.7,24.5,10.9,0.0
22.7833,5.5167,1378.0,Tamanrasset,2015,12,13.5,21.2,6.9,0.0
22.7833,5.5167,1378.0,Tamanrasset,2016,1,14.8,22.9,7.4,0.0
22.7833,5.5167,1378.0,Tamanrasset,2016,2,16.9,25.2,8.5,0.0
22.7833,5.5167,1378.0,Tamanrasset,2016,3,17.5,25.6,8.9,0.0
22.7833,5.5167,1378.0,Tamanrasset,2016,4,26.0,33.4,17.6,0.0
22.7833,5.5167,1378.0,Tamanrasset,2016,5,29.4,35.9,22.5,2.0
22.7833,5.5167,1378.0,Tamanrasset,2016,6,31.0,37.4,24.7,13.0
22.7833,5.5167,1378.0,Tamanrasset,2016,7,30.1,36.4,24.0,47.0
22.7833,5.5167,1378.0,Tamanrasset,2016,8,28.7,35.6,22.5,36.0
22.7833,5.5167,1378.0,Tamanrasset,2016,9,28.2,35.0,21.3,0.5
22.7833,5.5167,1378.0,Tamanrasset,2016,10,23.9,30.7,17.1,0.5
22.7833,5.5167,1378.0,Tamanrasset,2016,11,18.7,26.0,11.8,0.0
22.7833,5.5167,1378.0,Tamanrasset,2016,12,15.5,21.8,9.6,0.5
22.7833,5.5167,1378.0,Tamanrasset,2017,1,10.8,19.0,2.2,0.0
22.7833,5.5167,1378.0,Tamanrasset,2017,2,16.8,24.1,9.4,0.0
22.7833,5.5167,1378.0,Tamanrasset,2017,3,20.4,27.7,12.5,0.0
22.7833,5.5167,1378.0,Tamanrasset,2017,4,23.6,30.9,15.4,0.0
22.7833,5.5167,1378.0,Tamanrasset,2017,5,29.3,35.6,22.5,4.0
22.7833,5.5167,1378.0,Tamanrasset,2017,6,28.6,35.2,22.7,6.0
22.7833,5.5167,1378.0,Tamanrasset,2017,7,30.6,37.1,23.7,0.5
22.7833,5.5167,1378.0,Tamanrasset,2017,8,29.3,35.9,23.1,28.0
22.7833,5.5167,1378.0,Tamanrasset,2017,9,28.2,35.5,21.1,4.0
22.7833,5.5167,1378.0,Tamanrasset,2017,10,23.4,30.8,15.6,0.0
22.7833,5.5167,1378.0,Tamanrasset,2017,11,17.5,25.4,9.8,0.0
22.7833,5.5167,1378.0,Tamanrasset,2017,12,13.8,21.4,6.6,2.0
22.7833,5.5167,1378.0,Tamanrasset,2018,1,14.2,22.1,6.3,0.0
22.7833,5.5167,1378.0,Tamanrasset,2018,2,15.0,21.8,8.1,0.5
22.7833,5.5167,1378.0,Tamanrasset,2018,3,19.8,28.4,10.3,0.0
22.7833,5.5167,1378.0,Tamanrasset,2018,4,24.1,31.8,15.5,0.5
22.7833,5.5167,1378.0,Tamanrasset,2018,5,28.3,35.0,20.5,0.0
22.7833,5.5167,1378.0,Tamanrasset,2018,6,31.6,37.9,24.4,0.0
22.7833,5.5167,1378.0,Tamanrasset,2018,7,30.9,37.6,23.9,0.5
22.7833,5.5167,1378.0,Tamanrasset,2018,8,27.5,35.1,22.1,47.0
22.7833,5.5167,1378.0,Tamanrasset,2018,9,27.3,33.8,21.5,11.0
22.7833,5.5167,1378.0,Tamanrasset,2018,10,24.1,31.3,16.9,0.5
22.7833,5.5167,1378.0,Tamanrasset,2018,11,19.9,27.3,12.2,0.0
22.7833,5.5167,1378.0,Tamanrasset,2018,12,14.1,21.9,6.6,0.0
22.7833,5.5167,1378.0,Tamanrasset,2019,1,11.3,19.5,2.5,0.0
22.7833,5.5167,1378.0,Tamanrasset,2019,2,13.2,21.3,4.6,0.0
22.7833,5.5167,1378.0,Tamanrasset,2019,3,18.8,25.7,11.5,0.0
22.7833,5.5167,1378.0,Tamanrasset,2019,4,22.9,29.9,14.9,0.0
22.7833,5.5167,1378.0,Tamanrasset,2019,5,27.8,34.6,19.9,0.5
22.7833,5.5167,1378.0,Tamanrasset,2019,6,30.6,37.1,23.3,2.0
22.7833,5.5167,1378.0,Tamanrasset,2019,7,30.7,37.4,24.2,7.0
22.7833,5.5167,1378.0,Tamanrasset,2019,8,29.2,36.2,23.3,9.0
22.7833,5.5167,1378.0,Tamanrasset,2019,9,28.5,35.1,22.1,4.0
22.7833,5.5167,1378.0,Tamanrasset,2019,10,24.3,31.3,17.1,7.0
22.7833,5.5167,1378.0,Tamanrasset,2019,11,18.4,26.2,10.3,2.0
22.7833,5.5167,1378.0,Tamanrasset,2019,12,15.6,23.9,7.9,0.0
22.7833,5.5167,1378.0,Tamanrasset,2020,1,13.7,21.3,6.1,0.0
22.7833,5.5167,1378.0,Tamanrasset,2020,2,17.3,25.1,9.5,0.0
22.7833,5.5167,1378.0,Tamanrasset,2020,3,20.1,27.4,12.1,0.0
22.7833,5.5167,1378.0,Tamanrasset,2020,4,26.0,33.1,18.2,0.0
22.7833,5.5167,1378.0,Tamanrasset,2020,5,28.3,35.1,20.6,0.5
22.7833,5.5167,1378.0,Tamanrasset,2020,6,31.7,38.3,24.8,0.0
22.7833,5.5167,1378.0,Tamanrasset,2020,7,30.5,36.8,23.8,13.0
22.7833,5.5167,1378.0,Tamanrasset,2020,8,29.4,36.0,23.7,50.0
22.7833,5.5167,1378.0,Tamanrasset,2020,9,28.4,35.3,21.8,5.0
22.7833,5.5167,1378.0,Tamanrasset,2020,10,25.1,32.2,18.0,2.0
22.7833,5.5167,1378.0,Tamanrasset,2020,11,16.9,23.9,9.9,0.0
22.7833,5.5167,1378.0,Tamanrasset,2020,12,15.2,22.7,8.0,0.0
22.7833,5.5167,1378.0,Tamanrasset,2021,1,15.5,23.9,7.1,0.5
22.7833,5.5167,1378.0,Tamanrasset,2021,2,16.0,23.7,8.6,0.0
22.7833,5.5167,1378.0,Tamanrasset,2021,3,18.8,26.4,12.2,4.0
22.7833,5.5167,1378.0,Tamanrasset,2021,4,24.9,32.8,15.9,2.0
22.7833,5.5167,1378.0,Tamanrasset,2021,5,30.2,37.3,21.7,0.0
22.7833,5.5167,1378.0,Tamanrasset,2021,6,31.0,37.8,23.6,0.0
22.7833,5.5167,1378.0,Tamanrasset,2021,7,31.1,37.6,24.6,5.0
22.7833,5.5167,1378.0,Tamanrasset,2021,8,30.5,36.4,25.0,0.5
22.7833,5.5167,1378.0,Tamanrasset,2021,9,28.3,34.8,21.7,0.5
22.7833,5.5167,1378.0,Tamanrasset,2021,10,24.3,31.8,16.5,0.0
22.7833,5.5167,1378.0,Tamanrasset,2021,11,19.7,27.6,12.2,0.0
22.7833,5.5167,1378.0,Tamanrasset,2021,12,15.5,23.9,7.4,0.0
22.7833,5.5167,1378.0,Tamanrasset,2022,1,11.9,19.9,4.2,0.0
22.7833,5.5167,1378.0,Tamanrasset,2022,2,16.4,24.5,8.4,0.0
22.7833,5.5167,1378.0,Tamanrasset,2022,3,20.1,27.6,12.7,0.0
22.7833,5.5167,1378.0,Tamanrasset,2022,4,23.9,32.1,14.5,0.0
22.7833,5.5167,1378.0,Tamanrasset,2022,5,26.3,33.6,18.8,8.0
22.7833,5.5167,1378.0,Tamanrasset,2022,6,29.3,36.1,22.3,3.0
22.7833,5.5167,1378.0,Tamanrasset,2022,7,30.2,36.4,23.7,7.0
22.7833,5.5167,1378.0,Tamanrasset,2022,8,29.8,36.4,23.3,5.0
22.7833,5.5167,1378.0,Tamanrasset,2022,9,28.5,35.6,22.2,0.0
22.7833,5.5167,1378.0,Tamanrasset,2022,10,23.4,30.3,16.7,0.0
22.7833,5.5167,1378.0,Tamanrasset,2022,11,17.2,25.3,9.4,0.0
22.7833,5.5167,1378.0,Tamanrasset,2022,12,16.1,24.1,8.9,0.5
22.7833,5.5167,1378.0,Tamanrasset,2023,1,12.8,21.3,4.7,0.0
22.7833,5.5167,1378.0,Tamanrasset,2023,2,16.5,24.4,8.5,0.0
22.7833,5.5167,1378.0,Tamanrasset,2023,3,20.8,28.7,12.8,0.0
22.7833,5.5167,1378.0,Tamanrasset,2023,4,23.8,30.9,16.0,0.0
22.7833,5.5167,1378.0,Tamanrasset,2023,5,27.2,34.3,19.2,0.0
22.7833,5.5167,1378.0,Tamanrasset,2023,6,29.9,37.1,22.3,7.0
22.7833,5.5167,1378.0,Tamanrasset,2023,7,31.6,37.8,24.5,0.5
22.7833,5.5167,1378.0,Tamanrasset,2023,8,29.9,36.6,24.0,44.0
22.7833,5.5167,1378.0,Tamanrasset,2023,9,28.8,35.6,22.5,3.0
22.7833,5.5167,1378.0,Tamanrasset,2023,10,24.3,31.3,17.7,6.0
22.7833,5.5167,1378.0,Tamanrasset,2023,11,18.9,27.0,11.3,0.0
22.7833,5.5167,1378.0,Tamanrasset,2023,12,15.0,24.3,5.9,0.0
22.7833,5.5167,1378.0,Tamanrasset,2024,1,15.4,24.5,6.7,0.0
22.7833,5.5167,1378.0,Tamanrasset,2024,2,16.1,24.7,7.2,0.0
22.7833,5.5167,1378.0,Tamanrasset,2024,3,20.3,29.0,11.2,0.0
22.7833,5.5167,1378.0,Tamanrasset,2024,4,24.9,32.4,16.5,0.0
22.7833,5.5167,1378.0,Tamanrasset,2024,5,30.0,37.0,22.2,0.0
22.7833,5.5167,1378.0,Tamanrasset,2024,6,32.1,38.9,24.9,0.5
22.7833,5.5167,1378.0,Tamanrasset,2024,7,31.7,38.1,25.1,14.0
22.7833,5.5167,1378.0,Tamanrasset,2024,8,29.9,36.3,24.0,32.0
22.7833,5.5167,1378.0,Tamanrasset,2024,9,26.9,33.6,21.7,99.0
22.7833,5.5167,1378.0,Tamanrasset,2024,10,25.4,32.3,18.8,0.5
22.7833,5.5167,1378.0,Tamanrasset,2024,11,18.1,25.7,10.8,0.0
22.7833,5.5167,1378.0,Tamanrasset,2024,12,14.0,23.0,5.6,0.0
22.7833,5.5167,1378.0,Tamanrasset,2025,1,13.7,22.5,5.4,0.0
22.7833,5.5167,1378.0,Tamanrasset,2025,2,15.6,23.5,7.8,0.0
22.7833,5.5167,1378.0,Tamanrasset,2025,3,22.8,30.2,15.6,0.5
22.7833,5.5167,1378.0,Tamanrasset,2025,4,24.9,32.7,16.0,0.0
22.7833,5.5167,1378.0,Tamanrasset,2025,5,29.4,36.4,21.8,2.0
22.7833,5.5167,1378.0,Tamanrasset,2025,6,29.2,36.0,23.5,10.0
22.7833,5.5167,1378.0,Tamanrasset,2025,7,31.2,36.1,25.9,6.2
22.7833,5.5167,1378.0,Tamanrasset,2025,8,29.6,34.8,25.1,
21.3333,0.95,398.0,Bordji B. Mokhtar,1994,1,14.9,,,0.0
21.3333,0.95,398.0,Bordji B. Mokhtar,1994,2,18.7,,,0.0
21.3333,0.95,398.0,Bordji B. Mokhtar,1994,3,24.1,,,0.0
21.3333,0.95,398.0,Bordji B. Mokhtar,1994,4,27.1,,,0.0
21.3333,0.95,398.0,Bordji B. Mokhtar,1994,5,33.2,,,2.0
21.3333,0.95,398.0,Bordji B. Mokhtar,1994,6,35.9,,,0.0
21.3333,0.95,398.0,Bordji B. Mokhtar,1994,7,35.7,,,0.5
21.3333,0.95,398.0,Bordji B. Mokhtar,1994,8,34.6,,,10.0
21.3333,0.95,398.0,Bordji B. Mokhtar,1994,9,31.6,,,13.0
21.3333,0.95,398.0,Bordji B. Mokhtar,1994,10,29.3,,,19.0
21.3333,0.95,398.0,Bordji B. Mokhtar,1994,11,23.1,,,
21.3333,0.95,398.0,Bordji B. Mokhtar,1994,12,16.7,,,0.0
21.3333,0.95,398.0,Bordji B. Mokhtar,1995,1,13.7,23.3,4.6,0.0
21.3333,0.95,398.0,Bordji B. Mokhtar,1995,2,19.0,27.9,9.8,0.0
21.3333,0.95,398.0,Bordji B. Mokhtar,1995,3,23.3,,15.4,10.0
21.3333,0.95,398.0,Bordji B. Mokhtar,1995,4,28.8,36.3,20.3,1.0
21.3333,0.95,398.0,Bordji B. Mokhtar,1995,6,,44.0,27.3,
21.3333,0.95,398.0,Bordji B. Mokhtar,1995,7,36.5,43.7,28.8,2.0
21.3333,0.95,398.0,Bordji B. Mokhtar,1995,9,34.1,41.3,26.4,3.0
21.3333,0.95,398.0,Bordji B. Mokhtar,1995,10,29.1,37.1,20.9,0.0
21.3333,0.95,398.0,Bordji B. Mokhtar,1995,11,23.6,32.5,14.1,0.0
21.3333,0.95,398.0,Bordji B. Mokhtar,1996,1,19.2,28.7,10.1,
21.3333,0.95,398.0,Bordji B. Mokhtar,1996,2,21.0,29.9,11.6,
21.3333,0.95,398.0,Bordji B. Mokhtar,1996,3,23.9,31.7,15.4,11.0
21.3333,0.95,398.0,Bordji B. Mokhtar,1996,4,28.5,36.7,19.1,
21.3333,0.95,398.0,Bordji B. Mokhtar,1996,6,35.1,42.9,26.7,0.0
21.3333,0.95,398.0,Bordji B. Mokhtar,1996,7,36.2,43.7,28.4,4.0
21.3333,0.95,398.0,Bordji B. Mokhtar,1996,8,35.5,43.0,27.5,28.0
21.3333,0.95,398.0,Bordji B. Mokhtar,1996,9,35.0,42.1,27.6,0.5
21.3333,0.95,398.0,Bordji B. Mokhtar,1996,10,29.2,38.2,20.2,0.0
21.3333,0.95,398.0,Bordji B. Mokhtar,1996,11,21.8,31.1,13.0,0.0
21.3333,0.95,398.0,Bordji B. Mokhtar,1996,12,19.5,28.8,10.2,0.0
21.3333,0.95,398.0,Bordji B. Mokhtar,1997,2,19.4,28.8,9.4,0.0
21.3333,0.95,398.0,Bordji B. Mokhtar,1997,3,21.7,,,0.0
21.3333,0.95,398.0,Bordji B. Mokhtar,1997,4,29.0,,17.6,0.0
21.3333,0.95,398.0,Bordji B. Mokhtar,1997,5,33.4,40.5,25.7,
21.3333,0.95,398.0,Bordji B. Mokhtar,1997,6,36.7,43.9,28.2,0.0
21.3333,0.95,398.0,Bordji B. Mokhtar,1997,7,36.7,44.5,28.4,1.0
21.3333,0.95,398.0,Bordji B. Mokhtar,1997,8,35.5,,,2.0
21.3333,0.95,398.0,Bordji B. Mokhtar,1997,9,33.2,40.7,26.3,30.0
21.3333,0.95,398.0,Bordji B. Mokhtar,1997,10,29.4,,,0.0
21.3333,0.95,398.0,Bordji B. Mokhtar,1997,11,23.1,32.8,14.1,0.0
21.3333,0.95,398.0,Bordji B. Mokhtar,1997,12,17.8,,,0.0
21.3333,0.95,398.0,Bordji B. Mokhtar,1998,1,17.8,,,0.0
21.3333,0.95,398.0,Bordji B. Mokhtar,1998,2,21.7,31.1,12.6,0.0
21.3333,0.95,398.0,Bordji B. Mokhtar,1998,3,22.9,31.9,13.3,0.0
21.3333,0.95,398.0,Bordji B. Mokhtar,1998,4,31.2,40.3,21.7,1.0
21.3333,0.95,398.0,Bordji B. Mokhtar,1998,5,33.1,41.1,26.4,0.0
21.3333,0.95,398.0,Bordji B. Mokhtar,1998,6,36.3,43.5,29.6,9.0
21.3333,0.95,398.0,Bordji B. Mokhtar,1998,7,36.8,44.0,29.3,0.0
21.3333,0.95,398.0,Bordji B. Mokhtar,1998,8,35.9,43.2,28.9,2.0
21.3333,0.95,398.0,Bordji B. Mokhtar,1998,9,34.3,,,10.0
21.3333,0.95,398.0,Bordji B. Mokhtar,1998,10,29.6,,,0.0
21.3333,0.95,398.0,Bordji B. Mokhtar,1998,11,21.2,30.8,12.5,0.0
21.3333,0.95,398.0,Bordji B. Mokhtar,1998,12,17.8,26.4,10.9,0.0
21.3333,0.95,398.0,Bordji B. Mokhtar,1999,1,15.4,,,0.5
21.3333,0.95,398.0,Bordji B. Mokhtar,1999,2,16.3,25.1,7.0,0.0
21.3333,0.95,398.0,Bordji B. Mokhtar,1999,3,,,,0.0
21.3333,0.95,398.0,Bordji B. Mokhtar,1999,4,30.8,39.1,22.2,0.0
21.3333,0.95,398.0,Bordji B. Mokhtar,1999,5,33.8,,,0.0
21.3333,0.95,398.0,Bordji B. Mokhtar,1999,6,35.7,44.1,26.6,0.0
21.3333,0.95,398.0,Bordji B. Mokhtar,1999,7,35.8,43.5,28.4,5.0
21.3333,0.95,398.0,Bordji B. Mokhtar,1999,8,34.1,41.7,27.7,14.0
21.3333,0.95,398.0,Bordji B. Mokhtar,1999,9,35.1,,,3.0
21.3333,0.95,398.0,Bordji B. Mokhtar,1999,10,30.3,38.8,20.4,0.0
21.3333,0.95,398.0,Bordji B. Mokhtar,1999,11,22.2,31.4,15.1,0.0
21.3333,0.95,398.0,Bordji B. Mokhtar,1999,12,17.3,26.5,8.9,0.0
21.3333,0.95,398.0,Bordji B. Mokhtar,2000,1,17.7,25.4,10.2,2.0
21.3333,0.95,398.0,Bordji B. Mokhtar,2000,2,17.9,27.5,8.4,0.0
21.3333,0.95,398.0,Bordji B. Mokhtar,2000,3,24.7,34.3,14.4,0.0
21.3333,0.95,398.0,Bordji B. Mokhtar,2000,4,31.2,40.3,21.6,0.0
21.3333,0.95,398.0,Bordji B. Mokhtar,2000,6,35.8,43.5,27.9,0.0
21.3333,0.95,398.0,Bordji B. Mokhtar,2000,7,34.9,42.7,28.1,45.0
21.3333,0.95,398.0,Bordji B. Mokhtar,2000,8,,,,14.0
21.3333,0.95,398.0,Bordji B. Mokhtar,2000,9,34.6,43.2,27.0,0.0
21.3333,0.95,398.0,Bordji B. Mokhtar,2000,10,28.6,35.7,21.4,0.0
21.3333,0.95,398.0,Bordji B. Mokhtar,2000,11,,,,0.0
21.3333,0.95,398.0,Bordji B. Mokhtar,2000,12,18.2,,9.5,0.0
21.3333,0.95,398.0,Bordji B. Mokhtar,2001,1,17.4,24.7,8.0,0.0
21.3333,0.95,398.0,Bordji B. Mokhtar,2001,2,18.4,28.7,8.8,0.0
21.3333,0.95,398.0,Bordji B. Mokhtar,2001,3,28.2,36.2,15.5,0.0
21.3333,0.95,398.0,Bordji B. Mokhtar,2001,4,27.5,36.3,18.1,0.0
21.3333,0.95,398.0,Bordji B. Mokhtar,2001,5,33.4,41.5,24.6,0.0
21.3333,0.95,398.0,Bordji B. Mokhtar,2001,6,,,,1.0
21.3333,0.95,398.0,Bordji B. Mokhtar,2001,7,35.9,44.1,27.4,0.0
21.3333,0.95,398.0,Bordji B. Mokhtar,2001,8,34.5,42.7,27.6,21.0
21.3333,0.95,398.0,Bordji B. Mokhtar,2001,9,34.9,42.7,27.2,0.0
21.3333,0.95,398.0,Bordji B. Mokhtar,2001,10,29.4,37.4,20.7,0.0
21.3333,0.95,398.0,Bordji B. Mokhtar,2001,11,23.2,31.8,14.6,0.0
21.3333,0.95,398.0,Bordji B. Mokhtar,2001,12,19.8,28.6,11.4,0.0
21.3333,0.95,398.0,Bordji B. Mokhtar,2002,1,16.3,25.6,7.4,0.0
21.3333,0.95,398.0,Bordji B. Mokhtar,2002,2,19.0,27.7,9.4,0.0
21.3333,0.95,398.0,Bordji B. Mokhtar,2002,3,24.7,33.6,15.0,0.0
21.3333,0.95,398.0,Bordji B. Mokhtar,2002,4,28.3,36.0,17.9,0.0
21.3333,0.95,398.0,Bordji B. Mokhtar,2002,5,33.9,42.0,25.1,0.0
21.3333,0.95,398.0,Bordji B. Mokhtar,2002,6,36.1,43.4,28.0,9.0
21.3333,0.95,398.0,Bordji B. Mokhtar,2002,7,,,,29.0
21.3333,0.95,398.0,Bordji B. Mokhtar,2002,8,35.5,42.9,28.6,24.0
21.3333,0.95,398.0,Bordji B. Mokhtar,2002,9,35.3,42.6,27.9,4.0
21.3333,0.95,398.0,Bordji B. Mokhtar,2002,10,28.1,35.6,21.1,29.0
21.3333,0.95,398.0,Bordji B. Mokhtar,2002,11,23.3,32.1,15.1,0.0
21.3333,0.95,398.0,Bordji B. Mokhtar,2002,12,19.7,28.5,11.9,0.0
21.3333,0.95,398.0,Bordji B. Mokhtar,2003,1,17.3,25.8,9.7,0.0
21.3333,0.95,398.0,Bordji B. Mokhtar,2003,2,19.6,,,0.0
21.3333,0.95,398.0,Bordji B. Mokhtar,2003,3,,,,0.0
21.3333,0.95,398.0,Bordji B. Mokhtar,2003,4,,,,7.0
21.3333,0.95,398.0,Bordji B. Mokhtar,2003,5,,,,0.0
21.3333,0.95,398.0,Bordji B. Mokhtar,2003,6,,,,0.0
21.3333,0.95,398.0,Bordji B. Mokhtar,2003,7,,,,4.0
21.3333,0.95,398.0,Bordji B. Mokhtar,2003,8,,,,9.0
21.3333,0.95,398.0,Bordji B. Mokhtar,2003,9,,,,1.0
21.3333,0.95,398.0,Bordji B. Mokhtar,2003,10,,,,0.0
21.3333,0.95,398.0,Bordji B. Mokhtar,2003,11,,,,0.0
21.3333,0.95,398.0,Bordji B. Mokhtar,2003,12,,,,0.0
21.3333,0.95,398.0,Bordji B. Mokhtar,2004,1,17.5,26.9,9.3,0.0
21.3333,0.95,398.0,Bordji B. Mokhtar,2004,2,,,,0.0
21.3333,0.95,398.0,Bordji B. Mokhtar,2004,3,24.3,33.3,14.1,1.0
21.3333,0.95,398.0,Bordji B. Mokhtar,2004,4,,,,0.0
21.3333,0.95,398.0,Bordji B. Mokhtar,2004,5,31.4,39.6,22.1,0.0
21.3333,0.95,398.0,Bordji B. Mokhtar,2004,6,36.0,43.8,27.6,0.0
21.3333,0.95,398.0,Bordji B. Mokhtar,2004,7,35.5,42.6,28.4,6.0
21.3333,0.95,398.0,Bordji B. Mokhtar,2004,8,35.7,43.4,28.2,9.0
21.3333,0.95,398.0,Bordji B. Mokhtar,2004,9,33.8,41.9,25.5,0.0
21.3333,0.95,398.0,Bordji B. Mokhtar,2004,10,30.1,38.0,21.0,0.0
21.3333,0.95,398.0,Bordji B. Mokhtar,2004,11,22.4,30.9,13.8,0.0
21.3333,0.95,398.0,Bordji B. Mokhtar,2004,12,19.4,27.9,11.5,0.0
21.3333,0.95,398.0,Bordji B. Mokhtar,2005,1,15.7,23.8,7.9,1.0
21.3333,0.95,398.0,Bordji B. Mokhtar,2005,2,19.6,27.2,12.3,13.0
21.3333,0.95,398.0,Bordji B. Mokhtar,2005,3,24.7,32.8,13.8,12.0
21.3333,0.95,398.0,Bordji B. Mokhtar,2005,4,29.9,38.5,20.5,0.0
21.3333,0.95,398.0,Bordji B. Mokhtar,2005,5,,,,0.0
21.3333,0.95,398.0,Bordji B. Mokhtar,2005,7,36.6,43.6,28.7,1.0
21.3333,0.95,398.0,Bordji B. Mokhtar,2005,8,36.1,43.1,29.3,4.0
21.3333,0.95,398.0,Bordji B. Mokhtar,2005,9,33.7,40.9,26.3,32.0
21.3333,0.95,398.0,Bordji B. Mokhtar,2005,10,31.1,38.8,22.9,0.0
21.3333,0.95,398.0,Bordji B. Mokhtar,2005,11,24.3,32.7,16.2,0.0
21.3333,0.95,398.0,Bordji B. Mokhtar,2005,12,18.4,27.2,10.9,0.0
21.3333,0.95,398.0,Bordji B. Mokhtar,2006,1,15.3,24.2,7.3,0.0
21.3333,0.95,398.0,Bordji B. Mokhtar,2006,2,18.6,27.1,10.9,7.0
21.3333,0.95,398.0,Bordji B. Mokhtar,2006,3,24.5,34.0,,0.0
21.3333,0.95,398.0,Bordji B. Mokhtar,2006,6,36.6,43.4,28.7,0.0
21.3333,0.95,398.0,Bordji B. Mokhtar,2006,7,36.5,43.9,28.8,1.0
21.3333,0.95,398.0,Bordji B. Mokhtar,2006,8,34.6,42.9,28.7,11.0
21.3333,0.95,398.0,Bordji B. Mokhtar,2006,9,34.4,41.4,28.0,8.0
21.3333,0.95,398.0,Bordji B. Mokhtar,2006,10,30.4,38.1,22.4,9.0
21.3333,0.95,398.0,Bordji B. Mokhtar,2006,11,22.9,31.7,14.5,0.0
21.3333,0.95,398.0,Bordji B. Mokhtar,2006,12,17.7,26.6,8.9,0.0
21.3333,0.95,398.0,Bordji B. Mokhtar,2007,1,18.0,28.1,8.1,0.0
21.3333,0.95,398.0,Bordji B. Mokhtar,2007,2,22.0,30.6,12.6,0.0
21.3333,0.95,398.0,Bordji B. Mokhtar,2007,7,36.4,42.9,26.4,1.0
21.3333,0.95,398.0,Bordji B. Mokhtar,2007,8,34.9,42.2,27.9,22.0
21.3333,0.95,398.0,Bordji B. Mokhtar,2007,10,29.5,39.0,19.9,1.0
21.3333,0.95,398.0,Bordji B. Mokhtar,2007,11,23.7,32.1,14.6,0.0
21.3333,0.95,398.0,Bordji B. Mokhtar,2007,12,18.2,27.0,9.6,0.0
21.3333,0.95,398.0,Bordji B. Mokhtar,2008,1,14.9,23.6,5.3,0.0
21.3333,0.95,398.0,Bordji B. Mokhtar,2008,2,21.0,29.9,11.7,0.0
21.3333,0.95,398.0,Bordji B. Mokhtar,2008,3,25.8,34.4,16.1,0.0
21.3333,0.95,398.0,Bordji B. Mokhtar,2008,4,30.1,38.5,20.4,0.0
21.3333,0.95,398.0,Bordji B. Mokhtar,2008,5,33.5,40.5,25.6,0.0
21.3333,0.95,398.0,Bordji B. Mokhtar,2008,6,37.4,44.4,29.5,0.0
21.3333,0.95,398.0,Bordji B. Mokhtar,2008,8,34.6,42.1,27.3,24.0
21.3333,0.95,398.0,Bordji B. Mokhtar,2008,9,35.5,42.7,27.2,17.0
21.3333,0.95,398.0,Bordji B. Mokhtar,2008,11,23.6,31.6,15.4,0.0
21.3333,0.95,398.0,Bordji B. Mokhtar,2008,12,17.4,25.7,9.3,0.0
21.3333,0.95,398.0,Bordji B. Mokhtar,2009,2,21.0,29.7,12.3,0.0
21.3333,0.95,398.0,Bordji B. Mokhtar,2009,3,27.3,35.2,18.8,1.0
21.3333,0.95,398.0,Bordji B. Mokhtar,2009,4,28.4,36.4,18.9,0.0
21.3333,0.95,398.0,Bordji B. Mokhtar,2009,5,33.7,43.3,24.2,0.0
21.3333,0.95,398.0,Bordji B. Mokhtar,2009,7,37.6,44.1,29.9,0.0
21.3333,0.95,398.0,Bordji B. Mokhtar,2009,9,35.5,41.7,28.7,2.0
21.3333,0.95,398.0,Bordji B. Mokhtar,2009,10,30.3,38.7,21.7,0.0
21.3333,0.95,398.0,Bordji B. Mokhtar,2009,11,22.7,31.3,14.9,0.0
21.3333,0.95,398.0,Bordji B. Mokhtar,2009,12,20.9,30.3,12.5,0.0
21.3333,0.95,398.0,Bordji B. Mokhtar,2010,1,19.3,29.5,9.8,0.0
21.3333,0.95,398.0,Bordji B. Mokhtar,2010,2,24.5,33.8,15.7,0.0
21.3333,0.95,398.0,Bordji B. Mokhtar,2010,3,26.8,36.1,17.7,0.0
21.3333,0.95,398.0,Bordji B. Mokhtar,2010,4,32.6,40.8,23.9,4.0
21.3333,0.95,398.0,Bordji B. Mokhtar,2010,5,35.3,42.7,27.1,0.0
21.3333,0.95,398.0,Bordji B. Mokhtar,2010,6,,,,0.0
21.3333,0.95,398.0,Bordji B. Mokhtar,2010,7,36.1,43.7,29.5,40.0
21.3333,0.95,398.0,Bordji B. Mokhtar,2010,8,34.5,41.8,28.7,35.0
21.3333,0.95,398.0,Bordji B. Mokhtar,2010,9,34.9,42.3,28.1,0.5
21.3333,0.95,398.0,Bordji B. Mokhtar,2010,10,31.3,38.4,24.8,0.5
21.3333,0.95,398.0,Bordji B. Mokhtar,2010,11,24.8,33.6,16.8,0.0
21.3333,0.95,398.0,Bordji B. Mokhtar,2010,12,21.0,31.3,12.2,0.0
21.3333,0.95,398.0,Bordji B. Mokhtar,2011,1,18.9,28.4,10.5,0.0
21.3333,0.95,398.0,Bordji B. Mokhtar,2011,2,18.6,27.6,9.5,0.0
21.3333,0.95,398.0,Bordji B. Mokhtar,2011,3,27.3,36.0,18.5,0.0
21.3333,0.95,398.0,Bordji B. Mokhtar,2011,4,30.2,38.8,21.2,0.0
21.3333,0.95,398.0,Bordji B. Mokhtar,2011,5,33.7,41.2,25.3,0.0
21.3333,0.95,398.0,Bordji B. Mokhtar,2011,6,36.8,44.0,29.7,0.5
21.3333,0.95,398.0,Bordji B. Mokhtar,2011,7,36.8,44.1,30.0,0.5
21.3333,0.95,398.0,Bordji B. Mokhtar,2011,8,35.3,43.0,28.6,10.0
21.3333,0.95,398.0,Bordji B. Mokhtar,2011,9,34.1,42.8,25.7,0.0
21.3333,0.95,398.0,Bordji B. Mokhtar,2011,10,29.5,37.0,22.0,0.5
21.3333,0.95,398.0,Bordji B. Mokhtar,2011,11,24.4,34.0,15.8,0.0
21.3333,0.95,398.0,Bordji B. Mokhtar,2011,12,16.8,26.0,8.9,0.0
21.3333,0.95,398.0,Bordji B. Mokhtar,2012,1,15.0,24.0,6.9,0.0
21.3333,0.95,398.0,Bordji B. Mokhtar,2012,2,17.1,,,0.0
21.3333,0.95,398.0,Bordji B. Mokhtar,2012,3,23.5,32.1,15.1,0.0
21.3333,0.95,398.0,Bordji B. Mokhtar,2012,4,29.2,37.3,21.2,0.0
21.3333,0.95,398.0,Bordji B. Mokhtar,2012,5,34.5,42.7,26.0,0.0
21.3333,0.95,398.0,Bordji B. Mokhtar,2012,6,37.3,44.2,30.6,0.0
21.3333,0.95,398.0,Bordji B. Mokhtar,2012,7,36.5,43.6,29.7,6.0
21.3333,0.95,398.0,Bordji B. Mokhtar,2012,8,34.7,42.2,28.2,12.0
21.3333,0.95,398.0,Bordji B. Mokhtar,2012,9,34.5,41.6,27.7,16.0
21.3333,0.95,398.0,Bordji B. Mokhtar,2012,10,31.0,39.0,23.3,0.0
21.3333,0.95,398.0,Bordji B. Mokhtar,2012,11,25.2,33.3,17.4,0.0
21.3333,0.95,398.0,Bordji B. Mokhtar,2012,12,18.4,27.3,10.6,0.0
21.3333,0.95,398.0,Bordji B. Mokhtar,2013,1,16.6,25.3,8.2,0.0
21.3333,0.95,398.0,Bordji B. Mokhtar,2013,2,19.2,28.6,9.6,0.0
21.3333,0.95,398.0,Bordji B. Mokhtar,2013,3,26.6,36.0,16.8,0.0
21.3333,0.95,398.0,Bordji B. Mokhtar,2013,4,29.4,37.7,20.4,0.0
21.3333,0.95,398.0,Bordji B. Mokhtar,2013,5,33.9,41.3,25.3,0.5
21.3333,0.95,398.0,Bordji B. Mokhtar,2013,6,37.3,45.3,28.9,0.0
21.3333,0.95,398.0,Bordji B. Mokhtar,2013,7,36.4,44.1,29.2,2.0
21.3333,0.95,398.0,Bordji B. Mokhtar,2013,8,35.2,42.2,28.7,47.0
21.3333,0.95,398.0,Bordji B. Mokhtar,2013,9,34.3,41.7,27.0,2.0
21.3333,0.95,398.0,Bordji B. Mokhtar,2013,10,30.3,38.8,21.7,2.0
21.3333,0.95,398.0,Bordji B. Mokhtar,2013,11,22.8,31.2,14.5,0.0
21.3333,0.95,398.0,Bordji B. Mokhtar,2013,12,17.2,25.4,9.4,0.0
21.3333,0.95,398.0,Bordji B. Mokhtar,2014,1,18.1,26.7,9.8,1.0
21.3333,0.95,398.0,Bordji B. Mokhtar,2014,2,19.9,28.9,10.5,0.0
21.3333,0.95,398.0,Bordji B. Mokhtar,2014,3,23.3,32.0,14.1,0.0
21.3333,0.95,398.0,Bordji B. Mokhtar,2014,4,29.6,38.8,19.9,0.0
21.3333,0.95,398.0,Bordji B. Mokhtar,2014,5,33.7,41.3,26.0,3.0
21.3333,0.95,398.0,Bordji B. Mokhtar,2014,6,37.1,44.7,29.0,0.0
21.3333,0.95,398.0,Bordji B. Mokhtar,2014,7,37.5,44.6,30.1,2.0
21.3333,0.95,398.0,Bordji B. Mokhtar,2014,8,35.5,42.6,29.1,32.0
21.3333,0.95,398.0,Bordji B. Mokhtar,2014,9,34.4,42.4,27.6,0.0
21.3333,0.95,398.0,Bordji B. Mokhtar,2014,10,29.7,38.2,21.6,0.0
21.3333,0.95,398.0,Bordji B. Mokhtar,2014,11,,,,0.0
21.3333,0.95,398.0,Bordji B. Mokhtar,2015,1,,,,0.0
21.3333,0.95,398.0,Bordji B. Mokhtar,2015,2,,,,0.0
21.3333,0.95,398.0,Bordji B. Mokhtar,2015,3,,,,3.0
21.3333,0.95,398.0,Bordji B. Mokhtar,2015,4,,,,0.0
21.3333,0.95,398.0,Bordji B. Mokhtar,2015,5,,,,0.0
21.3333,0.95,398.0,Bordji B. Mokhtar,2015,6,,,,0.0
21.3333,0.95,398.0,Bordji B. Mokhtar,2015,7,,,,61.0
21.3333,0.95,398.0,Bordji B. Mokhtar,2015,8,,,,16.0
21.3333,0.95,398.0,Bordji B. Mokhtar,2015,9,,,,23.0
21.3333,0.95,398.0,Bordji B. Mokhtar,2015,10,,,,0.5
21.3333,0.95,398.0,Bordji B. Mokhtar,2015,11,,,,0.0
21.3333,0.95,398.0,Bordji B. Mokhtar,2016,6,37.8,44.9,30.2,
21.3333,0.95,398.0,Bordji B. Mokhtar,2016,7,36.1,43.5,29.3,13.0
21.3333,0.95,398.0,Bordji B. Mokhtar,2016,8,34.9,42.4,27.9,25.0
21.3333,0.95,398.0,Bordji B. Mokhtar,2016,9,34.9,43.0,27.1,2.0
21.3333,0.95,398.0,Bordji B. Mokhtar,2016,10,31.1,38.9,22.5,0.0
21.3333,0.95,398.0,Bordji B. Mokhtar,2016,11,24.8,32.6,16.7,0.0
21.3333,0.95,398.0,Bordji B. Mokhtar,2016,12,19.5,26.9,11.7,0.0
21.3333,0.95,398.0,Bordji B. Mokhtar,2017,1,15.0,24.2,6.0,0.0
21.3333,0.95,398.0,Bordji B. Mokhtar,2017,2,23.2,31.5,14.3,0.0
21.3333,0.95,398.0,Bordji B. Mokhtar,2017,3,26.1,35.0,16.2,0.0
21.3333,0.95,398.0,Bordji B. Mokhtar,2017,4,30.9,39.1,21.5,0.0
21.3333,0.95,398.0,Bordji B. Mokhtar,2017,5,36.1,43.6,28.8,3.0
21.3333,0.95,398.0,Bordji B. Mokhtar,2017,6,36.1,43.1,28.8,4.0
21.3333,0.95,398.0,Bordji B. Mokhtar,2017,7,36.9,43.8,29.8,
21.3333,0.95,398.0,Bordji B. Mokhtar,2017,8,35.7,42.4,29.0,57.0
21.3333,0.95,398.0,Bordji B. Mokhtar,2017,9,35.1,42.6,27.3,1.0
21.3333,0.95,398.0,Bordji B. Mokhtar,2017,10,30.1,38.3,21.3,0.0
21.3333,0.95,398.0,Bordji B. Mokhtar,2017,11,23.6,32.2,14.8,0.0
21.3333,0.95,398.0,Bordji B. Mokhtar,2017,12,18.3,26.8,10.1,1.0
21.3333,0.95,398.0,Bordji B. Mokhtar,2018,1,18.6,27.8,9.9,0.0
21.3333,0.95,398.0,Bordji B. Mokhtar,2018,2,19.3,26.8,11.9,2.0
21.3333,0.95,398.0,Bordji B. Mokhtar,2018,3,25.8,34.9,16.2,0.0
21.3333,0.95,398.0,Bordji B. Mokhtar,2018,4,29.9,38.1,21.2,0.0
21.3333,0.95,398.0,Bordji B. Mokhtar,2018,5,34.1,41.8,25.1,0.0
21.3333,0.95,398.0,Bordji B. Mokhtar,2018,6,38.5,45.5,30.2,0.0
21.3333,0.95,398.0,Bordji B. Mokhtar,2018,7,37.2,44.5,29.4,8.0
21.3333,0.95,398.0,Bordji B. Mokhtar,2018,8,34.4,41.4,27.6,19.0
21.3333,0.95,398.0,Bordji B. Mokhtar,2018,9,33.7,41.2,26.5,30.0
21.3333,0.95,398.0,Bordji B. Mokhtar,2018,10,29.8,37.4,22.7,2.0
21.3333,0.95,398.0,Bordji B. Mokhtar,2018,11,26.2,34.3,18.0,0.0
21.3333,0.95,398.0,Bordji B. Mokhtar,2018,12,19.1,27.9,10.2,0.0
21.3333,0.95,398.0,Bordji B. Mokhtar,2019,1,16.0,25.3,6.9,0.0
21.3333,0.95,398.0,Bordji B. Mokhtar,2019,2,18.3,27.2,8.1,0.0
21.3333,0.95,398.0,Bordji B. Mokhtar,2019,3,24.7,32.5,15.8,0.0
21.3333,0.95,398.0,Bordji B. Mokhtar,2019,4,28.6,36.8,19.1,1.0
21.3333,0.95,398.0,Bordji B. Mokhtar,2019,5,33.8,41.9,24.6,0.0
21.3333,0.95,398.0,Bordji B. Mokhtar,2019,6,36.9,44.5,28.7,1.0
21.3333,0.95,398.0,Bordji B. Mokhtar,2019,7,35.8,42.2,29.5,19.0
21.3333,0.95,398.0,Bordji B. Mokhtar,2019,8,34.7,41.5,28.2,26.0
21.3333,0.95,398.0,Bordji B. Mokhtar,2019,9,35.2,42.3,27.8,1.0
21.3333,0.95,398.0,Bordji B. Mokhtar,2019,10,30.6,38.5,22.8,0.0
21.3333,0.95,398.0,Bordji B. Mokhtar,2019,11,22.6,31.0,14.5,0.0
21.3333,0.95,398.0,Bordji B. Mokhtar,2019,12,19.9,29.2,10.7,0.0
21.3333,0.95,398.0,Bordji B. Mokhtar,2020,1,17.7,26.2,9.2,0.0
21.3333,0.95,398.0,Bordji B. Mokhtar,2020,2,22.0,31.0,13.1,0.0
21.3333,0.95,398.0,Bordji B. Mokhtar,2020,3,25.1,33.4,16.5,0.0
21.3333,0.95,398.0,Bordji B. Mokhtar,2020,4,31.0,39.4,21.9,0.0
21.3333,0.95,398.0,Bordji B. Mokhtar,2020,5,34.0,41.2,26.2,0.0
21.3333,0.95,398.0,Bordji B. Mokhtar,2020,6,37.7,44.7,29.8,0.0
21.3333,0.95,398.0,Bordji B. Mokhtar,2020,7,35.7,43.1,28.6,7.0
21.3333,0.95,398.0,Bordji B. Mokhtar,2020,8,35.0,42.0,28.5,10.0
21.3333,0.95,398.0,Bordji B. Mokhtar,2020,9,34.8,42.3,27.1,0.0
21.3333,0.95,398.0,Bordji B. Mokhtar,2020,10,30.5,38.5,22.4,8.0
21.3333,0.95,398.0,Bordji B. Mokhtar,2020,11,22.6,30.7,14.5,0.0
21.3333,0.95,398.0,Bordji B. Mokhtar,2020,12,19.9,28.3,11.9,0.0
21.3333,0.95,398.0,Bordji B. Mokhtar,2021,1,19.2,28.3,10.2,0.0
21.3333,0.95,398.0,Bordji B. Mokhtar,2021,2,21.6,30.2,12.6,0.0
21.3333,0.95,398.0,Bordji B. Mokhtar,2021,3,24.1,32.2,15.8,0.0
21.3333,0.95,398.0,Bordji B. Mokhtar,2021,4,31.2,39.5,21.7,0.0
21.3333,0.95,398.0,Bordji B. Mokhtar,2021,5,36.0,43.7,27.6,2.0
21.3333,0.95,398.0,Bordji B. Mokhtar,2021,6,37.7,45.0,29.0,0.0
21.3333,0.95,398.0,Bordji B. Mokhtar,2021,7,36.9,43.7,29.6,4.0
21.3333,0.95,398.0,Bordji B. Mokhtar,2021,8,36.0,43.1,29.2,4.0
21.3333,0.95,398.0,Bordji B. Mokhtar,2021,9,35.3,42.8,27.1,0.0
21.3333,0.95,398.0,Bordji B. Mokhtar,2021,10,29.8,38.1,21.2,0.0
21.3333,0.95,398.0,Bordji B. Mokhtar,2021,11,24.4,32.1,17.2,0.0
21.3333,0.95,398.0,Bordji B. Mokhtar,2021,12,,29.0,13.0,0.0
21.3333,0.95,398.0,Bordji B. Mokhtar,2022,1,16.7,25.0,8.3,0.0
21.3333,0.95,398.0,Bordji B. Mokhtar,2022,2,21.5,30.6,12.5,0.0
21.3333,0.95,398.0,Bordji B. Mokhtar,2022,3,25.3,33.5,16.9,0.0
21.3333,0.95,398.0,Bordji B. Mokhtar,2022,4,28.5,37.1,19.7,0.0
21.3333,0.95,398.0,Bordji B. Mokhtar,2022,5,32.8,40.7,24.7,0.0
21.3333,0.95,398.0,Bordji B. Mokhtar,2022,6,36.5,43.3,29.8,4.0
21.3333,0.95,398.0,Bordji B. Mokhtar,2022,7,35.7,43.1,29.0,23.0
21.3333,0.95,398.0,Bordji B. Mokhtar,2022,8,34.8,42.1,28.7,17.0
21.3333,0.95,398.0,Bordji B. Mokhtar,2022,9,35.0,42.1,28.6,0.0
21.3333,0.95,398.0,Bordji B. Mokhtar,2022,10,29.8,37.7,22.3,0.0
21.3333,0.95,398.0,Bordji B. Mokhtar,2022,11,23.0,31.5,15.0,0.0
21.3333,0.95,398.0,Bordji B. Mokhtar,2022,12,21.5,29.9,13.7,0.0
21.3333,0.95,398.0,Bordji B. Mokhtar,2023,1,17.7,26.0,9.4,0.0
21.3333,0.95,398.0,Bordji B. Mokhtar,2023,2,21.2,29.9,12.9,0.0
21.3333,0.95,398.0,Bordji B. Mokhtar,2023,3,26.7,35.4,17.7,0.0
21.3333,0.95,398.0,Bordji B. Mokhtar,2023,4,29.3,37.1,21.0,0.0
21.3333,0.95,398.0,Bordji B. Mokhtar,2023,5,33.1,40.4,25.6,0.0
21.3333,0.95,398.0,Bordji B. Mokhtar,2023,6,36.1,43.5,28.3,0.0
21.3333,0.95,398.0,Bordji B. Mokhtar,2023,7,37.5,44.6,30.5,5.0
21.3333,0.95,398.0,Bordji B. Mokhtar,2023,8,35.5,42.6,29.6,9.0
21.3333,0.95,398.0,Bordji B. Mokhtar,2023,9,36.0,43.2,29.1,0.0
21.3333,0.95,398.0,Bordji B. Mokhtar,2023,10,31.6,39.2,24.1,3.0
21.3333,0.95,398.0,Bordji B. Mokhtar,2023,11,24.1,33.0,16.0,0.0
21.3333,0.95,398.0,Bordji B. Mokhtar,2023,12,18.4,27.6,10.2,0.0
21.3333,0.95,398.0,Bordji B. Mokhtar,2024,1,19.9,29.1,10.8,0.0
21.3333,0.95,398.0,Bordji B. Mokhtar,2024,2,21.0,30.0,11.9,0.0
21.3333,0.95,398.0,Bordji B. Mokhtar,2024,3,25.7,34.1,16.8,0.0
21.3333,0.95,398.0,Bordji B. Mokhtar,2024,4,29.4,37.6,21.3,0.0
21.3333,0.95,398.0,Bordji B. Mokhtar,2024,5,34.8,42.7,27.2,0.0
21.3333,0.95,398.0,Bordji B. Mokhtar,2024,6,39.0,45.8,31.9,0.0
21.3333,0.95,398.0,Bordji B. Mokhtar,2024,7,37.1,43.9,31.0,4.0
21.3333,0.95,398.0,Bordji B. Mokhtar,2024,8,35.3,42.7,29.0,4.0
21.3333,0.95,398.0,Bordji B. Mokhtar,2024,9,33.5,40.4,28.2,11.0
21.3333,0.95,398.0,Bordji B. Mokhtar,2024,10,31.8,39.2,24.5,0.0
21.3333,0.95,398.0,Bordji B. Mokhtar,2024,11,24.3,32.5,15.8,0.0
21.3333,0.95,398.0,Bordji B. Mokhtar,2024,12,19.0,27.7,10.9,0.0
21.3333,0.95,398.0,Bordji B. Mokhtar,2025,1,17.6,26.5,9.3,0.0
21.3333,0.95,398.0,Bordji B. Mokhtar,2025,2,20.5,28.6,12.5,0.0
21.3333,0.95,398.0,Bordji B. Mokhtar,2025,3,28.4,36.3,20.2,0.0
21.3333,0.95,398.0,Bordji B. Mokhtar,2025,4,31.0,39.0,21.8,0.0
21.3333,0.95,398.0,Bordji B. Mokhtar,2025,5,35.3,42.9,27.6,0.0
21.3333,0.95,398.0,Bordji B. Mokhtar,2025,6,36.7,43.9,29.7,0.0
21.3333,0.95,398.0,Bordji B. Mokhtar,2025,7,36.9,42.3,30.8,0.0
19.5667,5.7667,411.0,In-Guezzam,1994,3,28.5,,,0.0
19.5667,5.7667,411.0,In-Guezzam,1994,4,30.1,,,0.0
19.5667,5.7667,411.0,In-Guezzam,1994,5,34.1,,,0.0
19.5667,5.7667,411.0,In-Guezzam,1994,6,35.4,,,0.0
19.5667,5.7667,411.0,In-Guezzam,1994,7,35.4,,,0.0
19.5667,5.7667,411.0,In-Guezzam,1994,8,34.3,,,14.0
19.5667,5.7667,411.0,In-Guezzam,1994,9,33.6,,,0.0
19.5667,5.7667,411.0,In-Guezzam,1994,10,32.0,,,0.0
19.5667,5.7667,411.0,In-Guezzam,1994,11,24.4,,,
19.5667,5.7667,411.0,In-Guezzam,1994,12,18.6,,,0.0
19.5667,5.7667,411.0,In-Guezzam,1995,2,19.6,28.3,10.6,0.0
19.5667,5.7667,411.0,In-Guezzam,1995,3,27.3,33.0,18.6,
19.5667,5.7667,411.0,In-Guezzam,1995,7,,,,0.0
19.5667,5.7667,411.0,In-Guezzam,1995,9,33.2,42.5,27.1,3.0
19.5667,5.7667,411.0,In-Guezzam,1995,10,30.8,38.4,22.5,0.0
19.5667,5.7667,411.0,In-Guezzam,1995,12,,,,0.0
19.5667,5.7667,411.0,In-Guezzam,1996,1,,29.8,,
19.5667,5.7667,411.0,In-Guezzam,1996,3,26.6,34.8,16.3,0.0
19.5667,5.7667,411.0,In-Guezzam,1996,4,,38.3,20.8,2.0
19.5667,5.7667,411.0,In-Guezzam,1996,6,37.3,42.8,29.3,0.0
19.5667,5.7667,411.0,In-Guezzam,1996,7,38.8,45.7,32.2,4.0
19.5667,5.7667,411.0,In-Guezzam,1996,8,,,,
19.5667,5.7667,411.0,In-Guezzam,1996,9,32.5,42.3,24.9,0.0
19.5667,5.7667,411.0,In-Guezzam,1996,10,29.1,38.6,19.6,0.0
19.5667,5.7667,411.0,In-Guezzam,1996,11,,,,0.0
19.5667,5.7667,411.0,In-Guezzam,1996,12,21.6,30.0,9.8,0.0
19.5667,5.7667,411.0,In-Guezzam,1997,1,22.5,28.8,,0.0
19.5667,5.7667,411.0,In-Guezzam,1997,2,20.4,24.8,10.3,0.0
19.5667,5.7667,411.0,In-Guezzam,1997,3,25.6,32.3,16.7,0.0
19.5667,5.7667,411.0,In-Guezzam,1997,5,35.9,42.2,27.8,0.0
19.5667,5.7667,411.0,In-Guezzam,1997,6,37.1,43.6,30.2,0.0
19.5667,5.7667,411.0,In-Guezzam,1997,8,32.0,,,60.0
19.5667,5.7667,411.0,In-Guezzam,1997,11,26.7,37.4,16.8,0.0
19.5667,5.7667,411.0,In-Guezzam,1998,1,19.4,27.5,14.3,0.0
19.5667,5.7667,411.0,In-Guezzam,1998,2,23.5,30.9,15.0,0.0
19.5667,5.7667,411.0,In-Guezzam,1998,3,24.2,31.3,15.1,0.0
19.5667,5.7667,411.0,In-Guezzam,1998,4,34.6,41.7,25.4,0.0
19.5667,5.7667,411.0,In-Guezzam,1998,5,37.1,43.6,29.3,0.0
19.5667,5.7667,411.0,In-Guezzam,1998,6,33.6,42.3,30.8,0.0
19.5667,5.7667,411.0,In-Guezzam,1998,7,36.7,42.9,29.1,2.0
19.5667,5.7667,411.0,In-Guezzam,1998,8,38.0,42.7,28.9,0.0
19.5667,5.7667,411.0,In-Guezzam,1998,9,35.3,41.6,28.0,18.0
19.5667,5.7667,411.0,In-Guezzam,1998,10,31.8,39.0,23.0,0.0
19.5667,5.7667,411.0,In-Guezzam,1998,11,23.2,31.9,14.5,0.0
19.5667,5.7667,411.0,In-Guezzam,1998,12,20.7,28.4,12.3,0.0
19.5667,5.7667,411.0,In-Guezzam,1999,1,18.9,27.0,9.9,0.0
19.5667,5.7667,411.0,In-Guezzam,1999,2,20.4,28.2,11.7,0.0
19.5667,5.7667,411.0,In-Guezzam,1999,3,28.3,36.4,18.4,0.0
19.5667,5.7667,411.0,In-Guezzam,1999,4,33.2,40.6,23.6,0.0
19.5667,5.7667,411.0,In-Guezzam,1999,5,34.9,,,0.0
19.5667,5.7667,411.0,In-Guezzam,1999,6,36.2,42.9,,0.0
19.5667,5.7667,411.0,In-Guezzam,1999,7,35.4,42.0,,2.0
19.5667,5.7667,411.0,In-Guezzam,1999,9,35.9,41.7,29.0,0.0
19.5667,5.7667,411.0,In-Guezzam,1999,10,32.0,37.9,23.4,0.0
19.5667,5.7667,411.0,In-Guezzam,1999,11,26.3,,,0.0
19.5667,5.7667,411.0,In-Guezzam,1999,12,20.6,27.4,13.4,0.0
19.5667,5.7667,411.0,In-Guezzam,2000,1,20.8,26.7,13.8,18.0
19.5667,5.7667,411.0,In-Guezzam,2000,2,19.7,26.3,11.3,0.0
19.5667,5.7667,411.0,In-Guezzam,2000,3,,,,0.0
19.5667,5.7667,411.0,In-Guezzam,2000,4,32.4,41.4,23.3,0.0
19.5667,5.7667,411.0,In-Guezzam,2000,5,36.9,43.0,27.0,0.0
19.5667,5.7667,411.0,In-Guezzam,2000,6,36.0,42.3,31.6,0.0
19.5667,5.7667,411.0,In-Guezzam,2000,7,35.5,42.5,27.8,350.0
19.5667,5.7667,411.0,In-Guezzam,2000,8,34.9,42.2,29.6,12.0
19.5667,5.7667,411.0,In-Guezzam,2000,9,34.8,41.2,25.4,0.0
19.5667,5.7667,411.0,In-Guezzam,2000,10,32.4,38.3,23.7,0.0
19.5667,5.7667,411.0,In-Guezzam,2000,11,25.9,33.2,16.1,0.0
19.5667,5.7667,411.0,In-Guezzam,2000,12,20.0,27.8,11.8,0.0
19.5667,5.7667,411.0,In-Guezzam,2001,1,19.4,28.0,13.4,0.0
19.5667,5.7667,411.0,In-Guezzam,2001,2,20.3,28.5,14.4,0.0
19.5667,5.7667,411.0,In-Guezzam,2001,3,27.9,36.1,16.4,0.0
19.5667,5.7667,411.0,In-Guezzam,2001,5,35.2,42.4,26.0,0.0
19.5667,5.7667,411.0,In-Guezzam,2001,6,34.7,42.9,28.6,0.0
19.5667,5.7667,411.0,In-Guezzam,2001,7,,,,0.0
19.5667,5.7667,411.0,In-Guezzam,2001,8,35.1,42.2,29.5,0.0
19.5667,5.7667,411.0,In-Guezzam,2001,9,35.9,42.4,27.4,0.0
19.5667,5.7667,411.0,In-Guezzam,2001,10,30.6,36.5,23.1,0.0
19.5667,5.7667,411.0,In-Guezzam,2001,11,25.2,33.1,15.5,0.0
19.5667,5.7667,411.0,In-Guezzam,2002,1,18.2,25.2,13.7,0.0
19.5667,5.7667,411.0,In-Guezzam,2002,2,21.2,29.4,11.0,0.0
19.5667,5.7667,411.0,In-Guezzam,2002,3,27.7,35.4,15.8,0.0
19.5667,5.7667,411.0,In-Guezzam,2002,4,32.1,39.9,22.3,0.0
19.5667,5.7667,411.0,In-Guezzam,2002,5,37.6,43.4,27.3,0.0
19.5667,5.7667,411.0,In-Guezzam,2002,6,,,,0.5
19.5667,5.7667,411.0,In-Guezzam,2002,7,,,,8.0
19.5667,5.7667,411.0,In-Guezzam,2002,8,35.1,42.5,32.7,6.0
19.5667,5.7667,411.0,In-Guezzam,2002,9,35.6,42.5,27.3,4.0
19.5667,5.7667,411.0,In-Guezzam,2002,10,30.2,36.8,23.5,20.0
19.5667,5.7667,411.0,In-Guezzam,2002,11,24.2,32.9,14.9,0.0
19.5667,5.7667,411.0,In-Guezzam,2002,12,22.6,29.8,13.1,0.0
19.5667,5.7667,411.0,In-Guezzam,2003,1,20.4,28.3,11.2,0.0
19.5667,5.7667,411.0,In-Guezzam,2003,2,22.1,31.1,12.0,0.0
19.5667,5.7667,411.0,In-Guezzam,2004,3,27.4,34.9,17.1,0.0
19.5667,5.7667,411.0,In-Guezzam,2004,6,35.7,43.7,24.5,0.0
19.5667,5.7667,411.0,In-Guezzam,2004,8,35.2,41.8,26.5,42.0
19.5667,5.7667,411.0,In-Guezzam,2004,9,35.0,43.1,25.4,0.0
19.5667,5.7667,411.0,In-Guezzam,2004,10,28.1,32.3,22.6,0.0
19.5667,5.7667,411.0,In-Guezzam,2004,11,25.9,34.0,17.8,0.0
19.5667,5.7667,411.0,In-Guezzam,2004,12,22.1,31.0,12.9,0.0
19.5667,5.7667,411.0,In-Guezzam,2005,1,17.3,24.6,9.5,0.0
19.5667,5.7667,411.0,In-Guezzam,2005,2,24.8,32.7,17.8,2.0
19.5667,5.7667,411.0,In-Guezzam,2005,3,28.8,36.5,20.7,0.0
19.5667,5.7667,411.0,In-Guezzam,2005,4,33.1,41.1,24.2,0.0
19.5667,5.7667,411.0,In-Guezzam,2005,5,35.5,41.5,27.3,0.0
19.5667,5.7667,411.0,In-Guezzam,2005,6,36.5,42.1,31.5,0.0
19.5667,5.7667,411.0,In-Guezzam,2005,7,37.9,43.1,29.5,0.0
19.5667,5.7667,411.0,In-Guezzam,2005,9,35.1,41.9,,0.0
19.5667,5.7667,411.0,In-Guezzam,2005,12,21.2,29.2,13.7,0.0
19.5667,5.7667,411.0,In-Guezzam,2006,2,21.5,31.3,13.5,0.0
19.5667,5.7667,411.0,In-Guezzam,2006,3,27.3,35.6,17.5,0.0
19.5667,5.7667,411.0,In-Guezzam,2006,6,36.5,43.8,28.7,3.0
19.5667,5.7667,411.0,In-Guezzam,2006,7,36.9,43.1,28.5,0.0
19.5667,5.7667,411.0,In-Guezzam,2006,8,36.7,40.9,32.5,0.0
19.5667,5.7667,411.0,In-Guezzam,2006,11,23.5,32.0,15.3,0.0
19.5667,5.7667,411.0,In-Guezzam,2007,3,27.3,34.9,15.1,0.0
19.5667,5.7667,411.0,In-Guezzam,2007,4,33.6,40.9,24.4,0.0
19.5667,5.7667,411.0,In-Guezzam,2007,5,35.4,42.8,25.5,1.0
19.5667,5.7667,411.0,In-Guezzam,2007,6,37.4,44.2,28.9,0.0
19.5667,5.7667,411.0,In-Guezzam,2007,7,36.2,42.6,28.3,0.0
19.5667,5.7667,411.0,In-Guezzam,2007,10,30.5,39.7,20.4,0.0
19.5667,5.7667,411.0,In-Guezzam,2007,11,25.5,33.4,15.8,0.0
19.5667,5.7667,411.0,In-Guezzam,2008,2,21.1,27.9,11.1,0.0
19.5667,5.7667,411.0,In-Guezzam,2008,3,26.7,35.9,15.8,0.0
19.5667,5.7667,411.0,In-Guezzam,2019,4,32.7,,22.6,
19.5667,5.7667,411.0,In-Guezzam,2019,5,37.0,,26.7,
19.5667,5.7667,411.0,In-Guezzam,2019,7,36.9,,29.6,
19.5667,5.7667,411.0,In-Guezzam,2019,8,34.0,,27.2,
19.5667,5.7667,411.0,In-Guezzam,2019,9,35.7,,27.9,
19.5667,5.7667,411.0,In-Guezzam,2019,11,27.5,,18.1,
19.5667,5.7667,411.0,In-Guezzam,2019,12,21.8,,13.0,
19.5667,5.7667,411.0,In-Guezzam,2020,3,28.0,,18.7,
19.5667,5.7667,411.0,In-Guezzam,2020,5,36.7,,27.7,
19.5667,5.7667,411.0,In-Guezzam,2020,6,38.8,,30.5,
19.5667,5.7667,411.0,In-Guezzam,2020,9,34.8,,27.6,
19.5667,5.7667,411.0,In-Guezzam,2020,10,32.4,,23.9,
19.5667,5.7667,411.0,In-Guezzam,2020,11,24.6,,17.2,
19.5667,5.7667,411.0,In-Guezzam,2020,12,22.6,,14.1,
19.5667,5.7667,411.0,In-Guezzam,2021,1,22.2,28.6,13.6,
19.5667,5.7667,411.0,In-Guezzam,2021,2,22.1,28.3,13.6,0.0
19.5667,5.7667,411.0,In-Guezzam,2021,3,27.8,33.0,19.4,0.0
19.5667,5.7667,411.0,In-Guezzam,2021,4,33.1,38.4,22.4,0.0
19.5667,5.7667,411.0,In-Guezzam,2021,5,37.6,41.8,26.6,0.0
19.5667,5.7667,411.0,In-Guezzam,2021,6,38.1,41.8,29.2,0.0
19.5667,5.7667,411.0,In-Guezzam,2021,7,36.8,41.4,29.7,2.6
19.5667,5.7667,411.0,In-Guezzam,2021,8,35.4,40.7,28.4,8.1
19.5667,5.7667,411.0,In-Guezzam,2021,9,35.7,39.7,27.9,0.0
19.5667,5.7667,411.0,In-Guezzam,2021,10,32.5,36.9,23.5,0.0
19.5667,5.7667,411.0,In-Guezzam,2021,11,28.0,33.2,19.1,0.0
19.5667,5.7667,411.0,In-Guezzam,2021,12,21.0,26.2,13.8,0.0
19.5667,5.7667,411.0,In-Guezzam,2022,1,18.1,23.0,11.2,0.0
19.5667,5.7667,411.0,In-Guezzam,2022,2,21.8,27.9,13.0,0.0
19.5667,5.7667,411.0,In-Guezzam,2022,3,27.8,33.1,20.0,0.8
19.5667,5.7667,411.0,In-Guezzam,2022,4,32.8,39.3,22.8,0.0
19.5667,5.7667,411.0,In-Guezzam,2022,5,35.8,41.7,27.8,0.0
19.5667,5.7667,411.0,In-Guezzam,2022,6,37.1,42.6,29.9,0.3
19.5667,5.7667,411.0,In-Guezzam,2022,7,36.5,42.1,29.4,35.0
19.5667,5.7667,411.0,In-Guezzam,2022,8,34.7,40.7,28.4,6.4
19.5667,5.7667,411.0,In-Guezzam,2022,9,35.3,41.4,27.8,0.0
19.5667,5.7667,411.0,In-Guezzam,2022,10,29.7,35.3,23.4,0.0
19.5667,5.7667,411.0,In-Guezzam,2022,11,22.7,28.8,16.1,0.0
19.5667,5.7667,411.0,In-Guezzam,2022,12,22.3,29.1,14.9,0.0
19.5667,5.7667,411.0,In-Guezzam,2023,1,18.8,25.6,12.0,0.0
19.5667,5.7667,411.0,In-Guezzam,2023,2,22.0,28.9,14.8,0.0
19.5667,5.7667,411.0,In-Guezzam,2023,3,28.9,36.0,20.0,0.0
19.5667,5.7667,411.0,In-Guezzam,2023,4,32.3,38.7,22.8,0.0
19.5667,5.7667,411.0,In-Guezzam,2023,5,36.3,42.4,28.1,2.0
19.5667,5.7667,411.0,In-Guezzam,2023,6,37.0,42.7,29.1,0.0
19.5667,5.7667,411.0,In-Guezzam,2023,7,37.8,43.5,30.4,0.0
19.5667,5.7667,411.0,In-Guezzam,2023,8,35.9,41.7,29.5,39.1
19.5667,5.7667,411.0,In-Guezzam,2023,9,35.9,42.1,28.3,0.0
19.5667,5.7667,411.0,In-Guezzam,2023,10,32.1,38.1,24.1,0.0
19.5667,5.7667,411.0,In-Guezzam,2023,11,25.9,33.2,17.5,0.0
19.5667,5.7667,411.0,In-Guezzam,2023,12,20.8,28.2,13.5,0.0
19.5667,5.7667,411.0,In-Guezzam,2024,1,19.7,27.2,12.7,0.0
19.5667,5.7667,411.0,In-Guezzam,2024,2,22.1,28.9,13.5,0.0
19.5667,5.7667,411.0,In-Guezzam,2024,3,27.9,35.3,19.3,0.0
19.5667,5.7667,411.0,In-Guezzam,2024,4,32.3,39.5,23.8,0.0
19.5667,5.7667,411.0,In-Guezzam,2024,5,38.6,44.9,30.2,10.9
19.5667,5.7667,411.0,In-Guezzam,2024,6,39.2,44.9,32.1,0.8
19.5667,5.7667,411.0,In-Guezzam,2024,7,36.6,42.2,30.5,0.8
19.5667,5.7667,411.0,In-Guezzam,2024,8,34.6,40.6,28.7,
19.5667,5.7667,411.0,In-Guezzam,2024,9,34.0,39.8,28.3,35.8
19.5667,5.7667,411.0,In-Guezzam,2024,10,32.9,38.9,24.6,0.0
19.5667,5.7667,411.0,In-Guezzam,2024,11,24.4,30.5,16.9,0.0
19.5667,5.7667,411.0,In-Guezzam,2024,12,19.9,26.3,12.7,0.0
19.5667,5.7667,411.0,In-Guezzam,2025,1,20.3,27.0,13.6,0.0
19.5667,5.7667,411.0,In-Guezzam,2025,2,23.6,29.8,16.4,0.0
19.5667,5.7667,411.0,In-Guezzam,2025,3,31.7,38.7,22.7,
19.5667,5.7667,411.0,In-Guezzam,2025,4,32.5,39.8,23.3,0.0
19.5667,5.7667,411.0,In-Guezzam,2025,5,36.4,43.6,29.3,0.0
19.5667,5.7667,411.0,In-Guezzam,2025,6,36.7,43.0,30.1,7.1
19.5667,5.7667,411.0,In-Guezzam,2025,7,36.4,42.8,30.2,0.0
18.6833,12.9167,355.0,Bilma,1994,1,16.7,,,0.0
18.6833,12.9167,355.0,Bilma,1994,10,30.5,,,0.0
18.6833,12.9167,355.0,Bilma,1994,11,20.3,,,0.0
18.6833,12.9167,355.0,Bilma,1994,12,15.5,,,0.0
18.6833,12.9167,355.0,Bilma,1995,1,14.8,,,0.0
18.6833,12.9167,355.0,Bilma,1995,2,18.4,27.6,,0.0
18.6833,12.9167,355.0,Bilma,1995,3,25.4,,,0.0
18.6833,12.9167,355.0,Bilma,1995,4,29.5,,,9.0
18.6833,12.9167,355.0,Bilma,1995,5,32.8,41.6,22.7,0.0
18.6833,12.9167,355.0,Bilma,1995,6,35.0,44.1,,0.0
18.6833,12.9167,355.0,Bilma,1995,7,34.3,42.9,,0.0
18.6833,12.9167,355.0,Bilma,1995,8,34.0,,,13.0
18.6833,12.9167,355.0,Bilma,1995,9,32.6,,,0.0
18.6833,12.9167,355.0,Bilma,1995,10,29.3,37.6,20.5,0.0
18.6833,12.9167,355.0,Bilma,1995,11,20.3,,,0.0
18.6833,12.9167,355.0,Bilma,1995,12,19.2,29.6,9.6,0.0
18.6833,12.9167,355.0,Bilma,1996,1,18.6,28.9,,0.0
18.6833,12.9167,355.0,Bilma,1996,2,21.0,,,0.0
18.6833,12.9167,355.0,Bilma,1996,3,25.6,,,0.0
18.6833,12.9167,355.0,Bilma,1996,4,27.8,,,0.0
18.6833,12.9167,355.0,Bilma,1996,6,34.6,,,0.0
18.6833,12.9167,355.0,Bilma,1996,10,28.1,,,0.0
18.6833,12.9167,355.0,Bilma,1996,12,17.3,,,0.0
18.6833,12.9167,355.0,Bilma,1997,1,18.3,,,0.0
18.6833,12.9167,355.0,Bilma,1997,2,17.4,,,0.0
18.6833,12.9167,355.0,Bilma,1997,3,24.5,,,0.0
18.6833,12.9167,355.0,Bilma,1997,4,29.8,,,15.0
18.6833,12.9167,355.0,Bilma,1997,5,,,,0.5
18.6833,12.9167,355.0,Bilma,1997,9,,,,3.0
18.6833,12.9167,355.0,Bilma,1997,11,24.1,34.4,14.1,0.0
18.6833,12.9167,355.0,Bilma,1997,12,17.2,27.4,7.4,0.0
18.6833,12.9167,355.0,Bilma,1998,1,16.5,26.4,6.5,0.0
18.6833,12.9167,355.0,Bilma,1998,2,21.2,30.2,11.5,0.0
18.6833,12.9167,355.0,Bilma,1998,5,34.5,41.2,23.9,0.0
18.6833,12.9167,355.0,Bilma,1998,8,34.5,42.1,26.7,0.5
18.6833,12.9167,355.0,Bilma,1998,9,33.0,41.1,25.0,4.0
18.6833,12.9167,355.0,Bilma,1998,10,28.7,,20.8,0.0
18.6833,12.9167,355.0,Bilma,1998,11,22.2,31.9,12.5,0.0
18.6833,12.9167,355.0,Bilma,1998,12,18.4,29.9,9.0,0.0
18.6833,12.9167,355.0,Bilma,1999,1,,,,0.0
18.6833,12.9167,355.0,Bilma,1999,2,20.3,24.6,11.4,0.0
18.6833,12.9167,355.0,Bilma,1999,3,26.3,36.4,16.3,0.0
18.6833,12.9167,355.0,Bilma,1999,4,30.2,39.3,20.4,0.0
18.6833,12.9167,355.0,Bilma,1999,5,,,,0.5
18.6833,12.9167,355.0,Bilma,1999,6,,,,0.0
18.6833,12.9167,355.0,Bilma,1999,7,,,,0.5
18.6833,12.9167,355.0,Bilma,1999,8,,,,16.0
18.6833,12.9167,355.0,Bilma,1999,10,27.6,37.6,17.6,0.0
18.6833,12.9167,355.0,Bilma,1999,11,22.3,32.6,12.0,0.0
18.6833,12.9167,355.0,Bilma,1999,12,,,,0.0
18.6833,12.9167,355.0,Bilma,2000,1,,,,0.0
18.6833,12.9167,355.0,Bilma,2000,2,,,,0.0
18.6833,12.9167,355.0,Bilma,2000,3,23.3,33.1,13.1,0.0
18.6833,12.9167,355.0,Bilma,2000,4,29.9,40.4,18.9,0.0
18.6833,12.9167,355.0,Bilma,2000,6,33.5,42.5,24.0,0.5
18.6833,12.9167,355.0,Bilma,2000,7,33.9,41.8,,0.5
18.6833,12.9167,355.0,Bilma,2000,8,33.8,41.8,25.7,0.5
18.6833,12.9167,355.0,Bilma,2000,9,31.5,41.2,21.9,0.0
18.6833,12.9167,355.0,Bilma,2000,10,27.6,37.7,17.0,0.0
18.6833,12.9167,355.0,Bilma,2000,11,22.1,,,0.0
18.6833,12.9167,355.0,Bilma,2000,12,16.5,27.3,6.0,0.0
18.6833,12.9167,355.0,Bilma,2001,1,16.7,27.1,,0.0
18.6833,12.9167,355.0,Bilma,2001,2,18.5,27.9,8.7,0.0
18.6833,12.9167,355.0,Bilma,2001,3,24.8,,,0.0
18.6833,12.9167,355.0,Bilma,2001,4,31.4,40.0,21.4,0.0
18.6833,12.9167,355.0,Bilma,2001,5,32.9,,,0.0
18.6833,12.9167,355.0,Bilma,2001,6,33.6,,,
18.6833,12.9167,355.0,Bilma,2001,7,34.1,,,23.0
18.6833,12.9167,355.0,Bilma,2001,8,34.7,42.4,26.8,0.0
18.6833,12.9167,355.0,Bilma,2001,10,26.9,36.3,16.8,0.0
18.6833,12.9167,355.0,Bilma,2001,11,22.4,,,0.0
18.6833,12.9167,355.0,Bilma,2001,12,,,,0.0
18.6833,12.9167,355.0,Bilma,2002,1,,,,0.0
18.6833,12.9167,355.0,Bilma,2002,2,18.5,28.7,7.7,0.0
18.6833,12.9167,355.0,Bilma,2002,3,24.3,,,0.0
18.6833,12.9167,355.0,Bilma,2002,4,30.9,40.5,21.3,0.0
18.6833,12.9167,355.0,Bilma,2002,5,32.3,42.8,20.8,0.0
18.6833,12.9167,355.0,Bilma,2002,6,33.7,,,0.0
18.6833,12.9167,355.0,Bilma,2002,7,34.6,43.4,25.4,0.0
18.6833,12.9167,355.0,Bilma,2002,8,34.5,42.9,26.5,0.5
18.6833,12.9167,355.0,Bilma,2002,9,33.3,42.3,24.1,0.0
18.6833,12.9167,355.0,Bilma,2002,10,28.6,37.4,19.7,0.0
18.6833,12.9167,355.0,Bilma,2002,11,21.4,31.9,11.4,0.0
18.6833,12.9167,355.0,Bilma,2002,12,18.1,28.9,7.6,0.0
18.6833,12.9167,355.0,Bilma,2003,1,17.9,28.0,7.2,0.0
18.6833,12.9167,355.0,Bilma,2003,2,20.3,,,0.0
18.6833,12.9167,355.0,Bilma,2003,3,23.1,,,0.0
18.6833,12.9167,355.0,Bilma,2003,4,30.5,,,0.0
18.6833,12.9167,355.0,Bilma,2003,5,30.8,41.7,19.6,0.5
18.6833,12.9167,355.0,Bilma,2003,6,34.3,42.3,27.6,0.5
18.6833,12.9167,355.0,Bilma,2003,7,,,,0.0
18.6833,12.9167,355.0,Bilma,2003,8,35.2,42.6,,2.0
18.6833,12.9167,355.0,Bilma,2003,9,32.4,41.3,23.2,0.0
18.6833,12.9167,355.0,Bilma,2003,10,28.7,,,6.0
18.6833,12.9167,355.0,Bilma,2003,11,23.1,33.4,13.0,0.0
18.6833,12.9167,355.0,Bilma,2003,12,17.2,27.2,7.7,0.0
18.6833,12.9167,355.0,Bilma,2004,1,17.8,26.9,8.2,0.0
18.6833,12.9167,355.0,Bilma,2004,2,19.5,29.6,9.4,0.0
18.6833,12.9167,355.0,Bilma,2004,6,34.9,43.8,25.0,0.0
18.6833,12.9167,355.0,Bilma,2004,7,34.2,,,0.5
18.6833,12.9167,355.0,Bilma,2004,8,33.6,42.0,25.4,31.0
18.6833,12.9167,355.0,Bilma,2004,9,30.5,40.9,20.6,0.0
18.6833,12.9167,355.0,Bilma,2004,10,27.3,37.9,17.2,0.0
18.6833,12.9167,355.0,Bilma,2004,11,23.4,33.7,13.9,0.0
18.6833,12.9167,355.0,Bilma,2004,12,19.6,29.8,,0.0
18.6833,12.9167,355.0,Bilma,2005,1,16.8,25.6,8.3,0.0
18.6833,12.9167,355.0,Bilma,2005,2,24.5,33.8,15.9,0.0
18.6833,12.9167,355.0,Bilma,2005,3,26.7,36.5,16.9,0.0
18.6833,12.9167,355.0,Bilma,2005,4,30.0,39.7,19.8,0.5
18.6833,12.9167,355.0,Bilma,2005,5,32.1,,,0.0
18.6833,12.9167,355.0,Bilma,2005,6,34.9,42.9,27.1,3.0
18.6833,12.9167,355.0,Bilma,2005,7,34.2,,,1.0
18.6833,12.9167,355.0,Bilma,2005,8,34.0,41.9,26.1,5.0
18.6833,12.9167,355.0,Bilma,2005,9,32.2,41.7,22.6,0.0
18.6833,12.9167,355.0,Bilma,2005,10,28.0,,,0.0
18.6833,12.9167,355.0,Bilma,2005,11,21.1,32.5,10.0,0.0
18.6833,12.9167,355.0,Bilma,2005,12,19.1,28.9,9.2,0.0
18.6833,12.9167,355.0,Bilma,2006,1,19.8,,,0.0
18.6833,12.9167,355.0,Bilma,2006,2,22.9,32.6,13.1,0.0
18.6833,12.9167,355.0,Bilma,2006,3,24.6,35.1,13.9,0.0
18.6833,12.9167,355.0,Bilma,2006,4,28.0,39.4,16.9,0.0
18.6833,12.9167,355.0,Bilma,2006,5,33.1,42.6,23.3,0.0
18.6833,12.9167,355.0,Bilma,2006,6,34.2,42.2,24.5,0.0
18.6833,12.9167,355.0,Bilma,2006,7,34.3,42.9,25.4,2.0
18.6833,12.9167,355.0,Bilma,2006,9,32.5,41.7,22.8,5.0
18.6833,12.9167,355.0,Bilma,2006,10,,,,0.0
18.6833,12.9167,355.0,Bilma,2006,11,22.2,30.2,10.6,0.0
18.6833,12.9167,355.0,Bilma,2006,12,16.2,26.8,5.9,0.0
18.6833,12.9167,355.0,Bilma,2007,1,15.6,25.9,5.7,0.0
18.6833,12.9167,355.0,Bilma,2007,2,21.3,31.1,11.0,0.0
18.6833,12.9167,355.0,Bilma,2007,3,23.7,,,0.0
18.6833,12.9167,355.0,Bilma,2007,4,31.9,41.6,22.8,0.0
18.6833,12.9167,355.0,Bilma,2007,5,33.3,43.4,23.6,0.0
18.6833,12.9167,355.0,Bilma,2007,6,34.9,44.2,21.5,0.0
18.6833,12.9167,355.0,Bilma,2007,7,34.3,44.4,26.0,5.0
18.6833,12.9167,355.0,Bilma,2007,8,33.9,41.6,26.7,4.0
18.6833,12.9167,355.0,Bilma,2007,9,31.6,40.8,22.6,0.0
18.6833,12.9167,355.0,Bilma,2007,10,28.0,,,0.0
18.6833,12.9167,355.0,Bilma,2007,11,23.2,33.9,13.5,0.0
18.6833,12.9167,355.0,Bilma,2007,12,18.5,28.3,9.3,0.0
18.6833,12.9167,355.0,Bilma,2008,1,16.0,24.5,8.0,0.5
18.6833,12.9167,355.0,Bilma,2008,3,25.7,36.0,15.1,0.0
18.6833,12.9167,355.0,Bilma,2008,4,27.9,38.4,16.8,0.5
18.6833,12.9167,355.0,Bilma,2008,5,33.4,40.9,24.9,2.0
18.6833,12.9167,355.0,Bilma,2008,6,34.3,43.9,24.7,0.0
18.6833,12.9167,355.0,Bilma,2008,7,34.5,43.0,26.6,3.0
18.6833,12.9167,355.0,Bilma,2008,8,33.8,41.9,26.6,9.0
18.6833,12.9167,355.0,Bilma,2008,9,33.2,42.3,24.4,0.0
18.6833,12.9167,355.0,Bilma,2008,10,28.2,38.0,18.3,0.0
18.6833,12.9167,355.0,Bilma,2008,11,22.1,33.6,11.3,0.0
18.6833,12.9167,355.0,Bilma,2008,12,19.8,29.5,11.1,0.0
18.6833,12.9167,355.0,Bilma,2009,1,19.9,30.0,10.4,0.0
18.6833,12.9167,355.0,Bilma,2009,2,22.0,32.3,12.3,0.0
18.6833,12.9167,355.0,Bilma,2009,3,25.3,34.7,15.5,0.0
18.6833,12.9167,355.0,Bilma,2009,4,32.1,42.4,23.6,0.0
18.6833,12.9167,355.0,Bilma,2009,5,33.1,41.7,23.6,0.5
18.6833,12.9167,355.0,Bilma,2009,6,34.5,44.1,24.8,0.0
18.6833,12.9167,355.0,Bilma,2009,7,35.3,43.7,27.1,5.0
18.6833,12.9167,355.0,Bilma,2009,8,34.2,42.5,25.4,9.0
18.6833,12.9167,355.0,Bilma,2009,9,33.2,42.7,21.0,0.0
18.6833,12.9167,355.0,Bilma,2009,10,29.1,39.8,21.3,0.0
18.6833,12.9167,355.0,Bilma,2009,11,22.1,32.6,12.4,0.0
18.6833,12.9167,355.0,Bilma,2009,12,18.4,30.4,8.2,0.0
18.6833,12.9167,355.0,Bilma,2010,1,18.7,30.3,8.1,0.0
18.6833,12.9167,355.0,Bilma,2010,3,24.7,36.4,13.7,0.0
18.6833,12.9167,355.0,Bilma,2010,4,31.9,,,0.0
18.6833,12.9167,355.0,Bilma,2010,5,34.5,44.1,25.2,0.0
18.6833,12.9167,355.0,Bilma,2010,6,35.8,45.1,26.1,2.0
18.6833,12.9167,355.0,Bilma,2010,7,34.5,42.3,27.2,5.0
18.6833,12.9167,355.0,Bilma,2010,8,34.7,42.2,27.5,1.0
18.6833,12.9167,355.0,Bilma,2010,9,33.2,41.8,24.6,1.0
18.6833,12.9167,355.0,Bilma,2010,10,30.4,40.7,20.7,0.0
18.6833,12.9167,355.0,Bilma,2010,11,24.2,35.3,12.6,0.0
18.6833,12.9167,355.0,Bilma,2010,12,18.0,29.1,5.6,0.0
18.6833,12.9167,355.0,Bilma,2011,1,17.2,26.8,7.7,0.0
18.6833,12.9167,355.0,Bilma,2011,2,23.1,31.2,15.4,0.0
18.6833,12.9167,355.0,Bilma,2011,3,28.5,,,0.0
18.6833,12.9167,355.0,Bilma,2011,4,29.7,38.6,20.4,0.0
18.6833,12.9167,355.0,Bilma,2011,5,33.3,42.6,24.0,0.0
18.6833,12.9167,355.0,Bilma,2011,6,35.4,44.4,26.0,0.0
18.6833,12.9167,355.0,Bilma,2011,7,35.0,43.5,26.7,1.0
18.6833,12.9167,355.0,Bilma,2011,8,34.3,42.2,26.9,6.0
18.6833,12.9167,355.0,Bilma,2011,9,32.1,41.5,23.0,0.0
18.6833,12.9167,355.0,Bilma,2011,10,29.4,38.2,21.0,0.0
18.6833,12.9167,355.0,Bilma,2011,11,21.1,32.5,10.2,0.0
18.6833,12.9167,355.0,Bilma,2011,12,17.2,26.6,8.3,0.0
18.6833,12.9167,355.0,Bilma,2012,1,17.1,26.0,8.1,0.0
18.6833,12.9167,355.0,Bilma,2012,2,22.6,31.1,15.1,0.0
18.6833,12.9167,355.0,Bilma,2012,3,23.5,32.2,14.5,0.0
18.6833,12.9167,355.0,Bilma,2012,4,32.2,42.1,22.9,0.0
18.6833,12.9167,355.0,Bilma,2012,5,33.7,42.6,24.6,0.0
18.6833,12.9167,355.0,Bilma,2012,6,35.8,43.8,27.2,3.0
18.6833,12.9167,355.0,Bilma,2012,7,35.0,42.8,27.4,0.5
18.6833,12.9167,355.0,Bilma,2012,8,34.0,41.4,26.6,3.0
18.6833,12.9167,355.0,Bilma,2012,9,32.3,41.3,23.8,4.0
18.6833,12.9167,355.0,Bilma,2012,10,28.2,39.0,16.9,0.0
18.6833,12.9167,355.0,Bilma,2012,11,23.8,34.5,14.4,0.0
18.6833,12.9167,355.0,Bilma,2012,12,17.9,28.3,8.5,0.0
18.6833,12.9167,355.0,Bilma,2013,1,17.4,26.7,8.2,0.0
18.6833,12.9167,355.0,Bilma,2013,2,21.1,31.0,11.1,0.0
18.6833,12.9167,355.0,Bilma,2013,3,27.9,39.4,17.0,0.0
18.6833,12.9167,355.0,Bilma,2013,4,29.8,39.6,20.7,5.0
18.6833,12.9167,355.0,Bilma,2013,5,33.4,43.8,23.1,0.0
18.6833,12.9167,355.0,Bilma,2013,6,34.0,43.7,23.9,0.0
18.6833,12.9167,355.0,Bilma,2013,7,34.1,42.6,25.7,2.0
18.6833,12.9167,355.0,Bilma,2013,8,34.0,42.0,26.4,0.0
18.6833,12.9167,355.0,Bilma,2013,9,32.0,41.8,22.1,0.0
18.6833,12.9167,355.0,Bilma,2013,10,26.7,37.2,16.6,0.0
18.6833,12.9167,355.0,Bilma,2013,11,22.4,35.1,11.3,0.0
18.6833,12.9167,355.0,Bilma,2013,12,18.9,28.3,10.0,0.0
18.6833,12.9167,355.0,Bilma,2014,1,18.0,28.2,8.5,0.0
18.6833,12.9167,355.0,Bilma,2014,2,20.1,29.0,11.0,0.0
18.6833,12.9167,355.0,Bilma,2014,3,25.2,35.0,15.0,0.0
18.6833,12.9167,355.0,Bilma,2014,4,31.2,40.8,22.0,1.0
18.6833,12.9167,355.0,Bilma,2014,5,33.1,41.9,23.9,12.0
18.6833,12.9167,355.0,Bilma,2014,6,34.9,44.6,24.1,0.0
18.6833,12.9167,355.0,Bilma,2014,7,34.7,43.7,29.5,0.0
18.6833,12.9167,355.0,Bilma,2014,8,34.4,42.0,27.1,0.0
18.6833,12.9167,355.0,Bilma,2014,9,32.5,41.2,23.9,2.0
18.6833,12.9167,355.0,Bilma,2014,10,27.5,37.6,17.8,0.0
18.6833,12.9167,355.0,Bilma,2014,11,23.4,33.7,13.7,0.0
18.6833,12.9167,355.0,Bilma,2014,12,16.7,27.5,7.1,0.0
18.6833,12.9167,355.0,Bilma,2015,1,15.7,24.7,6.2,0.0
18.6833,12.9167,355.0,Bilma,2015,2,21.1,31.5,11.3,0.0
18.6833,12.9167,355.0,Bilma,2015,3,25.7,34.0,17.5,0.0
18.6833,12.9167,355.0,Bilma,2015,4,25.8,36.6,15.0,0.0
18.6833,12.9167,355.0,Bilma,2015,5,32.5,42.9,22.1,0.0
18.6833,12.9167,355.0,Bilma,2015,6,35.4,44.4,25.8,0.0
18.6833,12.9167,355.0,Bilma,2015,7,35.4,43.5,27.9,0.5
18.6833,12.9167,355.0,Bilma,2015,8,34.7,42.7,27.4,7.0
18.6833,12.9167,355.0,Bilma,2015,9,34.2,,,0.5
18.6833,12.9167,355.0,Bilma,2015,10,30.0,39.2,21.2,0.0
18.6833,12.9167,355.0,Bilma,2015,11,21.8,30.4,12.0,0.0
18.6833,12.9167,355.0,Bilma,2015,12,15.5,24.4,6.6,0.0
18.6833,12.9167,355.0,Bilma,2016,1,16.7,26.3,6.9,0.0
18.6833,12.9167,355.0,Bilma,2016,2,20.5,31.2,9.7,0.0
18.6833,12.9167,355.0,Bilma,2016,3,27.1,36.3,18.6,0.0
18.6833,12.9167,355.0,Bilma,2016,4,31.6,42.0,21.6,0.0
18.6833,12.9167,355.0,Bilma,2016,5,34.6,43.8,24.2,1.0
18.6833,12.9167,355.0,Bilma,2016,6,35.4,43.4,27.4,0.0
18.6833,12.9167,355.0,Bilma,2016,7,34.9,42.8,26.8,3.0
18.6833,12.9167,355.0,Bilma,2016,8,34.3,41.7,27.7,12.0
18.6833,12.9167,355.0,Bilma,2016,9,32.7,41.8,23.7,0.0
18.6833,12.9167,355.0,Bilma,2016,10,26.9,38.3,16.1,0.0
18.6833,12.9167,355.0,Bilma,2016,11,23.9,34.0,14.1,0.0
18.6833,12.9167,355.0,Bilma,2016,12,20.8,28.7,12.2,0.0
18.6833,12.9167,355.0,Bilma,2017,1,17.7,27.0,8.3,0.0
18.6833,12.9167,355.0,Bilma,2017,2,19.9,29.1,10.7,0.0
18.6833,12.9167,355.0,Bilma,2017,3,25.1,33.1,15.6,0.0
18.6833,12.9167,355.0,Bilma,2017,4,29.0,38.6,19.4,0.0
18.6833,12.9167,355.0,Bilma,2017,5,33.4,43.6,22.7,0.0
18.6833,12.9167,355.0,Bilma,2017,6,36.0,43.8,28.3,0.5
18.6833,12.9167,355.0,Bilma,2017,7,34.6,42.9,26.5,0.5
18.6833,12.9167,355.0,Bilma,2017,8,34.3,41.8,27.4,2.0
18.6833,12.9167,355.0,Bilma,2017,9,32.6,42.5,22.6,0.0
18.6833,12.9167,355.0,Bilma,2017,10,27.8,37.0,18.6,0.0
18.6833,12.9167,355.0,Bilma,2017,11,21.4,31.7,11.8,0.0
18.6833,12.9167,355.0,Bilma,2017,12,18.2,27.3,9.8,0.0
18.6833,12.9167,355.0,Bilma,2018,1,16.8,26.3,7.8,0.0
18.6833,12.9167,355.0,Bilma,2018,2,22.5,33.0,11.6,0.0
18.6833,12.9167,355.0,Bilma,2018,3,25.8,37.4,14.7,0.0
18.6833,12.9167,355.0,Bilma,2018,4,30.4,41.0,19.1,0.0
18.6833,12.9167,355.0,Bilma,2018,5,34.3,44.3,23.8,0.0
18.6833,12.9167,355.0,Bilma,2018,6,34.9,44.6,25.0,2.0
18.6833,12.9167,355.0,Bilma,2018,7,34.8,43.6,26.9,2.0
18.6833,12.9167,355.0,Bilma,2018,8,33.5,40.8,26.6,7.0
18.6833,12.9167,355.0,Bilma,2018,9,33.8,41.7,25.8,5.0
18.6833,12.9167,355.0,Bilma,2018,10,31.5,40.6,21.9,0.0
18.6833,12.9167,355.0,Bilma,2018,11,23.4,33.4,12.6,0.0
18.6833,12.9167,355.0,Bilma,2018,12,16.5,26.1,7.4,0.0
18.6833,12.9167,355.0,Bilma,2019,1,15.6,25.7,5.9,0.0
18.6833,12.9167,355.0,Bilma,2019,2,18.8,27.4,10.0,0.0
18.6833,12.9167,355.0,Bilma,2019,3,26.1,34.2,18.1,0.0
18.6833,12.9167,355.0,Bilma,2019,4,30.1,39.4,20.7,0.0
18.6833,12.9167,355.0,Bilma,2019,5,34.6,44.0,24.4,1.0
18.6833,12.9167,355.0,Bilma,2019,6,35.6,44.1,26.8,0.0
18.6833,12.9167,355.0,Bilma,2019,7,35.8,43.5,28.0,3.0
18.6833,12.9167,355.0,Bilma,2019,8,33.7,41.0,26.6,40.0
18.6833,12.9167,355.0,Bilma,2019,9,32.5,41.9,23.4,1.0
18.6833,12.9167,355.0,Bilma,2019,10,30.9,39.6,22.4,0.0
18.6833,12.9167,355.0,Bilma,2019,11,25.6,35.7,15.1,0.0
18.6833,12.9167,355.0,Bilma,2019,12,17.7,28.2,7.4,0.0
18.6833,12.9167,355.0,Bilma,2020,1,16.9,25.7,8.5,0.0
18.6833,12.9167,355.0,Bilma,2020,2,19.3,28.8,9.5,0.0
18.6833,12.9167,355.0,Bilma,2020,3,25.4,35.7,14.7,0.0
18.6833,12.9167,355.0,Bilma,2020,4,32.0,42.1,20.6,0.0
18.6833,12.9167,355.0,Bilma,2020,5,32.6,42.8,22.6,0.5
18.6833,12.9167,355.0,Bilma,2020,6,35.3,45.0,26.0,0.0
18.6833,12.9167,355.0,Bilma,2020,7,34.8,43.1,26.1,0.5
18.6833,12.9167,355.0,Bilma,2020,8,33.5,40.5,26.8,8.0
18.6833,12.9167,355.0,Bilma,2020,9,33.1,42.0,24.5,0.5
18.6833,12.9167,355.0,Bilma,2020,10,28.4,39.4,18.0,0.0
18.6833,12.9167,355.0,Bilma,2020,11,21.9,31.3,12.7,0.0
18.6833,12.9167,355.0,Bilma,2020,12,20.2,30.5,9.2,0.0
18.6833,12.9167,355.0,Bilma,2021,1,19.6,30.3,9.0,0.0
18.6833,12.9167,355.0,Bilma,2021,2,19.4,28.9,9.6,0.0
18.6833,12.9167,355.0,Bilma,2021,3,25.5,34.8,16.5,0.0
18.6833,12.9167,355.0,Bilma,2021,4,29.3,40.2,17.6,0.0
18.6833,12.9167,355.0,Bilma,2021,5,32.3,43.8,20.3,0.0
18.6833,12.9167,355.0,Bilma,2021,6,34.6,44.0,24.4,0.0
18.6833,12.9167,355.0,Bilma,2021,7,34.7,43.3,27.6,23.0
18.6833,12.9167,355.0,Bilma,2021,8,34.8,42.5,27.3,4.0
18.6833,12.9167,355.0,Bilma,2021,9,32.3,41.3,23.6,3.0
18.6833,12.9167,355.0,Bilma,2021,10,28.7,38.5,19.8,1.0
18.6833,12.9167,355.0,Bilma,2021,11,24.8,35.6,14.9,0.0
18.6833,12.9167,355.0,Bilma,2021,12,17.5,26.8,8.6,0.0
18.6833,12.9167,355.0,Bilma,2022,1,15.7,24.0,7.7,0.0
18.6833,12.9167,355.0,Bilma,2022,2,17.7,28.2,7.1,0.0
18.6833,12.9167,355.0,Bilma,2022,3,24.4,33.5,15.2,0.0
18.6833,12.9167,355.0,Bilma,2022,4,30.3,41.9,19.9,0.0
18.6833,12.9167,355.0,Bilma,2022,5,33.0,42.2,23.2,0.0
18.6833,12.9167,355.0,Bilma,2022,6,34.9,43.6,25.1,0.5
18.6833,12.9167,355.0,Bilma,2022,7,35.1,42.9,27.4,0.5
18.6833,12.9167,355.0,Bilma,2022,8,34.1,41.6,26.9,12.0
18.6833,12.9167,355.0,Bilma,2022,9,32.9,42.4,24.8,0.0
18.6833,12.9167,355.0,Bilma,2022,10,28.5,36.8,19.9,0.0
18.6833,12.9167,355.0,Bilma,2022,11,20.3,30.5,10.8,0.0
18.6833,12.9167,355.0,Bilma,2022,12,18.3,28.8,8.7,0.0
18.6833,12.9167,355.0,Bilma,2023,1,17.1,27.6,7.3,0.0
18.6833,12.9167,355.0,Bilma,2023,2,20.5,28.9,11.0,0.0
18.6833,12.9167,355.0,Bilma,2023,3,27.5,36.4,16.5,0.0
18.6833,12.9167,355.0,Bilma,2023,4,30.0,39.7,20.4,0.0
18.6833,12.9167,355.0,Bilma,2023,5,33.5,43.3,24.0,0.0
18.6833,12.9167,355.0,Bilma,2023,6,35.8,44.2,27.9,4.0
18.6833,12.9167,355.0,Bilma,2023,7,35.5,44.3,26.7,0.0
18.6833,12.9167,355.0,Bilma,2023,8,34.8,42.6,27.3,0.5
18.6833,12.9167,355.0,Bilma,2023,9,34.0,42.8,25.4,0.0
18.6833,12.9167,355.0,Bilma,2023,10,28.0,37.0,19.9,5.0
18.6833,12.9167,355.0,Bilma,2023,11,23.8,34.0,14.1,0.0
18.6833,12.9167,355.0,Bilma,2023,12,18.0,28.2,8.9,0.0
18.6833,12.9167,355.0,Bilma,2024,1,17.7,27.4,8.1,0.0
18.6833,12.9167,355.0,Bilma,2024,2,20.0,29.7,9.9,0.0
18.6833,12.9167,355.0,Bilma,2024,3,26.7,37.0,17.1,0.0
18.6833,12.9167,355.0,Bilma,2024,4,32.6,41.8,23.4,0.0
18.6833,12.9167,355.0,Bilma,2024,5,34.5,45.0,25.5,0.0
18.6833,12.9167,355.0,Bilma,2024,6,38.9,46.3,28.2,0.0
18.6833,12.9167,355.0,Bilma,2024,7,36.2,43.3,29.2,1.0
18.6833,12.9167,355.0,Bilma,2024,8,34.0,39.7,27.4,62.0
18.6833,12.9167,355.0,Bilma,2024,9,33.7,40.5,26.9,12.0
18.6833,12.9167,355.0,Bilma,2024,10,28.8,38.8,19.1,0.0
18.6833,12.9167,355.0,Bilma,2024,11,20.8,30.5,11.2,0.0
18.6833,12.9167,355.0,Bilma,2024,12,16.0,26.7,7.1,0.0
18.6833,12.9167,355.0,Bilma,2025,1,18.7,28.2,10.3,0.0
18.6833,12.9167,355.0,Bilma,2025,2,21.5,30.8,12.8,0.0
18.6833,12.9167,355.0,Bilma,2025,3,27.4,37.6,17.4,0.0
18.6833,12.9167,355.0,Bilma,2025,4,29.2,39.7,18.7,0.0
18.6833,12.9167,355.0,Bilma,2025,5,33.1,43.5,23.5,0.0
18.6833,12.9167,355.0,Bilma,2025,6,34.1,43.7,24.3,0.0
18.6833,12.9167,355.0,Bilma,2025,7,35.5,43.0,27.4,0.0
16.9667,7.9833,501.0,Agadez,1994,1,20.4,28.2,,0.0
16.9667,7.9833,501.0,Agadez,1994,2,21.5,30.2,,0.0
16.9667,7.9833,501.0,Agadez,1994,3,29.4,,,0.0
16.9667,7.9833,501.0,Agadez,1994,4,32.5,,,0.0
16.9667,7.9833,501.0,Agadez,1994,5,33.8,41.2,25.9,0.5
16.9667,7.9833,501.0,Agadez,1994,6,34.5,,,0.0
16.9667,7.9833,501.0,Agadez,1994,7,31.3,,,59.0
16.9667,7.9833,501.0,Agadez,1994,8,29.8,,,99.0
16.9667,7.9833,501.0,Agadez,1994,9,30.0,,,67.0
16.9667,7.9833,501.0,Agadez,1994,10,31.7,,,0.5
16.9667,7.9833,501.0,Agadez,1994,11,23.9,,,0.0
16.9667,7.9833,501.0,Agadez,1994,12,19.0,,,0.0
16.9667,7.9833,501.0,Agadez,1995,1,18.2,,,0.0
16.9667,7.9833,501.0,Agadez,1995,2,21.1,29.0,,0.0
16.9667,7.9833,501.0,Agadez,1995,3,28.9,,,0.0
16.9667,7.9833,501.0,Agadez,1995,4,32.6,,,0.0
16.9667,7.9833,501.0,Agadez,1995,5,34.4,,,0.0
16.9667,7.9833,501.0,Agadez,1995,6,35.3,42.6,28.8,0.5
16.9667,7.9833,501.0,Agadez,1995,7,33.0,,,23.0
16.9667,7.9833,501.0,Agadez,1995,8,31.8,39.4,,22.0
16.9667,7.9833,501.0,Agadez,1995,9,33.0,,,5.0
16.9667,7.9833,501.0,Agadez,1995,10,31.1,38.2,23.7,0.0
16.9667,7.9833,501.0,Agadez,1995,11,24.4,32.1,,0.0
16.9667,7.9833,501.0,Agadez,1995,12,23.4,,,0.0
16.9667,7.9833,501.0,Agadez,1996,1,22.9,31.1,,0.0
16.9667,7.9833,501.0,Agadez,1996,2,25.2,33.4,17.4,0.0
16.9667,7.9833,501.0,Agadez,1996,3,28.6,,,0.0
16.9667,7.9833,501.0,Agadez,1996,4,31.0,,,0.0
16.9667,7.9833,501.0,Agadez,1996,5,35.0,,,0.5
16.9667,7.9833,501.0,Agadez,1996,6,34.4,41.5,,5.0
16.9667,7.9833,501.0,Agadez,1996,7,32.9,,,12.0
16.9667,7.9833,501.0,Agadez,1996,8,31.1,,,42.0
16.9667,7.9833,501.0,Agadez,1996,10,30.2,,,0.0
16.9667,7.9833,501.0,Agadez,1996,11,23.2,30.6,,0.0
16.9667,7.9833,501.0,Agadez,1996,12,21.9,,,0.0
16.9667,7.9833,501.0,Agadez,1997,1,,,,0.0
16.9667,7.9833,501.0,Agadez,1997,3,26.8,,,0.0
16.9667,7.9833,501.0,Agadez,1997,4,31.6,,,0.0
16.9667,7.9833,501.0,Agadez,1997,5,34.4,,,6.0
16.9667,7.9833,501.0,Agadez,1997,6,,,,6.0
16.9667,7.9833,501.0,Agadez,1997,9,32.9,39.8,26.4,34.0
16.9667,7.9833,501.0,Agadez,1997,10,32.2,39.3,,0.0
16.9667,7.9833,501.0,Agadez,1997,12,21.1,29.1,13.5,0.0
16.9667,7.9833,501.0,Agadez,1998,1,20.2,28.0,12.5,5.0
16.9667,7.9833,501.0,Agadez,1998,2,24.5,32.0,17.4,0.0
16.9667,7.9833,501.0,Agadez,1998,4,,,,0.5
16.9667,7.9833,501.0,Agadez,1998,5,36.7,45.0,29.5,2.0
16.9667,7.9833,501.0,Agadez,1998,6,35.0,41.2,28.9,
16.9667,7.9833,501.0,Agadez,1998,7,,,,37.0
16.9667,7.9833,501.0,Agadez,1998,8,30.8,39.0,25.8,79.0
16.9667,7.9833,501.0,Agadez,1998,9,30.7,38.1,25.3,78.0
16.9667,7.9833,501.0,Agadez,1998,10,31.7,38.4,25.1,0.0
16.9667,7.9833,501.0,Agadez,1998,11,26.4,33.9,18.6,0.0
16.9667,7.9833,501.0,Agadez,1998,12,22.4,29.8,14.8,0.0
16.9667,7.9833,501.0,Agadez,1999,1,21.3,29.2,13.3,0.0
16.9667,7.9833,501.0,Agadez,1999,2,24.2,31.8,16.4,0.0
16.9667,7.9833,501.0,Agadez,1999,3,30.3,38.0,21.7,0.0
16.9667,7.9833,501.0,Agadez,1999,4,32.9,39.9,25.1,0.0
16.9667,7.9833,501.0,Agadez,1999,5,34.0,40.1,26.2,3.0
16.9667,7.9833,501.0,Agadez,1999,6,34.9,41.6,27.5,0.0
16.9667,7.9833,501.0,Agadez,1999,7,31.8,38.8,25.2,87.0
16.9667,7.9833,501.0,Agadez,1999,8,28.8,35.3,23.7,122.0
16.9667,7.9833,501.0,Agadez,1999,9,31.8,39.4,25.2,7.0
16.9667,7.9833,501.0,Agadez,1999,10,30.6,,,0.0
16.9667,7.9833,501.0,Agadez,1999,11,26.2,33.6,18.3,0.0
16.9667,7.9833,501.0,Agadez,1999,12,,,,0.0
16.9667,7.9833,501.0,Agadez,2000,1,,,,0.5
16.9667,7.9833,501.0,Agadez,2000,2,20.3,27.5,12.9,0.0
16.9667,7.9833,501.0,Agadez,2000,3,26.3,34.1,17.5,0.0
16.9667,7.9833,501.0,Agadez,2000,4,32.7,41.1,24.2,0.0
16.9667,7.9833,501.0,Agadez,2000,6,33.9,41.0,23.6,37.0
16.9667,7.9833,501.0,Agadez,2000,7,33.0,,,38.0
16.9667,7.9833,501.0,Agadez,2000,8,32.8,39.5,25.9,15.0
16.9667,7.9833,501.0,Agadez,2000,9,32.7,40.2,25.5,4.0
16.9667,7.9833,501.0,Agadez,2000,10,30.5,37.5,23.2,0.0
16.9667,7.9833,501.0,Agadez,2000,11,25.2,,,0.0
16.9667,7.9833,501.0,Agadez,2000,12,21.2,28.7,14.3,0.0
16.9667,7.9833,501.0,Agadez,2001,1,20.5,28.6,12.1,0.0
16.9667,7.9833,501.0,Agadez,2001,2,21.8,29.6,13.2,0.0
16.9667,7.9833,501.0,Agadez,2001,3,27.7,36.0,18.5,0.0
16.9667,7.9833,501.0,Agadez,2001,4,33.1,40.4,25.3,0.0
16.9667,7.9833,501.0,Agadez,2001,5,34.6,,,0.5
16.9667,7.9833,501.0,Agadez,2001,6,33.9,41.2,27.1,9.0
16.9667,7.9833,501.0,Agadez,2001,7,,,,30.0
16.9667,7.9833,501.0,Agadez,2001,8,31.2,38.7,27.6,31.0
16.9667,7.9833,501.0,Agadez,2001,9,32.9,40.5,26.5,4.0
16.9667,7.9833,501.0,Agadez,2001,10,29.7,36.4,22.6,0.0
16.9667,7.9833,501.0,Agadez,2001,11,25.3,33.3,17.1,0.0
16.9667,7.9833,501.0,Agadez,2001,12,23.0,30.8,,0.0
16.9667,7.9833,501.0,Agadez,2002,1,19.0,,,0.0
16.9667,7.9833,501.0,Agadez,2002,2,22.2,30.4,13.2,0.0
16.9667,7.9833,501.0,Agadez,2002,3,28.5,36.4,20.2,0.0
16.9667,7.9833,501.0,Agadez,2002,4,33.7,41.0,25.7,0.0
16.9667,7.9833,501.0,Agadez,2002,5,35.1,42.6,26.8,0.0
16.9667,7.9833,501.0,Agadez,2002,6,34.8,,,7.0
16.9667,7.9833,501.0,Agadez,2002,7,33.0,40.3,26.6,42.0
16.9667,7.9833,501.0,Agadez,2002,8,30.9,38.5,24.8,73.0
16.9667,7.9833,501.0,Agadez,2002,9,33.2,40.6,26.5,7.0
16.9667,7.9833,501.0,Agadez,2002,10,30.3,36.8,23.3,0.5
16.9667,7.9833,501.0,Agadez,2002,11,25.8,33.5,18.1,0.0
16.9667,7.9833,501.0,Agadez,2002,12,22.8,30.4,14.4,0.0
16.9667,7.9833,501.0,Agadez,2003,1,21.6,29.8,13.3,0.0
16.9667,7.9833,501.0,Agadez,2003,2,24.8,,,0.0
16.9667,7.9833,501.0,Agadez,2003,3,26.5,34.5,,0.0
16.9667,7.9833,501.0,Agadez,2003,4,32.7,40.4,25.1,0.5
16.9667,7.9833,501.0,Agadez,2003,5,33.5,41.5,24.7,0.0
16.9667,7.9833,501.0,Agadez,2003,6,33.9,40.8,27.9,4.0
16.9667,7.9833,501.0,Agadez,2003,8,31.4,37.5,,104.0
16.9667,7.9833,501.0,Agadez,2003,9,32.1,39.1,25.8,2.0
16.9667,7.9833,501.0,Agadez,2003,10,31.5,,,0.0
16.9667,7.9833,501.0,Agadez,2003,11,27.1,34.6,19.1,0.0
16.9667,7.9833,501.0,Agadez,2003,12,21.4,29.3,13.7,0.0
16.9667,7.9833,501.0,Agadez,2004,1,21.6,29.4,13.9,0.0
16.9667,7.9833,501.0,Agadez,2004,2,22.9,30.2,15.4,0.0
16.9667,7.9833,501.0,Agadez,2004,3,26.0,33.6,17.6,0.0
16.9667,7.9833,501.0,Agadez,2004,4,33.2,40.7,25.2,0.0
16.9667,7.9833,501.0,Agadez,2004,5,36.3,43.3,,8.0
16.9667,7.9833,501.0,Agadez,2004,6,34.9,42.1,,2.0
16.9667,7.9833,501.0,Agadez,2004,7,32.2,39.1,26.2,105.0
16.9667,7.9833,501.0,Agadez,2004,8,31.2,38.3,25.5,39.0
16.9667,7.9833,501.0,Agadez,2004,9,32.8,40.0,25.5,5.0
16.9667,7.9833,501.0,Agadez,2004,10,30.9,38.3,22.9,0.0
16.9667,7.9833,501.0,Agadez,2004,11,27.0,34.6,19.2,0.0
16.9667,7.9833,501.0,Agadez,2004,12,23.1,31.0,15.0,0.0
16.9667,7.9833,501.0,Agadez,2005,1,19.8,26.8,12.5,0.0
16.9667,7.9833,501.0,Agadez,2005,2,28.2,35.2,21.1,0.5
16.9667,7.9833,501.0,Agadez,2005,3,30.5,,,0.0
16.9667,7.9833,501.0,Agadez,2005,4,32.8,40.6,24.3,0.0
16.9667,7.9833,501.0,Agadez,2005,5,33.6,41.2,,29.0
16.9667,7.9833,501.0,Agadez,2005,6,33.8,40.1,27.9,11.0
16.9667,7.9833,501.0,Agadez,2005,7,32.2,,,26.0
16.9667,7.9833,501.0,Agadez,2005,8,31.3,38.5,24.8,60.0
16.9667,7.9833,501.0,Agadez,2005,9,32.6,38.8,25.0,21.0
16.9667,7.9833,501.0,Agadez,2005,10,30.3,,,0.0
16.9667,7.9833,501.0,Agadez,2005,11,25.9,33.4,17.7,0.0
16.9667,7.9833,501.0,Agadez,2005,12,23.5,,,0.0
16.9667,7.9833,501.0,Agadez,2006,1,23.3,,,0.0
16.9667,7.9833,501.0,Agadez,2006,2,26.8,34.6,18.6,0.0
16.9667,7.9833,501.0,Agadez,2006,3,28.8,36.7,19.9,0.0
16.9667,7.9833,501.0,Agadez,2006,4,31.3,38.8,22.5,0.0
16.9667,7.9833,501.0,Agadez,2006,5,34.9,41.9,27.3,0.0
16.9667,7.9833,501.0,Agadez,2006,6,34.5,42.4,28.4,0.5
16.9667,7.9833,501.0,Agadez,2006,7,33.6,41.1,26.9,21.0
16.9667,7.9833,501.0,Agadez,2006,8,30.5,,,75.0
16.9667,7.9833,501.0,Agadez,2006,9,32.0,39.4,25.3,55.0
16.9667,7.9833,501.0,Agadez,2006,10,30.8,,,0.5
16.9667,7.9833,501.0,Agadez,2006,11,23.8,31.0,16.1,0.0
16.9667,7.9833,501.0,Agadez,2006,12,20.2,27.6,12.5,0.0
16.9667,7.9833,501.0,Agadez,2007,1,19.6,27.3,11.9,0.0
16.9667,7.9833,501.0,Agadez,2007,2,24.4,32.7,15.6,0.0
16.9667,7.9833,501.0,Agadez,2007,3,27.4,,,0.0
16.9667,7.9833,501.0,Agadez,2007,4,33.8,41.5,,0.0
16.9667,7.9833,501.0,Agadez,2007,5,35.7,42.5,28.7,2.0
16.9667,7.9833,501.0,Agadez,2007,6,34.8,41.6,27.6,13.0
16.9667,7.9833,501.0,Agadez,2007,7,32.1,38.9,25.9,44.0
16.9667,7.9833,501.0,Agadez,2007,8,30.8,,,151.0
16.9667,7.9833,501.0,Agadez,2007,9,31.8,,,30.0
16.9667,7.9833,501.0,Agadez,2007,10,29.0,,,0.0
16.9667,7.9833,501.0,Agadez,2007,11,25.0,,,0.0
16.9667,7.9833,501.0,Agadez,2007,12,22.2,29.8,14.5,0.0
16.9667,7.9833,501.0,Agadez,2008,1,18.1,25.4,10.7,0.0
16.9667,7.9833,501.0,Agadez,2008,3,28.9,37.1,19.8,0.0
16.9667,7.9833,501.0,Agadez,2008,6,,,,13.0
16.9667,7.9833,501.0,Agadez,2008,7,31.9,39.2,25.1,37.0
16.9667,7.9833,501.0,Agadez,2008,8,32.0,38.4,25.6,57.0
16.9667,7.9833,501.0,Agadez,2008,9,32.4,38.6,26.2,14.0
16.9667,7.9833,501.0,Agadez,2008,10,31.1,37.9,23.6,0.0
16.9667,7.9833,501.0,Agadez,2008,11,26.2,34.2,17.5,0.0
16.9667,7.9833,501.0,Agadez,2008,12,23.2,31.5,15.3,0.0
16.9667,7.9833,501.0,Agadez,2009,1,22.3,30.4,14.2,0.0
16.9667,7.9833,501.0,Agadez,2009,2,26.3,34.2,18.0,0.0
16.9667,7.9833,501.0,Agadez,2009,3,28.5,35.9,20.7,0.0
16.9667,7.9833,501.0,Agadez,2009,4,34.7,41.8,26.4,0.0
16.9667,7.9833,501.0,Agadez,2009,5,34.4,41.3,26.1,9.0
16.9667,7.9833,501.0,Agadez,2009,6,35.6,42.6,28.4,0.5
16.9667,7.9833,501.0,Agadez,2009,7,33.2,40.8,26.5,21.0
16.9667,7.9833,501.0,Agadez,2009,8,31.6,39.3,25.0,76.0
16.9667,7.9833,501.0,Agadez,2009,9,33.2,40.0,26.7,56.0
16.9667,7.9833,501.0,Agadez,2009,10,,,,
16.9667,7.9833,501.0,Agadez,2009,11,26.0,33.4,,0.0
16.9667,7.9833,501.0,Agadez,2009,12,23.6,31.5,14.9,0.0
16.9667,7.9833,501.0,Agadez,2010,1,23.2,31.3,14.3,0.0
16.9667,7.9833,501.0,Agadez,2010,2,27.4,35.8,19.0,
16.9667,7.9833,501.0,Agadez,2010,3,28.8,36.5,19.6,0.0
16.9667,7.9833,501.0,Agadez,2010,4,34.0,41.3,26.8,0.0
16.9667,7.9833,501.0,Agadez,2010,5,36.7,43.3,29.1,0.5
16.9667,7.9833,501.0,Agadez,2010,6,35.4,42.4,28.8,9.0
16.9667,7.9833,501.0,Agadez,2010,7,31.6,38.3,25.2,125.0
16.9667,7.9833,501.0,Agadez,2010,8,31.6,38.2,25.8,39.0
16.9667,7.9833,501.0,Agadez,2010,9,32.3,39.2,25.3,14.0
16.9667,7.9833,501.0,Agadez,2010,10,33.0,40.2,25.3,0.0
16.9667,7.9833,501.0,Agadez,2010,11,28.4,36.2,20.2,0.0
16.9667,7.9833,501.0,Agadez,2010,12,22.5,30.8,14.2,0.0
16.9667,7.9833,501.0,Agadez,2011,1,20.8,28.4,12.5,0.0
16.9667,7.9833,501.0,Agadez,2011,2,26.9,34.0,19.3,0.5
16.9667,7.9833,501.0,Agadez,2011,3,30.8,38.1,23.5,0.0
16.9667,7.9833,501.0,Agadez,2011,4,32.6,39.7,24.3,0.0
16.9667,7.9833,501.0,Agadez,2011,5,35.2,42.4,27.3,42.0
16.9667,7.9833,501.0,Agadez,2011,6,35.0,42.3,27.5,17.0
16.9667,7.9833,501.0,Agadez,2011,7,32.8,40.4,26.1,24.0
16.9667,7.9833,501.0,Agadez,2011,8,31.4,39.0,24.9,66.0
16.9667,7.9833,501.0,Agadez,2011,9,33.1,40.4,26.2,6.0
16.9667,7.9833,501.0,Agadez,2011,10,31.9,38.8,24.2,0.5
16.9667,7.9833,501.0,Agadez,2011,11,25.7,33.7,16.8,0.0
16.9667,7.9833,501.0,Agadez,2011,12,20.6,28.5,12.3,0.0
16.9667,7.9833,501.0,Agadez,2012,1,20.7,28.4,12.0,0.0
16.9667,7.9833,501.0,Agadez,2012,2,26.4,34.2,18.4,0.0
16.9667,7.9833,501.0,Agadez,2012,3,26.4,34.2,17.9,0.0
16.9667,7.9833,501.0,Agadez,2012,4,34.9,42.2,26.5,0.0
16.9667,7.9833,501.0,Agadez,2012,5,35.8,42.5,28.2,2.0
16.9667,7.9833,501.0,Agadez,2012,6,35.2,42.2,28.2,6.0
16.9667,7.9833,501.0,Agadez,2012,7,31.8,39.3,25.4,84.0
16.9667,7.9833,501.0,Agadez,2012,8,31.9,37.6,24.2,69.0
16.9667,7.9833,501.0,Agadez,2012,9,32.0,39.2,25.7,47.0
16.9667,7.9833,501.0,Agadez,2012,10,31.6,39.2,24.1,0.0
16.9667,7.9833,501.0,Agadez,2012,11,28.2,35.8,20.6,0.0
16.9667,7.9833,501.0,Agadez,2012,12,22.8,31.0,14.6,0.0
16.9667,7.9833,501.0,Agadez,2013,1,21.7,29.6,13.5,0.0
16.9667,7.9833,501.0,Agadez,2013,2,25.3,33.3,17.2,0.0
16.9667,7.9833,501.0,Agadez,2013,3,31.0,40.5,23.3,0.0
16.9667,7.9833,501.0,Agadez,2013,4,32.5,40.2,24.7,3.0
16.9667,7.9833,501.0,Agadez,2013,5,36.2,43.5,28.4,0.0
16.9667,7.9833,501.0,Agadez,2013,6,35.5,43.4,28.2,4.0
16.9667,7.9833,501.0,Agadez,2013,7,32.6,40.8,25.6,62.0
16.9667,7.9833,501.0,Agadez,2013,8,29.9,37.1,24.3,135.0
16.9667,7.9833,501.0,Agadez,2013,9,33.0,40.1,26.5,4.0
16.9667,7.9833,501.0,Agadez,2013,10,30.6,38.1,23.0,0.0
16.9667,7.9833,501.0,Agadez,2013,11,27.1,35.6,18.9,0.0
16.9667,7.9833,501.0,Agadez,2013,12,22.4,29.0,14.6,0.0
16.9667,7.9833,501.0,Agadez,2014,1,22.9,30.0,14.5,0.0
16.9667,7.9833,501.0,Agadez,2014,2,23.6,31.5,15.4,0.5
16.9667,7.9833,501.0,Agadez,2014,3,28.8,37.2,20.1,0.0
16.9667,7.9833,501.0,Agadez,2014,4,32.9,40.3,24.7,1.0
16.9667,7.9833,501.0,Agadez,2014,5,34.8,42.1,27.9,4.0
16.9667,7.9833,501.0,Agadez,2014,6,36.4,43.7,28.7,5.0
16.9667,7.9833,501.0,Agadez,2014,7,33.9,41.5,27.2,9.0
16.9667,7.9833,501.0,Agadez,2014,8,30.9,38.6,24.7,66.0
16.9667,7.9833,501.0,Agadez,2014,9,32.7,40.2,25.5,17.0
16.9667,7.9833,501.0,Agadez,2014,10,31.0,38.6,23.2,0.0
16.9667,7.9833,501.0,Agadez,2014,11,27.2,35.0,19.4,0.0
16.9667,7.9833,501.0,Agadez,2014,12,21.8,29.7,13.9,0.0
16.9667,7.9833,501.0,Agadez,2015,1,19.9,27.4,12.5,0.0
16.9667,7.9833,501.0,Agadez,2015,2,25.7,34.4,17.0,0.0
16.9667,7.9833,501.0,Agadez,2015,3,28.1,35.4,20.6,0.0
16.9667,7.9833,501.0,Agadez,2015,4,29.8,38.0,20.3,0.0
16.9667,7.9833,501.0,Agadez,2015,5,35.2,42.8,26.5,0.5
16.9667,7.9833,501.0,Agadez,2015,6,36.1,43.6,28.8,2.0
16.9667,7.9833,501.0,Agadez,2015,7,32.8,40.2,26.3,82.0
16.9667,7.9833,501.0,Agadez,2015,8,31.0,37.9,25.0,115.0
16.9667,7.9833,501.0,Agadez,2015,9,,,,16.0
16.9667,7.9833,501.0,Agadez,2015,10,32.7,39.9,25.0,0.0
16.9667,7.9833,501.0,Agadez,2015,11,25.6,33.2,17.4,0.0
16.9667,7.9833,501.0,Agadez,2015,12,18.9,26.0,11.3,0.0
16.9667,7.9833,501.0,Agadez,2016,1,20.0,27.3,12.7,0.0
16.9667,7.9833,501.0,Agadez,2016,2,24.0,31.7,15.7,0.0
16.9667,7.9833,501.0,Agadez,2016,3,30.3,37.4,23.1,0.0
16.9667,7.9833,501.0,Agadez,2016,4,34.9,42.1,27.1,0.0
16.9667,7.9833,501.0,Agadez,2016,5,35.9,43.0,28.7,22.0
16.9667,7.9833,501.0,Agadez,2016,6,34.5,41.3,28.1,30.0
16.9667,7.9833,501.0,Agadez,2016,7,31.8,38.9,25.6,83.0
16.9667,7.9833,501.0,Agadez,2016,8,31.7,38.5,25.8,44.0
16.9667,7.9833,501.0,Agadez,2016,9,33.2,40.4,26.5,17.0
16.9667,7.9833,501.0,Agadez,2016,10,31.0,38.2,23.5,0.0
16.9667,7.9833,501.0,Agadez,2016,11,26.9,34.9,19.2,0.0
16.9667,7.9833,501.0,Agadez,2016,12,23.2,30.0,16.6,0.0
16.9667,7.9833,501.0,Agadez,2017,1,21.6,29.4,13.8,0.0
16.9667,7.9833,501.0,Agadez,2017,2,23.0,30.7,15.6,0.0
16.9667,7.9833,501.0,Agadez,2017,3,28.4,36.5,19.4,0.0
16.9667,7.9833,501.0,Agadez,2017,4,32.0,39.4,24.1,0.0
16.9667,7.9833,501.0,Agadez,2017,5,35.2,42.6,27.7,8.0
16.9667,7.9833,501.0,Agadez,2017,6,34.4,41.1,28.6,23.0
16.9667,7.9833,501.0,Agadez,2017,7,31.9,38.7,26.2,37.0
16.9667,7.9833,501.0,Agadez,2017,8,31.9,38.7,26.2,37.0
16.9667,7.9833,501.0,Agadez,2017,9,33.1,40.8,26.2,7.0
16.9667,7.9833,501.0,Agadez,2017,10,29.0,37.6,22.6,0.0
16.9667,7.9833,501.0,Agadez,2017,11,25.0,33.2,17.3,0.0
16.9667,7.9833,501.0,Agadez,2017,12,22.3,29.3,14.7,0.0
16.9667,7.9833,501.0,Agadez,2018,1,20.0,27.6,12.1,0.0
16.9667,7.9833,501.0,Agadez,2018,2,25.5,33.4,17.1,0.0
16.9667,7.9833,501.0,Agadez,2018,3,29.8,37.9,21.2,0.0
16.9667,7.9833,501.0,Agadez,2018,4,33.3,40.9,24.6,0.0
16.9667,7.9833,501.0,Agadez,2018,5,36.1,43.7,28.1,2.0
16.9667,7.9833,501.0,Agadez,2018,6,35.2,41.8,28.2,5.0
16.9667,7.9833,501.0,Agadez,2018,7,32.2,39.5,26.1,108.0
16.9667,7.9833,501.0,Agadez,2018,8,29.9,36.7,24.3,73.0
16.9667,7.9833,501.0,Agadez,2018,9,32.5,39.7,26.3,5.0
16.9667,7.9833,501.0,Agadez,2018,10,32.9,40.2,25.7,6.0
16.9667,7.9833,501.0,Agadez,2018,11,26.3,34.4,18.2,0.0
16.9667,7.9833,501.0,Agadez,2018,12,20.3,27.8,12.7,0.0
16.9667,7.9833,501.0,Agadez,2019,1,20.0,28.1,12.1,0.0
16.9667,7.9833,501.0,Agadez,2019,2,21.7,29.3,14.1,0.0
16.9667,7.9833,501.0,Agadez,2019,3,28.6,35.9,21.4,0.0
16.9667,7.9833,501.0,Agadez,2019,4,32.5,40.2,24.8,0.0
16.9667,7.9833,501.0,Agadez,2019,5,35.3,42.7,27.9,4.0
16.9667,7.9833,501.0,Agadez,2019,6,35.3,42.0,28.6,17.0
16.9667,7.9833,501.0,Agadez,2019,7,32.3,39.8,26.3,63.0
16.9667,7.9833,501.0,Agadez,2019,8,29.7,36.4,24.7,134.0
16.9667,7.9833,501.0,Agadez,2019,9,32.6,39.8,26.3,29.0
16.9667,7.9833,501.0,Agadez,2019,10,31.5,38.6,25.4,19.0
16.9667,7.9833,501.0,Agadez,2019,11,28.4,36.4,20.5,0.0
16.9667,7.9833,501.0,Agadez,2019,12,21.4,29.3,13.2,0.0
16.9667,7.9833,501.0,Agadez,2020,1,19.9,27.4,13.2,0.0
16.9667,7.9833,501.0,Agadez,2020,2,22.9,31.1,14.4,0.0
16.9667,7.9833,501.0,Agadez,2020,3,28.7,36.9,20.4,0.0
16.9667,7.9833,501.0,Agadez,2020,4,34.0,42.0,25.9,0.0
16.9667,7.9833,501.0,Agadez,2020,5,35.2,42.1,28.2,9.0
16.9667,7.9833,501.0,Agadez,2020,6,35.4,42.9,28.4,32.0
16.9667,7.9833,501.0,Agadez,2020,7,31.8,39.0,26.2,60.0
16.9667,7.9833,501.0,Agadez,2020,8,29.8,36.4,25.1,113.0
16.9667,7.9833,501.0,Agadez,2020,9,31.6,38.9,25.8,33.0
16.9667,7.9833,501.0,Agadez,2020,10,30.9,38.4,23.5,1.0
16.9667,7.9833,501.0,Agadez,2020,11,24.6,32.0,17.2,0.0
16.9667,7.9833,501.0,Agadez,2020,12,24.4,32.4,16.3,0.0
16.9667,7.9833,501.0,Agadez,2021,1,23.2,31.9,14.6,0.0
16.9667,7.9833,501.0,Agadez,2021,2,22.0,30.3,14.0,0.0
16.9667,7.9833,501.0,Agadez,2021,3,28.5,36.3,21.1,0.0
16.9667,7.9833,501.0,Agadez,2021,4,31.9,40.6,23.4,0.0
16.9667,7.9833,501.0,Agadez,2021,5,35.1,43.3,26.8,0.0
16.9667,7.9833,501.0,Agadez,2021,6,35.1,42.7,28.2,9.0
16.9667,7.9833,501.0,Agadez,2021,7,33.4,39.8,27.0,41.0
16.9667,7.9833,501.0,Agadez,2021,8,30.6,38.0,25.1,56.0
16.9667,7.9833,501.0,Agadez,2021,9,33.4,40.2,26.6,8.0
16.9667,7.9833,501.0,Agadez,2021,10,33.2,38.6,23.8,0.5
16.9667,7.9833,501.0,Agadez,2021,11,28.5,36.6,20.6,0.0
16.9667,7.9833,501.0,Agadez,2021,12,21.7,29.7,14.1,0.0
16.9667,7.9833,501.0,Agadez,2022,1,19.1,26.5,12.3,0.0
16.9667,7.9833,501.0,Agadez,2022,2,21.7,30.1,13.0,0.0
16.9667,7.9833,501.0,Agadez,2022,3,27.5,35.2,19.9,0.0
16.9667,7.9833,501.0,Agadez,2022,4,33.8,41.4,26.2,0.0
16.9667,7.9833,501.0,Agadez,2022,5,35.2,42.0,28.2,0.0
16.9667,7.9833,501.0,Agadez,2022,6,34.5,42.0,27.6,12.0
16.9667,7.9833,501.0,Agadez,2022,7,32.1,39.5,26.5,82.0
16.9667,7.9833,501.0,Agadez,2022,8,30.1,37.3,24.9,97.0
16.9667,7.9833,501.0,Agadez,2022,9,33.1,39.3,25.8,23.0
16.9667,7.9833,501.0,Agadez,2022,10,29.9,36.9,23.1,0.0
16.9667,7.9833,501.0,Agadez,2022,11,24.1,32.0,16.3,0.0
16.9667,7.9833,501.0,Agadez,2022,12,22.2,30.0,14.9,0.0
16.9667,7.9833,501.0,Agadez,2023,1,21.2,29.3,13.3,0.0
16.9667,7.9833,501.0,Agadez,2023,2,24.1,31.9,16.4,0.0
16.9667,7.9833,501.0,Agadez,2023,3,29.7,37.3,20.9,0.5
16.9667,7.9833,501.0,Agadez,2023,4,32.9,40.2,25.0,0.0
16.9667,7.9833,501.0,Agadez,2023,5,36.2,43.2,29.1,0.0
16.9667,7.9833,501.0,Agadez,2023,6,34.6,41.9,28.3,8.0
16.9667,7.9833,501.0,Agadez,2023,7,34.1,41.6,27.9,5.0
16.9667,7.9833,501.0,Agadez,2023,8,31.5,38.6,26.2,65.0
16.9667,7.9833,501.0,Agadez,2023,9,32.7,40.3,26.1,34.0
16.9667,7.9833,501.0,Agadez,2023,10,31.0,37.9,24.0,0.0
16.9667,7.9833,501.0,Agadez,2023,11,27.4,34.8,19.9,0.0
16.9667,7.9833,501.0,Agadez,2023,12,21.4,29.3,13.8,0.0
16.9667,7.9833,501.0,Agadez,2024,1,21.3,29.4,13.5,0.0
16.9667,7.9833,501.0,Agadez,2024,2,23.1,31.1,15.0,0.0
16.9667,7.9833,501.0,Agadez,2024,3,30.5,38.5,22.0,0.0
16.9667,7.9833,501.0,Agadez,2024,4,35.1,42.2,27.6,0.0
16.9667,7.9833,501.0,Agadez,2024,5,37.1,44.0,29.9,0.0
16.9667,7.9833,501.0,Agadez,2024,6,36.6,43.0,29.9,5.0
16.9667,7.9833,501.0,Agadez,2024,7,31.8,38.4,26.2,86.0
16.9667,7.9833,501.0,Agadez,2024,8,28.9,34.9,24.6,93.0
16.9667,7.9833,501.0,Agadez,2024,9,31.2,37.2,25.5,
16.9667,7.9833,501.0,Agadez,2024,10,31.0,38.1,24.0,0.0
16.9667,7.9833,501.0,Agadez,2024,11,23.7,31.2,16.2,0.0
16.9667,7.9833,501.0,Agadez,2024,12,21.0,28.5,12.6,0.0
16.9667,7.9833,501.0,Agadez,2025,1,22.0,29.6,14.5,0.0
16.9667,7.9833,501.0,Agadez,2025,2,24.4,32.2,16.7,0.0
16.9667,7.9833,501.0,Agadez,2025,3,30.9,38.8,22.4,0.0
16.9667,7.9833,501.0,Agadez,2025,4,32.4,40.3,23.4,0.0
16.9667,7.9833,501.0,Agadez,2025,5,35.5,42.6,28.1,0.0
16.9667,7.9833,501.0,Agadez,2025,6,34.9,41.6,28.2,4.0
16.9667,7.9833,501.0,Agadez,2025,7,32.0,38.8,26.2,84.5
16.9667,7.9833,501.0,Agadez,2025,8,30.2,36.4,25.2,
14.2,1.45,209.0,Tillabery,1994,1,24.0,31.9,,0.0
14.2,1.45,209.0,Tillabery,1994,2,26.9,35.2,,0.0
14.2,1.45,209.0,Tillabery,1994,3,31.9,,,0.0
14.2,1.45,209.0,Tillabery,1994,4,34.2,,,0.5
14.2,1.45,209.0,Tillabery,1994,5,34.4,42.0,,7.0
14.2,1.45,209.0,Tillabery,1994,6,32.6,,,36.0
14.2,1.45,209.0,Tillabery,1994,7,30.3,,,28.0
14.2,1.45,209.0,Tillabery,1994,8,27.9,33.0,,187.0
14.2,1.45,209.0,Tillabery,1994,9,30.1,,,103.0
14.2,1.45,209.0,Tillabery,1994,10,30.6,,,23.0
14.2,1.45,209.0,Tillabery,1994,11,28.3,,,0.0
14.2,1.45,209.0,Tillabery,1994,12,23.9,,,0.0
14.2,1.45,209.0,Tillabery,1995,1,22.8,,,0.0
14.2,1.45,209.0,Tillabery,1995,2,25.7,33.8,,0.0
14.2,1.45,209.0,Tillabery,1995,4,34.5,,,0.5
14.2,1.45,209.0,Tillabery,1995,5,34.9,42.2,,19.0
14.2,1.45,209.0,Tillabery,1995,6,33.2,40.2,,42.0
14.2,1.45,209.0,Tillabery,1995,7,30.3,35.8,,89.0
14.2,1.45,209.0,Tillabery,1995,8,28.6,,,242.0
14.2,1.45,209.0,Tillabery,1995,9,30.6,36.9,,25.0
14.2,1.45,209.0,Tillabery,1995,10,32.2,39.6,25.5,0.0
14.2,1.45,209.0,Tillabery,1995,11,28.5,36.5,,0.0
14.2,1.45,209.0,Tillabery,1995,12,27.1,35.2,,0.0
14.2,1.45,209.0,Tillabery,1996,1,26.6,,,0.0
14.2,1.45,209.0,Tillabery,1996,2,28.8,37.8,,0.0
14.2,1.45,209.0,Tillabery,1996,3,31.8,,,0.0
14.2,1.45,209.0,Tillabery,1996,4,33.3,,,0.5
14.2,1.45,209.0,Tillabery,1996,5,34.4,,,15.0
14.2,1.45,209.0,Tillabery,1996,6,32.5,38.6,,67.0
14.2,1.45,209.0,Tillabery,1996,7,30.8,,,110.0
14.2,1.45,209.0,Tillabery,1996,8,28.6,34.0,,137.0
14.2,1.45,209.0,Tillabery,1996,9,29.5,,,49.0
14.2,1.45,209.0,Tillabery,1996,10,30.7,38.6,,14.0
14.2,1.45,209.0,Tillabery,1996,11,27.0,35.5,18.7,0.0
14.2,1.45,209.0,Tillabery,1996,12,26.1,,,0.0
14.2,1.45,209.0,Tillabery,1997,1,26.4,,,0.0
14.2,1.45,209.0,Tillabery,1997,2,25.7,33.2,,0.0
14.2,1.45,209.0,Tillabery,1997,3,29.8,,,25.0
14.2,1.45,209.0,Tillabery,1997,4,33.2,,,0.0
14.2,1.45,209.0,Tillabery,1997,5,33.9,41.1,,22.0
14.2,1.45,209.0,Tillabery,1997,6,,,,60.0
14.2,1.45,209.0,Tillabery,1997,7,,,,88.0
14.2,1.45,209.0,Tillabery,1997,9,32.0,37.2,26.0,50.0
14.2,1.45,209.0,Tillabery,1997,10,33.1,40.4,26.9,0.5
14.2,1.45,209.0,Tillabery,1997,11,29.7,38.4,21.1,0.0
14.2,1.45,209.0,Tillabery,1997,12,25.6,34.1,17.2,0.0
14.2,1.45,209.0,Tillabery,1998,1,24.6,32.8,16.8,0.0
14.2,1.45,209.0,Tillabery,1998,2,29.4,37.4,21.7,0.0
14.2,1.45,209.0,Tillabery,1998,3,29.5,37.2,,0.0
14.2,1.45,209.0,Tillabery,1998,4,35.4,43.2,27.3,0.0
14.2,1.45,209.0,Tillabery,1998,5,35.6,42.2,29.5,26.0
14.2,1.45,209.0,Tillabery,1998,6,32.6,38.5,27.8,51.0
14.2,1.45,209.0,Tillabery,1998,8,28.5,33.7,24.4,89.0
14.2,1.45,209.0,Tillabery,1998,9,29.2,34.7,24.6,247.0
14.2,1.45,209.0,Tillabery,1998,10,32.3,39.1,26.3,0.0
14.2,1.45,209.0,Tillabery,1998,11,29.7,38.3,22.0,0.0
14.2,1.45,209.0,Tillabery,1998,12,26.0,34.5,18.1,0.0
14.2,1.45,209.0,Tillabery,1999,1,25.1,33.6,17.3,0.0
14.2,1.45,209.0,Tillabery,1999,2,26.6,35.3,19.9,0.0
14.2,1.45,209.0,Tillabery,1999,3,32.7,41.7,23.2,0.0
14.2,1.45,209.0,Tillabery,1999,4,34.6,42.3,27.1,0.5
14.2,1.45,209.0,Tillabery,1999,5,34.9,42.1,28.3,9.0
14.2,1.45,209.0,Tillabery,1999,6,34.5,41.3,28.5,11.0
14.2,1.45,209.0,Tillabery,1999,7,29.7,35.6,24.5,144.0
14.2,1.45,209.0,Tillabery,1999,8,27.9,32.6,23.8,142.0
14.2,1.45,209.0,Tillabery,1999,9,29.2,34.8,24.2,101.0
14.2,1.45,209.0,Tillabery,1999,10,31.1,38.5,24.0,0.0
14.2,1.45,209.0,Tillabery,1999,11,29.4,38.0,21.2,0.0
14.2,1.45,209.0,Tillabery,1999,12,25.4,33.6,,0.0
14.2,1.45,209.0,Tillabery,2000,1,27.4,,,0.0
14.2,1.45,209.0,Tillabery,2000,2,24.8,32.4,17.8,0.0
14.2,1.45,209.0,Tillabery,2000,3,30.2,38.6,21.6,0.0
14.2,1.45,209.0,Tillabery,2000,4,35.0,43.8,25.9,0.5
14.2,1.45,209.0,Tillabery,2000,5,36.1,,,0.0
14.2,1.45,209.0,Tillabery,2000,6,33.1,39.7,27.1,43.0
14.2,1.45,209.0,Tillabery,2000,7,29.6,,,198.0
14.2,1.45,209.0,Tillabery,2000,8,29.0,34.6,21.3,90.0
14.2,1.45,209.0,Tillabery,2000,9,31.0,37.5,25.6,60.0
14.2,1.45,209.0,Tillabery,2000,10,31.8,39.1,25.0,0.0
14.2,1.45,209.0,Tillabery,2000,11,28.8,,,0.0
14.2,1.45,209.0,Tillabery,2000,12,24.9,33.3,16.6,0.0
14.2,1.45,209.0,Tillabery,2001,1,24.2,32.1,15.8,0.0
14.2,1.45,209.0,Tillabery,2001,2,25.8,33.9,18.0,0.0
14.2,1.45,209.0,Tillabery,2001,3,31.5,40.7,21.7,0.0
14.2,1.45,209.0,Tillabery,2001,4,35.0,42.8,27.1,0.0
14.2,1.45,209.0,Tillabery,2001,5,35.5,42.5,,8.0
14.2,1.45,209.0,Tillabery,2001,6,33.2,39.7,27.1,63.0
14.2,1.45,209.0,Tillabery,2001,7,30.0,,,94.0
14.2,1.45,209.0,Tillabery,2001,8,29.9,34.4,24.7,127.0
14.2,1.45,209.0,Tillabery,2001,9,30.3,36.8,24.1,74.0
14.2,1.45,209.0,Tillabery,2001,10,31.6,,,0.0
14.2,1.45,209.0,Tillabery,2001,11,27.4,37.5,20.6,0.0
14.2,1.45,209.0,Tillabery,2001,12,27.0,35.5,19.4,0.0
14.2,1.45,209.0,Tillabery,2002,1,24.0,,,0.0
14.2,1.45,209.0,Tillabery,2002,2,26.9,35.2,17.6,0.0
14.2,1.45,209.0,Tillabery,2002,3,32.1,40.8,23.4,0.0
14.2,1.45,209.0,Tillabery,2002,4,35.0,43.3,26.7,2.0
14.2,1.45,209.0,Tillabery,2002,5,36.0,43.7,29.1,2.0
14.2,1.45,209.0,Tillabery,2002,6,32.8,,,54.0
14.2,1.45,209.0,Tillabery,2002,8,29.4,,,
14.2,1.45,209.0,Tillabery,2002,9,30.6,37.2,25.4,102.0
14.2,1.45,209.0,Tillabery,2002,10,30.1,37.0,24.3,17.0
14.2,1.45,209.0,Tillabery,2002,11,28.9,37.7,20.7,0.5
14.2,1.45,209.0,Tillabery,2002,12,26.4,30.3,21.8,0.0
14.2,1.45,209.0,Tillabery,2003,1,25.3,33.7,17.9,0.0
14.2,1.45,209.0,Tillabery,2003,2,28.9,38.1,,0.0
14.2,1.45,209.0,Tillabery,2003,3,30.8,39.1,,0.5
14.2,1.45,209.0,Tillabery,2003,4,34.8,,,2.0
14.2,1.45,209.0,Tillabery,2003,5,34.5,42.5,27.5,22.0
14.2,1.45,209.0,Tillabery,2003,6,31.2,37.7,25.6,94.0
14.2,1.45,209.0,Tillabery,2003,8,28.7,34.3,24.3,197.0
14.2,1.45,209.0,Tillabery,2003,9,29.3,35.6,23.6,93.0
14.2,1.45,209.0,Tillabery,2003,10,31.9,,,23.0
14.2,1.45,209.0,Tillabery,2003,11,30.1,38.4,22.0,0.0
14.2,1.45,209.0,Tillabery,2003,12,25.5,33.7,,0.0
14.2,1.45,209.0,Tillabery,2004,1,25.6,33.6,18.6,0.0
14.2,1.45,209.0,Tillabery,2004,2,27.7,35.6,20.2,0.0
14.2,1.45,209.0,Tillabery,2004,3,30.5,37.6,23.4,0.0
14.2,1.45,209.0,Tillabery,2004,4,34.5,41.9,27.7,10.0
14.2,1.45,209.0,Tillabery,2004,5,34.5,41.6,,8.0
14.2,1.45,209.0,Tillabery,2004,6,33.1,39.4,,26.0
14.2,1.45,209.0,Tillabery,2004,7,29.9,35.3,25.2,75.0
14.2,1.45,209.0,Tillabery,2004,8,29.5,34.8,24.5,140.0
14.2,1.45,209.0,Tillabery,2004,10,32.1,40.5,24.3,0.0
14.2,1.45,209.0,Tillabery,2004,11,29.8,38.1,22.0,0.0
14.2,1.45,209.0,Tillabery,2004,12,27.6,36.5,,0.0
14.2,1.45,209.0,Tillabery,2005,1,24.3,,,0.0
14.2,1.45,209.0,Tillabery,2005,2,30.7,38.1,23.9,0.0
14.2,1.45,209.0,Tillabery,2005,3,33.9,41.4,26.4,0.0
14.2,1.45,209.0,Tillabery,2005,4,35.0,43.1,26.8,4.0
14.2,1.45,209.0,Tillabery,2005,5,34.5,,,21.0
14.2,1.45,209.0,Tillabery,2005,12,26.8,35.0,19.5,0.0
14.2,1.45,209.0,Tillabery,2006,1,26.7,,,0.0
14.2,1.45,209.0,Tillabery,2006,2,28.3,37.1,20.2,0.0
14.2,1.45,209.0,Tillabery,2006,3,31.9,40.4,23.3,0.0
14.2,1.45,209.0,Tillabery,2006,4,34.1,42.0,25.7,0.0
14.2,1.45,209.0,Tillabery,2006,5,33.6,40.0,27.6,31.0
14.2,1.45,209.0,Tillabery,2006,6,34.0,40.3,28.5,24.0
14.2,1.45,209.0,Tillabery,2006,7,30.8,36.3,25.7,135.0
14.2,1.45,209.0,Tillabery,2006,9,29.9,35.5,25.1,41.0
14.2,1.45,209.0,Tillabery,2006,10,31.9,,,0.0
14.2,1.45,209.0,Tillabery,2006,11,28.0,36.1,20.8,0.0
14.2,1.45,209.0,Tillabery,2006,12,24.8,32.9,17.5,0.0
14.2,1.45,209.0,Tillabery,2007,1,23.9,31.2,17.1,0.0
14.2,1.45,209.0,Tillabery,2007,2,27.6,36.7,18.9,0.0
14.2,1.45,209.0,Tillabery,2007,3,31.0,,,0.0
14.2,1.45,209.0,Tillabery,2007,4,35.3,42.7,28.3,2.0
14.2,1.45,209.0,Tillabery,2007,5,35.0,42.0,,16.0
14.2,1.45,209.0,Tillabery,2007,6,33.5,39.4,28.1,50.0
14.2,1.45,209.0,Tillabery,2007,7,29.7,35.1,24.5,230.0
14.2,1.45,209.0,Tillabery,2007,8,28.6,33.5,24.2,163.0
14.2,1.45,209.0,Tillabery,2007,9,30.5,36.5,25.5,41.0
14.2,1.45,209.0,Tillabery,2007,10,31.8,,,0.0
14.2,1.45,209.0,Tillabery,2007,11,30.0,38.4,22.1,0.0
14.2,1.45,209.0,Tillabery,2007,12,26.3,34.1,19.0,0.5
14.2,1.45,209.0,Tillabery,2008,1,22.0,29.5,15.1,0.0
14.2,1.45,209.0,Tillabery,2008,2,26.5,,,
14.2,1.45,209.0,Tillabery,2008,3,31.9,,23.4,0.0
14.2,1.45,209.0,Tillabery,2008,4,33.7,41.1,25.7,0.0
14.2,1.45,209.0,Tillabery,2008,5,34.7,41.6,28.4,5.0
14.2,1.45,209.0,Tillabery,2008,6,32.7,39.0,26.8,84.0
14.2,1.45,209.0,Tillabery,2008,7,29.9,35.5,25.0,77.0
14.2,1.45,209.0,Tillabery,2008,8,28.9,34.1,24.4,236.0
14.2,1.45,209.0,Tillabery,2008,9,31.1,36.4,26.4,6.0
14.2,1.45,209.0,Tillabery,2008,10,31.9,39.2,25.1,12.0
14.2,1.45,209.0,Tillabery,2008,11,29.0,37.7,20.8,0.0
14.2,1.45,209.0,Tillabery,2008,12,26.5,35.1,18.7,0.0
14.2,1.45,209.0,Tillabery,2009,1,24.4,32.6,16.7,0.0
14.2,1.45,209.0,Tillabery,2009,2,30.2,38.5,22.4,0.0
14.2,1.45,209.0,Tillabery,2009,3,32.9,40.5,25.1,0.0
14.2,1.45,209.0,Tillabery,2009,4,34.8,43.0,26.5,0.5
14.2,1.45,209.0,Tillabery,2009,5,35.2,42.3,29.1,9.0
14.2,1.45,209.0,Tillabery,2009,6,33.3,39.3,27.7,73.0
14.2,1.45,209.0,Tillabery,2009,7,31.3,37.1,26.5,47.0
14.2,1.45,209.0,Tillabery,2009,8,30.1,35.4,25.7,88.0
14.2,1.45,209.0,Tillabery,2009,9,31.0,37.1,25.9,24.0
14.2,1.45,209.0,Tillabery,2009,10,32.5,39.5,26.8,20.0
14.2,1.45,209.0,Tillabery,2009,11,29.3,36.9,22.3,0.0
14.2,1.45,209.0,Tillabery,2009,12,27.6,35.7,20.1,0.0
14.2,1.45,209.0,Tillabery,2010,1,26.0,35.1,17.6,0.0
14.2,1.45,209.0,Tillabery,2010,2,30.6,39.4,,0.0
14.2,1.45,209.0,Tillabery,2010,3,32.5,40.1,25.1,0.0
14.2,1.45,209.0,Tillabery,2010,4,35.9,43.3,,0.0
14.2,1.45,209.0,Tillabery,2010,5,36.1,42.6,30.5,0.5
14.2,1.45,209.0,Tillabery,2010,6,32.7,38.7,27.3,127.0
14.2,1.45,209.0,Tillabery,2010,7,30.2,35.5,25.5,140.0
14.2,1.45,209.0,Tillabery,2010,8,29.0,34.0,24.5,129.0
14.2,1.45,209.0,Tillabery,2010,9,29.3,35.7,25.3,79.0
14.2,1.45,209.0,Tillabery,2010,10,31.7,38.1,26.0,10.0
14.2,1.45,209.0,Tillabery,2010,11,30.6,38.7,23.0,0.0
14.2,1.45,209.0,Tillabery,2010,12,25.7,34.4,17.5,0.0
14.2,1.45,209.0,Tillabery,2011,1,24.9,32.8,17.2,0.0
14.2,1.45,209.0,Tillabery,2011,2,29.4,37.0,22.2,0.0
14.2,1.45,209.0,Tillabery,2011,3,33.5,41.6,25.1,0.0
14.2,1.45,209.0,Tillabery,2011,4,34.0,42.0,26.2,0.0
14.2,1.45,209.0,Tillabery,2011,5,36.1,42.8,30.0,0.5
14.2,1.45,209.0,Tillabery,2011,6,33.6,39.7,28.1,6.0
14.2,1.45,209.0,Tillabery,2011,7,31.5,37.6,25.9,84.0
14.2,1.45,209.0,Tillabery,2011,8,29.3,34.6,24.5,154.0
14.2,1.45,209.0,Tillabery,2011,9,30.5,36.8,25.3,95.0
14.2,1.45,209.0,Tillabery,2011,10,32.2,39.5,25.7,0.5
14.2,1.45,209.0,Tillabery,2011,11,28.9,37.7,20.4,0.0
14.2,1.45,209.0,Tillabery,2011,12,24.6,32.3,17.3,0.0
14.2,1.45,209.0,Tillabery,2012,1,24.0,31.9,16.7,0.0
14.2,1.45,209.0,Tillabery,2012,2,28.9,37.3,21.3,9.0
14.2,1.45,209.0,Tillabery,2012,3,31.0,38.5,23.4,0.0
14.2,1.45,209.0,Tillabery,2012,4,34.9,42.0,28.2,5.0
14.2,1.45,209.0,Tillabery,2012,5,34.9,41.2,29.5,19.0
14.2,1.45,209.0,Tillabery,2012,6,32.6,38.5,28.0,43.0
14.2,1.45,209.0,Tillabery,2012,7,29.7,35.1,24.8,208.0
14.2,1.45,209.0,Tillabery,2012,8,28.7,33.8,24.5,190.0
14.2,1.45,209.0,Tillabery,2012,9,30.0,35.4,25.1,152.0
14.2,1.45,209.0,Tillabery,2012,10,31.4,38.4,25.5,30.0
14.2,1.45,209.0,Tillabery,2012,11,30.5,38.9,22.7,0.0
14.2,1.45,209.0,Tillabery,2012,12,26.6,34.9,19.3,0.0
14.2,1.45,209.0,Tillabery,2013,1,24.9,33.0,17.7,
14.2,1.45,209.0,Tillabery,2013,2,28.2,36.7,20.4,0.0
14.2,1.45,209.0,Tillabery,2013,3,33.8,42.8,25.0,0.0
14.2,1.45,209.0,Tillabery,2013,4,34.4,42.0,27.6,2.0
14.2,1.45,209.0,Tillabery,2013,5,35.5,42.6,29.4,31.0
14.2,1.45,209.0,Tillabery,2013,6,33.6,40.2,28.1,44.0
14.2,1.45,209.0,Tillabery,2013,7,30.2,35.7,24.9,84.0
14.2,1.45,209.0,Tillabery,2013,8,27.9,32.4,24.2,303.0
14.2,1.45,209.0,Tillabery,2013,9,30.5,36.2,25.3,43.0
14.2,1.45,209.0,Tillabery,2013,10,31.3,39.0,24.1,12.0
14.2,1.45,209.0,Tillabery,2013,11,29.7,38.5,21.3,0.0
14.2,1.45,209.0,Tillabery,2013,12,25.2,33.1,17.9,0.0
14.2,1.45,209.0,Tillabery,2014,1,26.3,34.2,19.0,0.0
14.2,1.45,209.0,Tillabery,2014,2,27.4,33.9,19.8,0.5
14.2,1.45,209.0,Tillabery,2014,3,30.9,39.5,22.0,0.0
14.2,1.45,209.0,Tillabery,2014,4,35.0,43.1,26.7,0.0
14.2,1.45,209.0,Tillabery,2014,5,34.2,40.8,28.7,37.0
14.2,1.45,209.0,Tillabery,2014,6,33.7,40.0,28.0,50.0
14.2,1.45,209.0,Tillabery,2014,7,30.5,35.7,25.3,176.0
14.2,1.45,209.0,Tillabery,2014,8,29.2,33.9,24.6,151.0
14.2,1.45,209.0,Tillabery,2014,9,30.5,37.8,25.5,37.0
14.2,1.45,209.0,Tillabery,2014,10,31.6,39.2,24.5,29.0
14.2,1.45,209.0,Tillabery,2014,11,29.9,38.4,21.4,3.0
14.2,1.45,209.0,Tillabery,2014,12,25.6,34.0,18.1,0.0
14.2,1.45,209.0,Tillabery,2015,1,23.4,31.1,16.5,0.0
14.2,1.45,209.0,Tillabery,2015,2,28.8,37.4,20.8,0.5
14.2,1.45,209.0,Tillabery,2015,3,31.2,38.6,24.0,7.0
14.2,1.45,209.0,Tillabery,2015,4,33.7,41.5,25.7,0.0
14.2,1.45,209.0,Tillabery,2015,5,36.4,43.8,29.3,0.0
14.2,1.45,209.0,Tillabery,2015,6,34.2,39.9,28.6,74.0
14.2,1.45,209.0,Tillabery,2015,7,30.3,35.8,25.5,163.0
14.2,1.45,209.0,Tillabery,2015,8,28.4,33.0,24.0,186.0
14.2,1.45,209.0,Tillabery,2015,9,30.3,,,35.0
14.2,1.45,209.0,Tillabery,2015,10,32.2,39.2,26.6,21.0
14.2,1.45,209.0,Tillabery,2015,11,29.4,37.4,22.1,0.0
14.2,1.45,209.0,Tillabery,2015,12,23.5,30.3,17.2,0.0
14.2,1.45,209.0,Tillabery,2016,1,25.0,31.8,18.4,0.0
14.2,1.45,209.0,Tillabery,2016,2,27.3,35.5,19.4,0.0
14.2,1.45,209.0,Tillabery,2016,3,31.2,39.5,23.2,20.0
14.2,1.45,209.0,Tillabery,2016,4,35.6,43.3,28.4,6.0
14.2,1.45,209.0,Tillabery,2016,5,35.1,42.0,29.2,54.0
14.2,1.45,209.0,Tillabery,2016,6,32.2,38.1,26.7,115.0
14.2,1.45,209.0,Tillabery,2016,7,30.4,35.7,25.5,112.0
14.2,1.45,209.0,Tillabery,2016,8,29.4,34.3,25.0,157.0
14.2,1.45,209.0,Tillabery,2016,9,29.8,35.3,24.7,226.0
14.2,1.45,209.0,Tillabery,2016,10,32.3,39.5,25.8,3.0
14.2,1.45,209.0,Tillabery,2016,11,29.9,38.6,21.7,0.0
14.2,1.45,209.0,Tillabery,2016,12,27.4,35.0,20.4,0.0
14.2,1.45,209.0,Tillabery,2017,1,25.0,33.0,18.3,0.0
14.2,1.45,209.0,Tillabery,2017,2,28.3,35.6,21.5,0.0
14.2,1.45,209.0,Tillabery,2017,3,32.5,41.4,23.7,0.0
14.2,1.45,209.0,Tillabery,2017,4,35.0,42.3,27.9,2.0
14.2,1.45,209.0,Tillabery,2017,5,35.0,41.6,29.0,51.0
14.2,1.45,209.0,Tillabery,2017,6,32.3,37.9,27.2,58.0
14.2,1.45,209.0,Tillabery,2017,7,30.2,35.4,25.3,94.0
14.2,1.45,209.0,Tillabery,2017,8,29.3,34.5,24.8,176.0
14.2,1.45,209.0,Tillabery,2017,9,30.7,36.6,25.9,25.0
14.2,1.45,209.0,Tillabery,2017,10,31.2,39.3,24.2,3.0
14.2,1.45,209.0,Tillabery,2017,11,28.4,37.1,19.7,0.0
14.2,1.45,209.0,Tillabery,2017,12,25.7,33.4,19.4,0.0
14.2,1.45,209.0,Tillabery,2018,1,24.3,32.2,16.7,0.0
14.2,1.45,209.0,Tillabery,2018,2,28.8,37.3,21.5,0.5
14.2,1.45,209.0,Tillabery,2018,3,32.5,41.3,23.7,0.0
14.2,1.45,209.0,Tillabery,2018,4,34.4,43.6,25.8,0.0
14.2,1.45,209.0,Tillabery,2018,5,34.7,42.0,28.2,46.0
14.2,1.45,209.0,Tillabery,2018,6,33.0,38.8,27.7,94.0
14.2,1.45,209.0,Tillabery,2018,7,30.1,35.2,25.8,151.0
14.2,1.45,209.0,Tillabery,2018,8,28.5,33.7,24.4,117.0
14.2,1.45,209.0,Tillabery,2018,9,30.3,36.1,24.9,79.0
14.2,1.45,209.0,Tillabery,2018,10,31.9,38.9,26.2,28.0
14.2,1.45,209.0,Tillabery,2018,11,29.9,38.5,21.0,0.0
14.2,1.45,209.0,Tillabery,2018,12,25.3,32.7,18.7,0.0
14.2,1.45,209.0,Tillabery,2019,1,24.6,32.6,17.1,0.0
14.2,1.45,209.0,Tillabery,2019,2,26.5,34.5,18.9,0.0
14.2,1.45,209.0,Tillabery,2019,3,31.5,39.6,24.1,0.0
14.2,1.45,209.0,Tillabery,2019,4,35.2,42.7,27.6,0.5
14.2,1.45,209.0,Tillabery,2019,5,35.6,42.3,29.4,11.0
14.2,1.45,209.0,Tillabery,2019,6,33.6,40.5,28.3,75.0
14.2,1.45,209.0,Tillabery,2019,7,30.7,36.0,26.7,79.0
14.2,1.45,209.0,Tillabery,2019,8,28.5,33.6,24.4,182.0
14.2,1.45,209.0,Tillabery,2019,9,30.9,36.6,26.2,28.0
14.2,1.45,209.0,Tillabery,2019,10,31.5,37.8,26.4,27.0
14.2,1.45,209.0,Tillabery,2019,11,30.6,39.5,22.6,0.0
14.2,1.45,209.0,Tillabery,2019,12,26.2,34.6,18.7,0.0
14.2,1.45,209.0,Tillabery,2020,1,24.5,31.7,18.1,0.0
14.2,1.45,209.0,Tillabery,2020,2,27.3,34.9,20.8,0.0
14.2,1.45,209.0,Tillabery,2020,3,32.7,40.9,24.9,0.0
14.2,1.45,209.0,Tillabery,2020,4,35.8,43.3,28.6,0.0
14.2,1.45,209.0,Tillabery,2020,5,35.5,42.9,29.5,0.5
14.2,1.45,209.0,Tillabery,2020,6,34.6,39.6,27.5,46.0
14.2,1.45,209.0,Tillabery,2020,7,30.4,35.9,25.6,115.0
14.2,1.45,209.0,Tillabery,2020,8,28.5,33.2,24.5,282.0
14.2,1.45,209.0,Tillabery,2020,9,29.4,35.0,25.3,171.0
14.2,1.45,209.0,Tillabery,2020,10,30.7,38.1,24.9,7.0
14.2,1.45,209.0,Tillabery,2020,11,29.0,36.6,22.0,0.0
14.2,1.45,209.0,Tillabery,2020,12,28.5,36.6,20.7,0.0
14.2,1.45,209.0,Tillabery,2021,1,27.6,36.2,19.5,0.0
14.2,1.45,209.0,Tillabery,2021,2,27.9,35.9,20.7,0.0
14.2,1.45,209.0,Tillabery,2021,3,31.8,39.5,24.5,0.0
14.2,1.45,209.0,Tillabery,2021,4,34.6,43.4,25.9,0.0
14.2,1.45,209.0,Tillabery,2021,5,35.9,43.6,30.1,2.0
14.2,1.45,209.0,Tillabery,2021,6,33.6,40.2,28.0,32.0
14.2,1.45,209.0,Tillabery,2021,7,30.5,35.7,25.8,109.0
14.2,1.45,209.0,Tillabery,2021,8,29.3,34.3,24.7,159.0
14.2,1.45,209.0,Tillabery,2021,9,31.9,37.2,26.5,33.0
14.2,1.45,209.0,Tillabery,2021,10,33.7,40.1,26.5,0.0
14.2,1.45,209.0,Tillabery,2021,11,30.9,39.6,22.8,0.0
14.2,1.45,209.0,Tillabery,2021,12,26.6,33.9,19.7,0.0
14.2,1.45,209.0,Tillabery,2022,1,24.5,31.5,17.4,0.0
14.2,1.45,209.0,Tillabery,2022,2,27.5,35.6,18.2,0.0
14.2,1.45,209.0,Tillabery,2022,3,32.7,39.7,25.8,0.0
14.2,1.45,209.0,Tillabery,2022,4,34.2,42.7,27.2,0.0
14.2,1.45,209.0,Tillabery,2022,5,35.1,42.4,29.0,10.0
14.2,1.45,209.0,Tillabery,2022,6,32.7,39.6,27.8,61.0
14.2,1.45,209.0,Tillabery,2022,7,31.2,36.6,26.2,107.0
14.2,1.45,209.0,Tillabery,2022,8,28.5,33.9,24.5,167.0
14.2,1.45,209.0,Tillabery,2022,9,30.7,35.4,25.7,63.0
14.2,1.45,209.0,Tillabery,2022,10,31.9,39.8,25.5,10.0
14.2,1.45,209.0,Tillabery,2022,11,28.8,36.6,22.0,0.0
14.2,1.45,209.0,Tillabery,2022,12,26.8,33.7,19.8,0.0
14.2,1.45,209.0,Tillabery,2023,1,25.2,33.2,17.8,0.0
14.2,1.45,209.0,Tillabery,2023,2,28.9,36.4,21.1,0.0
14.2,1.45,209.0,Tillabery,2023,3,33.3,41.0,24.9,0.0
14.2,1.45,209.0,Tillabery,2023,4,34.6,42.5,26.7,0.5
14.2,1.45,209.0,Tillabery,2023,5,36.1,42.2,28.3,0.5
14.2,1.45,209.0,Tillabery,2023,6,33.6,39.7,27.9,66.0
14.2,1.45,209.0,Tillabery,2023,7,30.5,36.6,25.7,118.0
14.2,1.45,209.0,Tillabery,2023,8,28.8,34.2,24.7,128.0
14.2,1.45,209.0,Tillabery,2023,9,30.5,36.5,25.6,75.0
14.2,1.45,209.0,Tillabery,2023,10,32.9,40.2,25.6,6.0
14.2,1.45,209.0,Tillabery,2023,11,31.2,39.1,23.8,0.0
14.2,1.45,209.0,Tillabery,2023,12,25.8,33.8,18.2,0.0
14.2,1.45,209.0,Tillabery,2024,1,26.1,34.0,18.4,0.0
14.2,1.45,209.0,Tillabery,2024,2,28.0,36.2,19.7,0.0
14.2,1.45,209.0,Tillabery,2024,3,33.8,42.0,25.9,0.5
14.2,1.45,209.0,Tillabery,2024,4,36.5,44.4,29.0,0.0
14.2,1.45,209.0,Tillabery,2024,5,36.3,43.0,30.5,11.0
14.2,1.45,209.0,Tillabery,2024,6,34.2,40.6,28.7,132.0
14.2,1.45,209.0,Tillabery,2024,7,30.2,35.7,25.9,237.0
14.2,1.45,209.0,Tillabery,2024,8,28.5,33.2,24.9,359.0
14.2,1.45,209.0,Tillabery,2024,9,28.4,33.7,25.1,172.0
14.2,1.45,209.0,Tillabery,2024,10,31.6,38.5,25.6,16.0
14.2,1.45,209.0,Tillabery,2024,11,27.9,35.4,20.7,0.0
14.2,1.45,209.0,Tillabery,2024,12,24.2,32.7,17.2,0.0
14.2,1.45,209.0,Tillabery,2025,1,25.7,33.9,18.9,0.0
14.2,1.45,209.0,Tillabery,2025,2,28.8,36.7,21.7,0.0
14.2,1.45,209.0,Tillabery,2025,3,34.1,42.6,25.4,0.0
14.2,1.45,209.0,Tillabery,2025,4,35.2,43.6,26.7,0.0
14.2,1.45,209.0,Tillabery,2025,5,36.0,42.7,29.4,4.0
14.2,1.45,209.0,Tillabery,2025,6,33.6,40.1,27.9,32.0
14.2,1.45,209.0,Tillabery,2025,7,29.7,35.3,25.5,158.4
14.9,5.25,386.0,Tahoua,1994,1,23.0,,,0.0
14.9,5.25,386.0,Tahoua,1994,2,24.8,,,0.0
14.9,5.25,386.0,Tahoua,1994,3,31.9,,,0.0
14.9,5.25,386.0,Tahoua,1994,4,33.8,,,0.0
14.9,5.25,386.0,Tahoua,1994,5,33.9,40.6,,15.0
14.9,5.25,386.0,Tahoua,1994,6,32.8,,,52.0
14.9,5.25,386.0,Tahoua,1994,7,28.7,,,149.0
14.9,5.25,386.0,Tahoua,1994,8,27.1,31.7,,274.0
14.9,5.25,386.0,Tahoua,1994,9,28.5,,,87.0
14.9,5.25,386.0,Tahoua,1994,10,29.6,36.6,24.2,54.0
14.9,5.25,386.0,Tahoua,1994,11,26.1,,,0.0
14.9,5.25,386.0,Tahoua,1994,12,21.6,,,0.0
14.9,5.25,386.0,Tahoua,1995,1,20.7,,,0.0
14.9,5.25,386.0,Tahoua,1995,2,23.8,31.2,,0.0
14.9,5.25,386.0,Tahoua,1995,3,31.2,,,0.0
14.9,5.25,386.0,Tahoua,1995,4,33.6,,,10.0
14.9,5.25,386.0,Tahoua,1995,5,34.1,40.6,,0.0
14.9,5.25,386.0,Tahoua,1995,6,33.0,,,44.0
14.9,5.25,386.0,Tahoua,1995,7,30.4,,,73.0
14.9,5.25,386.0,Tahoua,1995,8,28.6,34.5,,137.0
14.9,5.25,386.0,Tahoua,1995,9,29.6,35.8,,57.0
14.9,5.25,386.0,Tahoua,1995,10,31.3,38.3,24.3,1.0
14.9,5.25,386.0,Tahoua,1995,11,26.6,34.2,,0.0
14.9,5.25,386.0,Tahoua,1995,12,25.4,33.4,,0.0
14.9,5.25,386.0,Tahoua,1996,1,25.2,33.5,,0.0
14.9,5.25,386.0,Tahoua,1996,2,27.9,35.8,,0.0
14.9,5.25,386.0,Tahoua,1996,3,30.9,38.1,,0.0
14.9,5.25,386.0,Tahoua,1996,4,32.9,,,0.0
14.9,5.25,386.0,Tahoua,1996,5,33.7,41.0,,41.0
14.9,5.25,386.0,Tahoua,1996,6,31.5,,,112.0
14.9,5.25,386.0,Tahoua,1996,7,30.2,,,78.0
14.9,5.25,386.0,Tahoua,1996,8,28.8,34.4,,77.0
14.9,5.25,386.0,Tahoua,1996,9,29.9,,,67.0
14.9,5.25,386.0,Tahoua,1996,10,30.8,37.8,,5.0
14.9,5.25,386.0,Tahoua,1996,11,25.7,33.1,17.5,0.0
14.9,5.25,386.0,Tahoua,1996,12,24.9,,,0.0
14.9,5.25,386.0,Tahoua,1997,1,24.8,,17.1,0.0
14.9,5.25,386.0,Tahoua,1997,2,23.5,30.5,16.0,0.0
14.9,5.25,386.0,Tahoua,1997,3,29.4,,,0.5
14.9,5.25,386.0,Tahoua,1997,4,32.8,,25.4,0.5
14.9,5.25,386.0,Tahoua,1997,5,33.2,,27.5,11.0
14.9,5.25,386.0,Tahoua,1997,6,32.0,,,39.0
14.9,5.25,386.0,Tahoua,1997,7,30.6,,,49.0
14.9,5.25,386.0,Tahoua,1997,8,29.5,,,
14.9,5.25,386.0,Tahoua,1997,9,31.4,37.7,25.6,36.0
14.9,5.25,386.0,Tahoua,1997,10,32.2,38.0,25.8,12.0
14.9,5.25,386.0,Tahoua,1997,11,29.5,36.9,21.4,0.0
14.9,5.25,386.0,Tahoua,1997,12,24.2,31.8,16.3,0.0
14.9,5.25,386.0,Tahoua,1998,1,23.4,30.8,15.8,0.0
14.9,5.25,386.0,Tahoua,1998,2,27.6,34.9,19.8,0.0
14.9,5.25,386.0,Tahoua,1998,3,27.5,34.7,19.4,0.0
14.9,5.25,386.0,Tahoua,1998,4,35.4,42.2,27.9,0.0
14.9,5.25,386.0,Tahoua,1998,5,35.6,41.9,29.8,16.0
14.9,5.25,386.0,Tahoua,1998,6,32.1,,,90.0
14.9,5.25,386.0,Tahoua,1998,7,30.7,,,139.0
14.9,5.25,386.0,Tahoua,1998,8,28.5,33.1,24.5,130.0
14.9,5.25,386.0,Tahoua,1998,9,29.1,34.7,24.4,115.0
14.9,5.25,386.0,Tahoua,1998,10,31.4,37.9,25.4,0.5
14.9,5.25,386.0,Tahoua,1998,11,28.6,36.3,20.7,0.0
14.9,5.25,386.0,Tahoua,1998,12,24.6,32.4,17.0,0.0
14.9,5.25,386.0,Tahoua,1999,1,24.0,31.8,16.4,0.0
14.9,5.25,386.0,Tahoua,1999,2,26.6,34.3,19.1,0.0
14.9,5.25,386.0,Tahoua,1999,3,32.4,,,0.0
14.9,5.25,386.0,Tahoua,1999,4,33.9,40.9,26.4,0.5
14.9,5.25,386.0,Tahoua,1999,5,33.8,40.7,26.8,30.0
14.9,5.25,386.0,Tahoua,1999,6,33.3,39.8,27.3,10.0
14.9,5.25,386.0,Tahoua,1999,7,29.2,34.6,24.3,96.0
14.9,5.25,386.0,Tahoua,1999,8,27.0,31.5,23.2,305.0
14.9,5.25,386.0,Tahoua,1999,9,28.8,34.8,23.8,49.0
14.9,5.25,386.0,Tahoua,1999,10,30.4,37.3,23.5,0.5
14.9,5.25,386.0,Tahoua,1999,12,,,,0.0
14.9,5.25,386.0,Tahoua,2000,1,25.8,,,0.0
14.9,5.25,386.0,Tahoua,2000,2,22.7,29.7,15.2,0.0
14.9,5.25,386.0,Tahoua,2000,3,28.6,,,0.0
14.9,5.25,386.0,Tahoua,2000,4,34.6,42.2,25.8,0.0
14.9,5.25,386.0,Tahoua,2000,5,34.5,,,10.0
14.9,5.25,386.0,Tahoua,2000,6,31.9,38.4,26.3,81.0
14.9,5.25,386.0,Tahoua,2000,7,29.5,35.7,,123.0
14.9,5.25,386.0,Tahoua,2000,8,28.4,34.0,23.5,52.0
14.9,5.25,386.0,Tahoua,2000,9,30.2,36.7,24.6,29.0
14.9,5.25,386.0,Tahoua,2000,10,30.7,37.3,24.4,6.0
14.9,5.25,386.0,Tahoua,2000,11,27.8,,,0.0
14.9,5.25,386.0,Tahoua,2000,12,23.4,31.1,15.8,0.0
14.9,5.25,386.0,Tahoua,2001,1,22.6,30.7,14.3,0.0
14.9,5.25,386.0,Tahoua,2001,2,24.3,31.9,16.3,0.0
14.9,5.25,386.0,Tahoua,2001,3,30.3,38.3,21.1,0.0
14.9,5.25,386.0,Tahoua,2001,4,33.7,39.8,26.2,0.0
14.9,5.25,386.0,Tahoua,2001,5,34.7,41.0,,4.0
14.9,5.25,386.0,Tahoua,2001,6,32.1,38.4,26.8,22.0
14.9,5.25,386.0,Tahoua,2001,7,29.5,,,113.0
14.9,5.25,386.0,Tahoua,2001,8,28.8,34.0,23.7,144.0
14.9,5.25,386.0,Tahoua,2001,9,29.7,35.8,24.1,137.0
14.9,5.25,386.0,Tahoua,2001,10,30.7,37.5,23.4,0.0
14.9,5.25,386.0,Tahoua,2001,11,27.4,35.1,19.1,0.0
14.9,5.25,386.0,Tahoua,2001,12,25.6,,17.6,0.0
14.9,5.25,386.0,Tahoua,2002,1,21.7,,,0.0
14.9,5.25,386.0,Tahoua,2002,2,25.2,33.2,16.7,0.0
14.9,5.25,386.0,Tahoua,2002,3,31.1,38.5,23.1,0.0
14.9,5.25,386.0,Tahoua,2002,4,34.7,41.9,27.1,0.0
14.9,5.25,386.0,Tahoua,2002,5,35.3,42.7,28.3,7.0
14.9,5.25,386.0,Tahoua,2002,6,32.2,,,58.0
14.9,5.25,386.0,Tahoua,2002,7,30.4,36.1,24.6,130.0
14.9,5.25,386.0,Tahoua,2002,8,29.2,34.7,,70.0
14.9,5.25,386.0,Tahoua,2002,9,30.0,35.6,24.3,92.0
14.9,5.25,386.0,Tahoua,2002,10,29.5,32.9,24.4,55.0
14.9,5.25,386.0,Tahoua,2002,11,27.7,35.1,19.7,0.5
14.9,5.25,386.0,Tahoua,2002,12,24.8,32.4,16.8,0.0
14.9,5.25,386.0,Tahoua,2003,1,24.2,31.9,16.4,0.0
14.9,5.25,386.0,Tahoua,2003,2,27.9,36.0,19.7,0.0
14.9,5.25,386.0,Tahoua,2003,3,29.1,,,0.0
14.9,5.25,386.0,Tahoua,2003,4,34.3,,,0.5
14.9,5.25,386.0,Tahoua,2003,5,34.1,41.1,26.7,2.0
14.9,5.25,386.0,Tahoua,2003,6,31.8,,,77.0
14.9,5.25,386.0,Tahoua,2003,7,30.1,,,
14.9,5.25,386.0,Tahoua,2003,8,29.2,33.2,23.4,112.0
14.9,5.25,386.0,Tahoua,2003,9,29.0,35.1,23.6,88.0
14.9,5.25,386.0,Tahoua,2003,10,31.7,,24.6,8.0
14.9,5.25,386.0,Tahoua,2003,11,29.2,36.5,21.1,0.0
14.9,5.25,386.0,Tahoua,2003,12,24.0,31.5,16.1,0.0
14.9,5.25,386.0,Tahoua,2004,1,24.3,30.1,14.8,0.0
14.9,5.25,386.0,Tahoua,2004,2,25.8,33.0,18.1,0.0
14.9,5.25,386.0,Tahoua,2004,3,28.8,35.6,21.3,0.0
14.9,5.25,386.0,Tahoua,2004,4,34.5,41.1,27.4,0.0
14.9,5.25,386.0,Tahoua,2004,5,34.3,40.6,28.1,16.0
14.9,5.25,386.0,Tahoua,2004,6,32.6,38.7,,28.0
14.9,5.25,386.0,Tahoua,2004,7,29.8,,,73.0
14.9,5.25,386.0,Tahoua,2004,8,29.1,34.4,23.7,85.0
14.9,5.25,386.0,Tahoua,2004,9,31.4,37.8,25.1,8.0
14.9,5.25,386.0,Tahoua,2004,10,31.9,39.1,24.0,0.0
14.9,5.25,386.0,Tahoua,2004,11,29.0,36.2,20.9,0.0
14.9,5.25,386.0,Tahoua,2004,12,26.2,33.9,,0.0
14.9,5.25,386.0,Tahoua,2005,1,22.4,29.0,15.0,0.0
14.9,5.25,386.0,Tahoua,2005,2,30.0,36.7,22.8,0.0
14.9,5.25,386.0,Tahoua,2005,3,33.0,39.6,25.7,0.0
14.9,5.25,386.0,Tahoua,2005,4,34.6,41.1,25.4,0.0
14.9,5.25,386.0,Tahoua,2005,5,33.7,,,25.0
14.9,5.25,386.0,Tahoua,2005,6,31.8,38.0,26.3,47.0
14.9,5.25,386.0,Tahoua,2005,7,,,,151.0
14.9,5.25,386.0,Tahoua,2005,8,28.6,33.6,24.0,174.0
14.9,5.25,386.0,Tahoua,2005,9,30.4,36.8,25.1,27.0
14.9,5.25,386.0,Tahoua,2005,10,30.2,,,25.0
14.9,5.25,386.0,Tahoua,2005,11,28.1,35.5,20.2,0.0
14.9,5.25,386.0,Tahoua,2005,12,25.5,33.0,17.7,0.0
14.9,5.25,386.0,Tahoua,2006,1,26.5,,,0.0
14.9,5.25,386.0,Tahoua,2006,2,28.6,36.3,20.4,0.0
14.9,5.25,386.0,Tahoua,2006,3,31.1,38.4,22.9,0.0
14.9,5.25,386.0,Tahoua,2006,4,33.3,40.6,,0.0
14.9,5.25,386.0,Tahoua,2006,5,33.6,,,32.0
14.9,5.25,386.0,Tahoua,2006,6,33.4,39.6,26.8,16.0
14.9,5.25,386.0,Tahoua,2006,7,30.6,35.5,24.1,99.0
14.9,5.25,386.0,Tahoua,2006,9,29.5,35.1,24.1,47.0
14.9,5.25,386.0,Tahoua,2006,10,,,,33.0
14.9,5.25,386.0,Tahoua,2006,11,26.3,33.6,18.3,0.0
14.9,5.25,386.0,Tahoua,2006,12,23.0,30.3,15.4,0.0
14.9,5.25,386.0,Tahoua,2007,1,22.3,29.3,14.9,0.0
14.9,5.25,386.0,Tahoua,2007,2,26.8,34.7,18.2,0.0
14.9,5.25,386.0,Tahoua,2007,3,29.9,,,0.0
14.9,5.25,386.0,Tahoua,2007,4,35.3,41.6,28.6,0.5
14.9,5.25,386.0,Tahoua,2007,5,34.5,,,21.0
14.9,5.25,386.0,Tahoua,2007,6,32.6,38.8,27.2,41.0
14.9,5.25,386.0,Tahoua,2007,7,29.8,35.1,25.1,72.0
14.9,5.25,386.0,Tahoua,2007,8,27.9,32.5,23.2,176.0
14.9,5.25,386.0,Tahoua,2007,9,30.1,36.1,24.4,48.0
14.9,5.25,386.0,Tahoua,2007,10,30.8,,,0.0
14.9,5.25,386.0,Tahoua,2007,11,28.9,36.4,21.1,0.0
14.9,5.25,386.0,Tahoua,2007,12,25.0,32.2,17.6,0.5
14.9,5.25,386.0,Tahoua,2008,1,20.4,27.5,13.0,0.0
14.9,5.25,386.0,Tahoua,2008,2,24.2,,,0.0
14.9,5.25,386.0,Tahoua,2008,3,31.0,38.8,22.6,0.0
14.9,5.25,386.0,Tahoua,2008,4,32.8,40.0,25.0,0.0
14.9,5.25,386.0,Tahoua,2008,5,33.6,40.3,27.2,38.0
14.9,5.25,386.0,Tahoua,2008,6,32.5,38.7,26.7,48.0
14.9,5.25,386.0,Tahoua,2008,7,29.4,34.7,24.3,109.0
14.9,5.25,386.0,Tahoua,2008,8,28.5,33.8,23.7,150.0
14.9,5.25,386.0,Tahoua,2008,9,29.3,35.6,24.4,108.0
14.9,5.25,386.0,Tahoua,2008,10,30.6,37.5,23.6,0.0
14.9,5.25,386.0,Tahoua,2008,11,27.7,35.9,19.3,0.0
14.9,5.25,386.0,Tahoua,2008,12,25.5,33.5,17.4,0.0
14.9,5.25,386.0,Tahoua,2009,1,24.5,32.4,16.5,0.0
14.9,5.25,386.0,Tahoua,2009,2,28.9,36.8,20.4,0.0
14.9,5.25,386.0,Tahoua,2009,3,31.2,38.6,23.5,0.0
14.9,5.25,386.0,Tahoua,2009,4,34.4,41.8,26.2,0.0
14.9,5.25,386.0,Tahoua,2009,5,34.4,40.8,27.8,17.0
14.9,5.25,386.0,Tahoua,2009,6,32.8,39.0,26.9,45.0
14.9,5.25,386.0,Tahoua,2009,7,30.7,36.1,25.3,68.0
14.9,5.25,386.0,Tahoua,2009,8,29.7,35.7,24.7,145.0
14.9,5.25,386.0,Tahoua,2009,9,30.1,36.3,25.1,85.0
14.9,5.25,386.0,Tahoua,2009,10,31.6,38.4,25.5,7.0
14.9,5.25,386.0,Tahoua,2009,11,27.7,34.7,20.7,0.0
14.9,5.25,386.0,Tahoua,2009,12,25.6,33.8,17.4,0.0
14.9,5.25,386.0,Tahoua,2010,1,24.9,33.3,16.2,0.0
14.9,5.25,386.0,Tahoua,2010,2,29.6,37.7,21.1,0.0
14.9,5.25,386.0,Tahoua,2010,3,31.4,38.3,23.8,0.0
14.9,5.25,386.0,Tahoua,2010,4,35.1,42.1,27.5,0.5
14.9,5.25,386.0,Tahoua,2010,5,35.3,41.6,30.1,14.0
14.9,5.25,386.0,Tahoua,2010,6,32.5,38.2,26.9,78.0
14.9,5.25,386.0,Tahoua,2010,7,29.9,35.1,25.5,56.0
14.9,5.25,386.0,Tahoua,2010,8,28.7,33.9,23.5,116.0
14.9,5.25,386.0,Tahoua,2010,9,29.0,31.8,23.7,81.0
14.9,5.25,386.0,Tahoua,2010,10,31.3,38.2,24.8,14.0
14.9,5.25,386.0,Tahoua,2010,11,29.7,37.4,21.3,0.0
14.9,5.25,386.0,Tahoua,2010,12,24.4,32.6,15.8,0.0
14.9,5.25,386.0,Tahoua,2011,1,23.0,30.8,15.5,0.0
14.9,5.25,386.0,Tahoua,2011,2,29.1,36.3,22.1,6.0
14.9,5.25,386.0,Tahoua,2011,3,33.1,40.2,25.7,0.0
14.9,5.25,386.0,Tahoua,2011,4,34.0,40.8,26.7,0.0
14.9,5.25,386.0,Tahoua,2011,5,34.8,41.5,28.4,13.0
14.9,5.25,386.0,Tahoua,2011,6,32.1,38.2,26.5,89.0
14.9,5.25,386.0,Tahoua,2011,7,30.7,36.2,25.9,52.0
14.9,5.25,386.0,Tahoua,2011,8,29.3,34.2,24.9,63.0
14.9,5.25,386.0,Tahoua,2011,9,30.5,36.8,25.6,38.0
14.9,5.25,386.0,Tahoua,2011,10,31.9,38.9,25.2,0.0
14.9,5.25,386.0,Tahoua,2011,11,27.9,35.9,19.7,0.0
14.9,5.25,386.0,Tahoua,2011,12,23.1,30.8,15.5,0.0
14.9,5.25,386.0,Tahoua,2012,1,23.3,31.2,15.7,0.0
14.9,5.25,386.0,Tahoua,2012,2,28.8,36.2,21.7,0.0
14.9,5.25,386.0,Tahoua,2012,3,29.2,36.9,21.6,0.0
14.9,5.25,386.0,Tahoua,2012,4,35.1,42.1,28.3,14.0
14.9,5.25,386.0,Tahoua,2012,5,34.4,40.6,28.9,5.0
14.9,5.25,386.0,Tahoua,2012,6,31.9,37.9,27.2,62.0
14.9,5.25,386.0,Tahoua,2012,7,29.7,35.4,25.4,55.0
14.9,5.25,386.0,Tahoua,2012,8,28.0,32.9,23.5,112.0
14.9,5.25,386.0,Tahoua,2012,9,29.3,35.2,24.6,107.0
14.9,5.25,386.0,Tahoua,2012,10,31.2,38.3,24.6,9.0
14.9,5.25,386.0,Tahoua,2012,11,30.0,37.5,22.1,0.0
14.9,5.25,386.0,Tahoua,2012,12,25.3,33.1,17.7,0.0
14.9,5.25,386.0,Tahoua,2013,1,24.2,31.8,17.6,0.0
14.9,5.25,386.0,Tahoua,2013,2,27.6,35.5,20.3,0.0
14.9,5.25,386.0,Tahoua,2013,3,33.7,41.7,25.5,0.0
14.9,5.25,386.0,Tahoua,2013,4,33.7,40.2,27.2,1.0
14.9,5.25,386.0,Tahoua,2013,5,35.0,41.7,29.4,12.0
14.9,5.25,386.0,Tahoua,2013,6,33.1,39.4,27.9,1.0
14.9,5.25,386.0,Tahoua,2013,7,30.2,36.1,25.5,47.0
14.9,5.25,386.0,Tahoua,2013,8,27.5,32.5,23.4,126.0
14.9,5.25,386.0,Tahoua,2013,9,29.8,35.9,24.7,51.0
14.9,5.25,386.0,Tahoua,2013,10,31.1,38.3,24.2,6.0
14.9,5.25,386.0,Tahoua,2013,11,29.0,36.8,20.9,0.0
14.9,5.25,386.0,Tahoua,2013,12,25.1,32.3,18.4,0.0
14.9,5.25,386.0,Tahoua,2014,1,25.6,32.0,18.2,0.0
14.9,5.25,386.0,Tahoua,2014,2,26.4,33.7,19.0,2.0
14.9,5.25,386.0,Tahoua,2014,3,31.1,38.7,23.0,0.0
14.9,5.25,386.0,Tahoua,2014,4,34.5,41.5,27.2,5.0
14.9,5.25,386.0,Tahoua,2014,5,34.2,40.2,28.9,1.0
14.9,5.25,386.0,Tahoua,2014,6,33.0,39.3,27.7,43.0
14.9,5.25,386.0,Tahoua,2014,7,30.8,35.9,26.3,111.0
14.9,5.25,386.0,Tahoua,2014,8,28.3,33.2,24.1,106.0
14.9,5.25,386.0,Tahoua,2014,9,29.6,36.1,24.5,104.0
14.9,5.25,386.0,Tahoua,2014,10,31.5,38.0,23.4,24.0
14.9,5.25,386.0,Tahoua,2014,11,29.3,36.7,21.3,0.0
14.9,5.25,386.0,Tahoua,2014,12,24.7,32.1,16.7,0.0
14.9,5.25,386.0,Tahoua,2015,1,22.4,29.6,15.1,0.0
14.9,5.25,386.0,Tahoua,2015,2,28.5,36.2,20.6,0.0
14.9,5.25,386.0,Tahoua,2015,3,30.4,37.1,23.5,0.5
14.9,5.25,386.0,Tahoua,2015,4,32.1,39.5,24.0,0.0
14.9,5.25,386.0,Tahoua,2015,5,35.3,42.0,29.0,7.0
14.9,5.25,386.0,Tahoua,2015,6,33.7,40.2,28.6,25.0
14.9,5.25,386.0,Tahoua,2015,7,30.4,36.4,25.9,73.0
14.9,5.25,386.0,Tahoua,2015,8,29.0,34.2,24.5,109.0
14.9,5.25,386.0,Tahoua,2015,9,30.0,,,61.0
14.9,5.25,386.0,Tahoua,2015,10,32.3,38.9,25.7,16.0
14.9,5.25,386.0,Tahoua,2015,11,28.1,35.0,21.0,0.0
14.9,5.25,386.0,Tahoua,2015,12,21.6,28.7,15.4,0.0
14.9,5.25,386.0,Tahoua,2016,1,22.7,30.1,16.1,0.0
14.9,5.25,386.0,Tahoua,2016,2,26.2,34.1,18.3,0.0
14.9,5.25,386.0,Tahoua,2016,3,31.6,38.7,25.0,49.0
14.9,5.25,386.0,Tahoua,2016,4,35.1,42.2,28.0,5.0
14.9,5.25,386.0,Tahoua,2016,5,34.9,41.3,29.5,0.5
14.9,5.25,386.0,Tahoua,2016,6,32.3,37.9,27.1,40.0
14.9,5.25,386.0,Tahoua,2016,7,29.2,34.7,24.4,117.0
14.9,5.25,386.0,Tahoua,2016,8,29.1,34.3,24.6,94.0
14.9,5.25,386.0,Tahoua,2016,9,29.4,35.2,24.5,82.0
14.9,5.25,386.0,Tahoua,2016,10,31.6,38.2,24.4,8.0
14.9,5.25,386.0,Tahoua,2016,11,29.4,36.7,22.3,
14.9,5.25,386.0,Tahoua,2016,12,25.9,32.8,19.1,
14.9,5.25,386.0,Tahoua,2017,1,24.2,31.9,17.1,0.0
14.9,5.25,386.0,Tahoua,2017,2,26.2,34.0,18.8,0.0
14.9,5.25,386.0,Tahoua,2017,3,31.2,39.4,22.3,0.0
14.9,5.25,386.0,Tahoua,2017,4,34.2,41.2,27.2,0.5
14.9,5.25,386.0,Tahoua,2017,5,34.8,41.1,29.3,3.0
14.9,5.25,386.0,Tahoua,2017,6,31.7,37.7,26.2,141.0
14.9,5.25,386.0,Tahoua,2017,7,29.5,35.1,24.8,105.0
14.9,5.25,386.0,Tahoua,2017,8,29.3,34.6,24.9,32.0
14.9,5.25,386.0,Tahoua,2017,9,30.7,37.3,25.1,36.0
14.9,5.25,386.0,Tahoua,2017,10,30.9,38.4,24.0,1.0
14.9,5.25,386.0,Tahoua,2017,11,28.0,36.1,20.3,0.0
14.9,5.25,386.0,Tahoua,2017,12,24.3,31.6,17.6,0.0
14.9,5.25,386.0,Tahoua,2018,1,22.6,30.3,15.1,0.0
14.9,5.25,386.0,Tahoua,2018,2,28.0,36.0,20.6,0.0
14.9,5.25,386.0,Tahoua,2018,3,31.8,38.5,23.4,0.0
14.9,5.25,386.0,Tahoua,2018,4,34.3,41.9,26.2,0.0
14.9,5.25,386.0,Tahoua,2018,5,34.6,41.4,28.0,25.0
14.9,5.25,386.0,Tahoua,2018,6,32.6,38.6,26.6,29.0
14.9,5.25,386.0,Tahoua,2018,7,30.1,36.0,25.4,115.0
14.9,5.25,386.0,Tahoua,2018,8,28.2,33.7,23.8,163.0
14.9,5.25,386.0,Tahoua,2018,9,29.5,35.8,24.0,74.0
14.9,5.25,386.0,Tahoua,2018,10,31.9,38.7,25.9,25.0
14.9,5.25,386.0,Tahoua,2018,11,28.9,36.5,20.3,0.0
14.9,5.25,386.0,Tahoua,2018,12,23.2,30.7,16.0,0.0
14.9,5.25,386.0,Tahoua,2019,1,23.3,31.4,15.7,0.0
14.9,5.25,386.0,Tahoua,2019,2,25.1,32.7,17.6,0.0
14.9,5.25,386.0,Tahoua,2019,3,31.3,38.7,24.4,0.0
14.9,5.25,386.0,Tahoua,2019,4,35.2,42.1,27.7,0.0
14.9,5.25,386.0,Tahoua,2019,5,34.4,41.1,28.4,23.0
14.9,5.25,386.0,Tahoua,2019,6,32.5,38.4,26.9,65.0
14.9,5.25,386.0,Tahoua,2019,7,30.3,36.3,25.0,49.0
14.9,5.25,386.0,Tahoua,2019,8,28.3,33.4,23.9,119.0
14.9,5.25,386.0,Tahoua,2019,9,31.6,38.7,24.7,42.0
14.9,5.25,386.0,Tahoua,2019,10,30.1,36.7,24.7,40.0
14.9,5.25,386.0,Tahoua,2019,11,29.9,38.1,21.9,0.0
14.9,5.25,386.0,Tahoua,2019,12,24.5,33.0,16.6,0.0
14.9,5.25,386.0,Tahoua,2020,1,22.9,30.4,16.2,0.0
14.9,5.25,386.0,Tahoua,2020,2,25.3,33.2,17.7,0.0
14.9,5.25,386.0,Tahoua,2020,3,31.5,39.4,23.9,0.0
14.9,5.25,386.0,Tahoua,2020,4,35.5,42.6,28.7,0.0
14.9,5.25,386.0,Tahoua,2020,5,34.5,41.6,28.8,14.0
14.9,5.25,386.0,Tahoua,2020,6,33.1,39.8,28.1,42.0
14.9,5.25,386.0,Tahoua,2020,7,29.5,34.9,25.0,165.0
14.9,5.25,386.0,Tahoua,2020,8,27.4,32.2,23.6,196.0
14.9,5.25,386.0,Tahoua,2020,9,28.4,34.3,24.0,110.0
14.9,5.25,386.0,Tahoua,2020,10,29.8,37.0,23.2,8.0
14.9,5.25,386.0,Tahoua,2020,11,27.3,34.7,19.9,0.0
14.9,5.25,386.0,Tahoua,2020,12,26.5,34.8,18.5,0.0
14.9,5.25,386.0,Tahoua,2021,1,25.6,34.4,17.4,0.0
14.9,5.25,386.0,Tahoua,2021,2,25.4,33.6,18.1,0.0
14.9,5.25,386.0,Tahoua,2021,3,30.8,38.3,23.7,0.0
14.9,5.25,386.0,Tahoua,2021,4,33.7,41.7,25.7,0.0
14.9,5.25,386.0,Tahoua,2021,5,34.8,42.6,27.9,4.0
14.9,5.25,386.0,Tahoua,2021,6,33.3,40.1,27.9,54.0
14.9,5.25,386.0,Tahoua,2021,7,29.5,34.8,25.1,124.0
14.9,5.25,386.0,Tahoua,2021,8,28.2,33.6,23.2,172.0
14.9,5.25,386.0,Tahoua,2021,9,29.6,36.1,25.1,28.0
14.9,5.25,386.0,Tahoua,2021,10,32.7,38.9,24.2,0.5
14.9,5.25,386.0,Tahoua,2021,11,29.8,38.3,21.6,0.0
14.9,5.25,386.0,Tahoua,2021,12,24.4,32.1,17.2,0.0
14.9,5.25,386.0,Tahoua,2022,1,22.2,29.4,15.4,0.0
14.9,5.25,386.0,Tahoua,2022,2,25.1,33.1,17.0,0.0
14.9,5.25,386.0,Tahoua,2022,3,30.9,38.2,23.7,0.0
14.9,5.25,386.0,Tahoua,2022,4,34.1,41.8,27.0,0.0
14.9,5.25,386.0,Tahoua,2022,5,35.0,41.6,28.7,3.0
14.9,5.25,386.0,Tahoua,2022,6,32.4,38.8,27.3,31.0
14.9,5.25,386.0,Tahoua,2022,7,29.9,35.1,25.5,64.0
14.9,5.25,386.0,Tahoua,2022,8,27.9,33.1,23.6,142.0
14.9,5.25,386.0,Tahoua,2022,9,29.4,34.7,24.2,146.0
14.9,5.25,386.0,Tahoua,2022,10,29.9,36.5,23.8,7.0
14.9,5.25,386.0,Tahoua,2022,11,27.1,34.2,19.7,0.0
14.9,5.25,386.0,Tahoua,2022,12,24.6,32.2,17.5,0.0
14.9,5.25,386.0,Tahoua,2023,1,23.9,31.6,16.2,0.0
14.9,5.25,386.0,Tahoua,2023,2,26.6,34.7,19.4,0.0
14.9,5.25,386.0,Tahoua,2023,3,31.9,38.9,24.9,2.0
14.9,5.25,386.0,Tahoua,2023,4,33.9,40.2,27.1,0.0
14.9,5.25,386.0,Tahoua,2023,5,35.6,41.9,29.7,1.0
14.9,5.25,386.0,Tahoua,2023,6,32.7,38.5,27.5,64.0
14.9,5.25,386.0,Tahoua,2023,7,30.9,36.5,25.6,92.0
14.9,5.25,386.0,Tahoua,2023,8,28.7,33.4,24.6,149.0
14.9,5.25,386.0,Tahoua,2023,9,30.4,36.0,26.0,37.0
14.9,5.25,386.0,Tahoua,2023,10,31.8,38.5,25.0,0.0
14.9,5.25,386.0,Tahoua,2023,11,29.9,36.7,22.3,0.0
14.9,5.25,386.0,Tahoua,2023,12,24.6,31.6,16.5,0.0
14.9,5.25,386.0,Tahoua,2024,1,24.7,31.9,15.7,0.0
14.9,5.25,386.0,Tahoua,2024,2,26.1,33.7,18.0,0.0
14.9,5.25,386.0,Tahoua,2024,3,32.7,40.4,24.4,0.0
14.9,5.25,386.0,Tahoua,2024,4,36.5,42.5,28.7,1.0
14.9,5.25,386.0,Tahoua,2024,5,35.7,42.5,30.5,3.0
14.9,5.25,386.0,Tahoua,2024,6,33.4,39.6,28.3,37.0
14.9,5.25,386.0,Tahoua,2024,7,30.5,34.7,24.7,121.0
14.9,5.25,386.0,Tahoua,2024,8,27.4,31.9,23.4,227.0
14.9,5.25,386.0,Tahoua,2024,9,27.9,33.4,23.9,368.0
14.9,5.25,386.0,Tahoua,2024,10,30.5,36.4,23.2,4.0
14.9,5.25,386.0,Tahoua,2024,11,25.7,33.4,18.1,0.0
14.9,5.25,386.0,Tahoua,2024,12,22.3,30.9,14.9,0.0
14.9,5.25,386.0,Tahoua,2025,1,24.6,32.1,17.0,0.0
14.9,5.25,386.0,Tahoua,2025,2,27.7,34.6,19.2,0.0
14.9,5.25,386.0,Tahoua,2025,3,33.9,40.7,24.1,0.0
14.9,5.25,386.0,Tahoua,2025,4,35.0,41.7,25.4,0.0
14.9,5.25,386.0,Tahoua,2025,5,35.3,41.4,27.9,18.0
14.9,5.25,386.0,Tahoua,2025,6,33.0,38.6,27.1,93.0
14.9,5.25,386.0,Tahoua,2025,7,29.6,34.5,23.7,102.2
13.9833,10.3,464.0,Goure,1994,2,22.7,,,0.5
13.9833,10.3,464.0,Goure,1994,3,29.8,,,0.0
13.9833,10.3,464.0,Goure,1994,4,32.8,,,0.5
13.9833,10.3,464.0,Goure,1994,5,33.7,40.9,,3.0
13.9833,10.3,464.0,Goure,1994,6,32.7,,,43.0
13.9833,10.3,464.0,Goure,1994,7,29.1,,,95.0
13.9833,10.3,464.0,Goure,1994,8,26.8,,,194.0
13.9833,10.3,464.0,Goure,1994,9,28.2,,,132.0
13.9833,10.3,464.0,Goure,1994,10,30.7,,,9.0
13.9833,10.3,464.0,Goure,1994,11,24.6,,,0.0
13.9833,10.3,464.0,Goure,1994,12,19.8,,,0.0
13.9833,10.3,464.0,Goure,1995,1,19.4,,,0.0
13.9833,10.3,464.0,Goure,1995,2,22.1,30.4,,0.0
13.9833,10.3,464.0,Goure,1995,3,29.7,,,0.0
13.9833,10.3,464.0,Goure,1995,4,32.8,40.2,,0.5
13.9833,10.3,464.0,Goure,1995,5,35.3,,,0.0
13.9833,10.3,464.0,Goure,1995,6,33.0,,,102.0
13.9833,10.3,464.0,Goure,1995,7,30.1,,,141.0
13.9833,10.3,464.0,Goure,1995,8,28.3,,,70.0
13.9833,10.3,464.0,Goure,1995,9,29.8,,,70.0
13.9833,10.3,464.0,Goure,1995,10,30.4,38.1,,1.0
13.9833,10.3,464.0,Goure,1995,11,24.6,,,0.0
13.9833,10.3,464.0,Goure,1995,12,23.5,,,0.0
13.9833,10.3,464.0,Goure,1996,1,22.8,32.2,,0.0
13.9833,10.3,464.0,Goure,1996,2,25.4,34.5,,0.0
13.9833,10.3,464.0,Goure,1996,3,30.0,38.3,,0.0
13.9833,10.3,464.0,Goure,1996,4,32.3,40.1,,0.0
13.9833,10.3,464.0,Goure,1996,5,34.3,42.4,,2.0
13.9833,10.3,464.0,Goure,1996,6,32.1,39.5,,26.0
13.9833,10.3,464.0,Goure,1996,7,30.7,,,100.0
13.9833,10.3,464.0,Goure,1996,8,28.5,34.3,,126.0
13.9833,10.3,464.0,Goure,1996,9,29.7,,,31.0
13.9833,10.3,464.0,Goure,1996,10,29.8,37.8,,0.0
13.9833,10.3,464.0,Goure,1996,11,23.5,31.4,16.2,0.0
13.9833,10.3,464.0,Goure,1996,12,22.2,,,0.0
13.9833,10.3,464.0,Goure,1997,1,22.5,,,0.0
13.9833,10.3,464.0,Goure,1997,2,21.2,,,0.0
13.9833,10.3,464.0,Goure,1997,3,28.1,,,0.5
13.9833,10.3,464.0,Goure,1997,4,32.0,,,26.0
13.9833,10.3,464.0,Goure,1997,5,32.3,,,8.0
13.9833,10.3,464.0,Goure,1997,6,33.2,,,19.0
13.9833,10.3,464.0,Goure,1997,7,,,,59.0
13.9833,10.3,464.0,Goure,1997,10,31.3,,,10.0
13.9833,10.3,464.0,Goure,1997,11,26.9,,,0.0
13.9833,10.3,464.0,Goure,1997,12,21.6,29.8,14.3,0.0
13.9833,10.3,464.0,Goure,1998,1,20.0,29.1,13.4,0.0
13.9833,10.3,464.0,Goure,1998,2,25.7,,,0.0
13.9833,10.3,464.0,Goure,1998,5,35.4,43.4,,0.0
13.9833,10.3,464.0,Goure,1998,6,33.4,40.4,27.6,41.0
13.9833,10.3,464.0,Goure,1998,7,30.9,,,114.0
13.9833,10.3,464.0,Goure,1998,8,28.5,34.1,24.0,115.0
13.9833,10.3,464.0,Goure,1998,9,28.5,35.0,23.2,125.0
13.9833,10.3,464.0,Goure,1998,10,30.6,38.7,24.4,2.0
13.9833,10.3,464.0,Goure,1998,11,27.0,35.7,19.3,0.0
13.9833,10.3,464.0,Goure,1998,12,22.4,29.5,14.9,0.0
13.9833,10.3,464.0,Goure,1999,1,21.7,30.6,14.2,0.0
13.9833,10.3,464.0,Goure,1999,2,25.5,34.2,17.8,0.0
13.9833,10.3,464.0,Goure,1999,3,30.5,39.5,21.5,0.0
13.9833,10.3,464.0,Goure,1999,4,32.0,41.7,24.5,0.0
13.9833,10.3,464.0,Goure,1999,5,33.2,41.1,26.1,0.0
13.9833,10.3,464.0,Goure,1999,6,35.5,41.6,27.0,7.0
13.9833,10.3,464.0,Goure,1999,8,27.0,32.5,21.9,160.0
13.9833,10.3,464.0,Goure,1999,9,,,,168.0
13.9833,10.3,464.0,Goure,1999,10,29.5,37.5,23.2,4.0
13.9833,10.3,464.0,Goure,1999,11,26.9,35.0,19.8,0.0
13.9833,10.3,464.0,Goure,2000,1,,,,0.0
13.9833,10.3,464.0,Goure,2000,2,21.7,,,0.0
13.9833,10.3,464.0,Goure,2000,3,27.4,35.6,19.7,0.0
13.9833,10.3,464.0,Goure,2000,4,30.3,41.9,24.6,0.0
13.9833,10.3,464.0,Goure,2000,6,33.0,40.6,26.7,0.5
13.9833,10.3,464.0,Goure,2000,7,29.4,35.6,,87.0
13.9833,10.3,464.0,Goure,2000,8,29.1,35.7,24.2,182.0
13.9833,10.3,464.0,Goure,2000,9,30.0,37.4,24.4,131.0
13.9833,10.3,464.0,Goure,2000,10,30.0,37.5,22.0,4.0
13.9833,10.3,464.0,Goure,2000,11,26.0,,,0.0
13.9833,10.3,464.0,Goure,2000,12,21.3,29.4,13.8,0.0
13.9833,10.3,464.0,Goure,2001,1,20.4,29.1,12.5,0.0
13.9833,10.3,464.0,Goure,2001,2,22.4,34.7,15.3,0.0
13.9833,10.3,464.0,Goure,2001,3,28.3,37.3,,0.0
13.9833,10.3,464.0,Goure,2001,4,32.8,40.5,25.7,0.0
13.9833,10.3,464.0,Goure,2001,5,33.9,41.8,,13.0
13.9833,10.3,464.0,Goure,2001,6,32.2,39.4,26.2,10.0
13.9833,10.3,464.0,Goure,2001,7,29.2,,,140.0
13.9833,10.3,464.0,Goure,2001,8,27.8,33.8,,167.0
13.9833,10.3,464.0,Goure,2001,9,29.5,36.9,24.0,72.0
13.9833,10.3,464.0,Goure,2001,10,29.2,36.9,22.5,0.0
13.9833,10.3,464.0,Goure,2001,11,25.7,34.5,17.8,0.0
13.9833,10.3,464.0,Goure,2001,12,22.8,31.1,15.4,0.0
13.9833,10.3,464.0,Goure,2002,1,19.3,,,0.0
13.9833,10.3,464.0,Goure,2002,2,22.9,31.2,15.3,0.0
13.9833,10.3,464.0,Goure,2002,3,29.1,37.4,21.4,0.0
13.9833,10.3,464.0,Goure,2002,4,33.7,41.6,26.5,0.0
13.9833,10.3,464.0,Goure,2002,5,34.0,42.5,25.9,0.0
13.9833,10.3,464.0,Goure,2002,6,33.4,,,6.0
13.9833,10.3,464.0,Goure,2002,7,30.6,37.6,25.4,76.0
13.9833,10.3,464.0,Goure,2002,8,28.8,35.0,23.7,104.0
13.9833,10.3,464.0,Goure,2002,9,29.6,37.2,23.9,40.0
13.9833,10.3,464.0,Goure,2002,10,29.3,36.8,23.5,14.0
13.9833,10.3,464.0,Goure,2002,11,25.9,33.9,19.0,0.0
13.9833,10.3,464.0,Goure,2002,12,22.6,30.5,15.2,0.0
13.9833,10.3,464.0,Goure,2003,1,22.0,30.8,13.9,0.0
13.9833,10.3,464.0,Goure,2003,2,25.6,34.3,17.8,0.0
13.9833,10.3,464.0,Goure,2003,3,27.4,35.2,,0.0
13.9833,10.3,464.0,Goure,2003,4,33.2,41.3,,0.0
13.9833,10.3,464.0,Goure,2003,5,32.5,41.1,23.9,20.0
13.9833,10.3,464.0,Goure,2003,6,31.0,37.9,26.1,92.0
13.9833,10.3,464.0,Goure,2003,7,29.0,,,
13.9833,10.3,464.0,Goure,2003,8,28.1,34.2,,119.0
13.9833,10.3,464.0,Goure,2003,9,30.0,37.0,24.5,32.0
13.9833,10.3,464.0,Goure,2003,10,31.1,,,0.0
13.9833,10.3,464.0,Goure,2003,11,27.1,35.1,20.0,0.0
13.9833,10.3,464.0,Goure,2003,12,21.6,29.7,14.6,0.0
13.9833,10.3,464.0,Goure,2004,1,22.1,30.1,14.8,0.0
13.9833,10.3,464.0,Goure,2004,2,23.6,31.4,16.4,0.0
13.9833,10.3,464.0,Goure,2004,3,27.2,35.0,19.8,0.0
13.9833,10.3,464.0,Goure,2004,4,32.9,41.5,24.9,0.0
13.9833,10.3,464.0,Goure,2004,5,34.2,41.9,,35.0
13.9833,10.3,464.0,Goure,2004,6,32.7,39.9,,25.0
13.9833,10.3,464.0,Goure,2004,7,29.5,35.7,24.5,117.0
13.9833,10.3,464.0,Goure,2004,8,29.0,35.0,24.0,151.0
13.9833,10.3,464.0,Goure,2004,9,30.9,39.0,24.6,19.0
13.9833,10.3,464.0,Goure,2004,10,30.7,38.3,23.7,0.0
13.9833,10.3,464.0,Goure,2004,11,26.8,35.0,19.2,0.0
13.9833,10.3,464.0,Goure,2004,12,23.3,31.9,,0.0
13.9833,10.3,464.0,Goure,2005,1,20.6,27.8,13.8,0.0
13.9833,10.3,464.0,Goure,2005,2,28.4,36.5,21.1,0.0
13.9833,10.3,464.0,Goure,2005,3,30.5,,,0.0
13.9833,10.3,464.0,Goure,2005,4,32.9,41.1,,0.0
13.9833,10.3,464.0,Goure,2005,5,33.4,40.8,26.3,0.0
13.9833,10.3,464.0,Goure,2005,6,31.6,38.0,26.3,156.0
13.9833,10.3,464.0,Goure,2005,7,29.0,,,50.0
13.9833,10.3,464.0,Goure,2005,8,27.9,34.0,23.5,205.0
13.9833,10.3,464.0,Goure,2005,9,29.6,37.6,23.9,84.0
13.9833,10.3,464.0,Goure,2005,10,28.9,37.5,,2.0
13.9833,10.3,464.0,Goure,2005,11,25.6,34.3,18.3,0.0
13.9833,10.3,464.0,Goure,2005,12,23.4,31.8,16.2,0.0
13.9833,10.3,464.0,Goure,2006,1,23.7,,,0.0
13.9833,10.3,464.0,Goure,2006,2,26.9,36.1,18.7,0.0
13.9833,10.3,464.0,Goure,2006,3,29.0,37.5,21.2,0.0
13.9833,10.3,464.0,Goure,2006,4,31.2,39.8,23.4,0.0
13.9833,10.3,464.0,Goure,2006,5,33.9,41.6,27.1,0.0
13.9833,10.3,464.0,Goure,2006,6,32.9,40.5,27.0,61.0
13.9833,10.3,464.0,Goure,2006,7,30.9,39.5,25.6,51.0
13.9833,10.3,464.0,Goure,2006,9,29.0,36.1,24.1,55.0
13.9833,10.3,464.0,Goure,2006,10,29.3,,,28.0
13.9833,10.3,464.0,Goure,2006,11,24.3,32.0,17.8,0.0
13.9833,10.3,464.0,Goure,2006,12,20.3,,,0.0
13.9833,10.3,464.0,Goure,2007,1,20.0,27.2,13.4,0.0
13.9833,10.3,464.0,Goure,2007,2,24.8,33.7,17.0,0.0
13.9833,10.3,464.0,Goure,2007,3,28.2,,,0.0
13.9833,10.3,464.0,Goure,2007,4,33.5,41.8,26.0,10.0
13.9833,10.3,464.0,Goure,2007,5,34.3,,,9.0
13.9833,10.3,464.0,Goure,2007,6,32.8,40.1,27.0,45.0
13.9833,10.3,464.0,Goure,2007,7,29.8,36.0,24.9,91.0
13.9833,10.3,464.0,Goure,2007,8,27.6,33.7,23.0,306.0
13.9833,10.3,464.0,Goure,2007,9,29.3,35.5,23.5,123.0
13.9833,10.3,464.0,Goure,2007,10,29.4,,,0.0
13.9833,10.3,464.0,Goure,2007,11,27.2,34.3,20.0,0.0
13.9833,10.3,464.0,Goure,2007,12,23.6,30.9,16.3,0.0
13.9833,10.3,464.0,Goure,2008,1,18.6,25.9,12.7,0.0
13.9833,10.3,464.0,Goure,2008,2,21.6,,,0.0
13.9833,10.3,464.0,Goure,2008,3,29.2,38.3,20.9,0.0
13.9833,10.3,464.0,Goure,2008,4,31.4,39.6,24.3,0.0
13.9833,10.3,464.0,Goure,2008,5,33.7,41.5,27.0,11.0
13.9833,10.3,464.0,Goure,2008,6,32.9,40.4,26.9,19.0
13.9833,10.3,464.0,Goure,2008,7,29.2,35.4,24.4,73.0
13.9833,10.3,464.0,Goure,2008,8,28.0,34.6,23.6,148.0
13.9833,10.3,464.0,Goure,2008,9,29.5,34.0,24.2,
13.9833,10.3,464.0,Goure,2008,10,29.8,,23.0,0.0
13.9833,10.3,464.0,Goure,2008,11,25.7,34.5,18.0,0.0
13.9833,10.3,464.0,Goure,2008,12,23.4,31.8,16.0,0.0
13.9833,10.3,464.0,Goure,2009,1,23.3,,,0.0
13.9833,10.3,464.0,Goure,2009,2,26.3,34.7,18.8,0.0
13.9833,10.3,464.0,Goure,2009,3,28.9,37.4,21.3,0.0
13.9833,10.3,464.0,Goure,2009,4,33.7,42.3,26.0,1.0
13.9833,10.3,464.0,Goure,2009,5,32.9,40.8,25.7,0.5
13.9833,10.3,464.0,Goure,2009,6,33.0,40.8,26.5,42.0
13.9833,10.3,464.0,Goure,2009,7,30.2,37.5,25.0,70.0
13.9833,10.3,464.0,Goure,2009,8,29.5,36.2,24.9,39.0
13.9833,10.3,464.0,Goure,2009,9,30.8,38.5,25.1,43.0
13.9833,10.3,464.0,Goure,2009,10,31.5,,,0.0
13.9833,10.3,464.0,Goure,2009,11,27.4,34.4,19.4,0.0
13.9833,10.3,464.0,Goure,2009,12,23.0,32.4,15.6,0.0
13.9833,10.3,464.0,Goure,2010,1,22.8,32.7,15.0,0.0
13.9833,10.3,464.0,Goure,2010,2,28.0,36.8,,0.0
13.9833,10.3,464.0,Goure,2010,3,29.2,37.8,21.7,0.0
13.9833,10.3,464.0,Goure,2010,4,33.9,42.4,26.7,0.0
13.9833,10.3,464.0,Goure,2010,5,35.0,43.1,28.7,7.0
13.9833,10.3,464.0,Goure,2010,6,32.1,39.4,27.2,67.0
13.9833,10.3,464.0,Goure,2010,7,29.0,34.6,24.5,157.0
13.9833,10.3,464.0,Goure,2010,8,27.7,33.7,23.6,128.0
13.9833,10.3,464.0,Goure,2010,9,28.6,35.5,23.8,102.0
13.9833,10.3,464.0,Goure,2010,10,29.8,38.6,23.7,23.0
13.9833,10.3,464.0,Goure,2010,11,27.7,36.3,20.2,0.0
13.9833,10.3,464.0,Goure,2010,12,22.2,30.9,15.0,0.0
13.9833,10.3,464.0,Goure,2011,1,20.8,28.8,13.8,0.0
13.9833,10.3,464.0,Goure,2011,2,26.8,35.2,19.6,0.0
13.9833,10.3,464.0,Goure,2011,3,30.1,38.6,22.3,0.0
13.9833,10.3,464.0,Goure,2011,4,31.9,40.0,24.9,0.0
13.9833,10.3,464.0,Goure,2011,5,33.3,41.4,25.7,12.0
13.9833,10.3,464.0,Goure,2011,6,32.1,39.4,26.1,78.0
13.9833,10.3,464.0,Goure,2011,7,30.3,37.3,25.5,99.0
13.9833,10.3,464.0,Goure,2011,8,28.0,34.1,23.7,89.0
13.9833,10.3,464.0,Goure,2011,9,29.1,36.7,24.1,72.0
13.9833,10.3,464.0,Goure,2011,10,30.2,38.1,23.1,0.0
13.9833,10.3,464.0,Goure,2011,11,25.0,33.8,16.9,0.0
13.9833,10.3,464.0,Goure,2011,12,20.3,29.3,13.9,0.0
13.9833,10.3,464.0,Goure,2012,1,20.5,29.4,13.3,0.0
13.9833,10.3,464.0,Goure,2012,2,25.9,34.8,19.1,0.0
13.9833,10.3,464.0,Goure,2012,3,27.2,35.4,20.0,0.0
13.9833,10.3,464.0,Goure,2012,4,33.7,42.2,25.9,0.0
13.9833,10.3,464.0,Goure,2012,5,33.4,41.0,26.9,56.0
13.9833,10.3,464.0,Goure,2012,6,31.6,38.6,27.0,59.0
13.9833,10.3,464.0,Goure,2012,7,28.8,34.7,24.5,82.0
13.9833,10.3,464.0,Goure,2012,8,27.0,32.9,22.9,220.0
13.9833,10.3,464.0,Goure,2012,9,28.5,36.3,23.7,88.0
13.9833,10.3,464.0,Goure,2012,10,30.3,39.3,22.4,0.0
13.9833,10.3,464.0,Goure,2012,11,26.8,36.3,19.0,0.0
13.9833,10.3,464.0,Goure,2012,12,22.2,30.9,14.6,0.0
13.9833,10.3,464.0,Goure,2013,1,22.4,30.7,15.4,0.0
13.9833,10.3,464.0,Goure,2013,2,25.3,34.1,18.1,0.0
13.9833,10.3,464.0,Goure,2013,3,30.9,40.7,22.3,0.0
13.9833,10.3,464.0,Goure,2013,4,31.9,41.0,24.6,6.0
13.9833,10.3,464.0,Goure,2013,5,34.1,42.2,26.8,1.0
13.9833,10.3,464.0,Goure,2013,6,32.8,40.3,27.1,55.0
13.9833,10.3,464.0,Goure,2013,7,30.2,37.0,26.0,84.0
13.9833,10.3,464.0,Goure,2013,8,27.3,33.7,23.1,200.0
13.9833,10.3,464.0,Goure,2013,9,29.7,37.3,24.3,41.0
13.9833,10.3,464.0,Goure,2013,10,29.9,37.7,23.3,4.0
13.9833,10.3,464.0,Goure,2013,11,26.4,35.5,18.5,0.0
13.9833,10.3,464.0,Goure,2013,12,23.2,31.6,16.4,0.0
13.9833,10.3,464.0,Goure,2014,1,22.1,31.1,14.5,0.0
13.9833,10.3,464.0,Goure,2014,2,24.1,32.6,17.0,0.0
13.9833,10.3,464.0,Goure,2014,3,29.2,38.2,21.7,0.0
13.9833,10.3,464.0,Goure,2014,4,32.7,39.1,26.3,2.0
13.9833,10.3,464.0,Goure,2014,5,33.2,40.9,26.7,14.0
13.9833,10.3,464.0,Goure,2014,6,34.0,41.5,28.2,12.0
13.9833,10.3,464.0,Goure,2014,7,30.9,38.0,25.7,88.0
13.9833,10.3,464.0,Goure,2014,8,28.4,34.3,21.0,96.0
13.9833,10.3,464.0,Goure,2014,9,29.6,37.0,24.3,25.0
13.9833,10.3,464.0,Goure,2014,10,30.2,38.3,23.6,20.0
13.9833,10.3,464.0,Goure,2014,11,26.8,35.5,19.0,0.0
13.9833,10.3,464.0,Goure,2014,12,22.0,30.6,14.8,0.0
13.9833,10.3,464.0,Goure,2015,1,20.0,28.1,13.0,0.0
13.9833,10.3,464.0,Goure,2015,2,26.1,35.2,17.9,0.0
13.9833,10.3,464.0,Goure,2015,3,29.2,36.9,22.6,0.0
13.9833,10.3,464.0,Goure,2015,4,30.3,38.1,22.9,0.0
13.9833,10.3,464.0,Goure,2015,5,34.3,42.7,26.4,0.0
13.9833,10.3,464.0,Goure,2015,6,34.1,41.6,27.7,14.0
13.9833,10.3,464.0,Goure,2015,7,31.0,37.6,25.4,55.0
13.9833,10.3,464.0,Goure,2015,8,28.8,34.5,24.1,134.0
13.9833,10.3,464.0,Goure,2015,9,29.1,,,125.0
13.9833,10.3,464.0,Goure,2015,10,30.6,39.4,22.4,0.0
13.9833,10.3,464.0,Goure,2015,11,25.8,33.6,18.9,0.0
13.9833,10.3,464.0,Goure,2015,12,19.6,26.2,13.7,0.0
13.9833,10.3,464.0,Goure,2016,1,20.9,28.0,14.0,0.0
13.9833,10.3,464.0,Goure,2016,2,24.1,31.9,16.4,0.0
13.9833,10.3,464.0,Goure,2016,3,31.9,39.8,24.6,2.0
13.9833,10.3,464.0,Goure,2016,4,33.8,42.8,25.5,0.0
13.9833,10.3,464.0,Goure,2016,5,34.4,42.3,27.1,1.0
13.9833,10.3,464.0,Goure,2016,6,32.0,38.2,26.8,82.0
13.9833,10.3,464.0,Goure,2016,7,30.1,35.8,24.7,75.0
13.9833,10.3,464.0,Goure,2016,8,28.0,33.8,23.1,220.0
13.9833,10.3,464.0,Goure,2016,9,29.7,37.0,23.9,49.0
13.9833,10.3,464.0,Goure,2016,10,30.2,39.0,23.1,0.0
13.9833,10.3,464.0,Goure,2016,11,27.4,36.4,19.8,0.0
13.9833,10.3,464.0,Goure,2016,12,23.2,31.4,16.1,0.0
13.9833,10.3,464.0,Goure,2017,1,22.7,30.7,15.3,0.0
13.9833,10.3,464.0,Goure,2017,2,23.3,31.3,16.3,0.0
13.9833,10.3,464.0,Goure,2017,3,28.3,37.5,20.1,0.0
13.9833,10.3,464.0,Goure,2017,4,32.0,40.6,25.3,0.0
13.9833,10.3,464.0,Goure,2017,5,34.5,42.3,27.4,0.0
13.9833,10.3,464.0,Goure,2017,6,32.4,38.5,26.9,60.0
13.9833,10.3,464.0,Goure,2017,7,29.4,35.4,24.3,100.0
13.9833,10.3,464.0,Goure,2017,8,28.8,33.3,23.8,128.0
13.9833,10.3,464.0,Goure,2017,9,30.1,36.5,24.9,43.0
13.9833,10.3,464.0,Goure,2017,10,29.8,37.9,22.6,0.0
13.9833,10.3,464.0,Goure,2017,11,26.4,34.4,18.1,0.0
13.9833,10.3,464.0,Goure,2017,12,22.6,30.5,16.0,0.0
13.9833,10.3,464.0,Goure,2018,1,20.0,27.9,12.9,0.0
13.9833,10.3,464.0,Goure,2018,2,26.4,35.5,18.6,0.0
13.9833,10.3,464.0,Goure,2018,3,29.7,38.8,21.1,0.0
13.9833,10.3,464.0,Goure,2018,4,32.8,41.7,24.5,0.0
13.9833,10.3,464.0,Goure,2018,5,34.4,42.5,27.5,9.0
13.9833,10.3,464.0,Goure,2018,6,32.3,39.5,26.5,89.0
13.9833,10.3,464.0,Goure,2018,7,29.3,35.2,24.5,75.0
13.9833,10.3,464.0,Goure,2018,8,27.3,33.2,23.2,121.0
13.9833,10.3,464.0,Goure,2018,9,28.7,35.8,23.8,73.0
13.9833,10.3,464.0,Goure,2018,10,30.9,39.7,23.2,13.0
13.9833,10.3,464.0,Goure,2018,11,26.3,35.3,18.4,0.0
13.9833,10.3,464.0,Goure,2018,12,21.1,28.7,15.1,0.0
13.9833,10.3,464.0,Goure,2019,1,21.6,30.2,13.5,0.0
13.9833,10.3,464.0,Goure,2019,2,23.0,31.2,16.1,0.0
13.9833,10.3,464.0,Goure,2019,3,29.6,37.9,22.5,0.0
13.9833,10.3,464.0,Goure,2019,4,32.8,41.6,24.8,0.0
13.9833,10.3,464.0,Goure,2019,5,34.6,42.5,28.2,15.0
13.9833,10.3,464.0,Goure,2019,6,32.7,40.2,27.1,23.0
13.9833,10.3,464.0,Goure,2019,7,29.9,36.4,25.0,98.0
13.9833,10.3,464.0,Goure,2019,8,27.4,33.0,22.7,388.0
13.9833,10.3,464.0,Goure,2019,9,30.9,39.7,23.4,13.0
13.9833,10.3,464.0,Goure,2019,10,30.0,37.7,23.8,10.0
13.9833,10.3,464.0,Goure,2019,11,28.3,37.2,20.0,0.0
13.9833,10.3,464.0,Goure,2019,12,21.5,30.1,14.3,0.0
13.9833,10.3,464.0,Goure,2020,1,20.4,27.9,13.9,0.0
13.9833,10.3,464.0,Goure,2020,2,22.7,30.5,15.7,0.0
13.9833,10.3,464.0,Goure,2020,3,29.4,37.9,21.5,0.0
13.9833,10.3,464.0,Goure,2020,4,33.7,42.4,25.6,0.0
13.9833,10.3,464.0,Goure,2020,5,34.3,42.2,27.7,3.0
13.9833,10.3,464.0,Goure,2020,6,34.2,41.7,28.0,12.0
13.9833,10.3,464.0,Goure,2020,7,30.7,35.9,24.8,155.0
13.9833,10.3,464.0,Goure,2020,8,27.6,32.7,23.6,168.0
13.9833,10.3,464.0,Goure,2020,9,29.0,36.5,23.6,71.0
13.9833,10.3,464.0,Goure,2020,10,29.7,38.3,22.4,24.0
13.9833,10.3,464.0,Goure,2020,11,25.5,33.6,18.4,0.0
13.9833,10.3,464.0,Goure,2020,12,24.2,33.3,16.3,0.0
13.9833,10.3,464.0,Goure,2021,1,23.2,32.5,15.3,0.0
13.9833,10.3,464.0,Goure,2021,2,23.1,31.4,15.9,0.0
13.9833,10.3,464.0,Goure,2021,3,29.1,37.9,21.7,0.0
13.9833,10.3,464.0,Goure,2021,4,31.8,41.6,22.7,0.0
13.9833,10.3,464.0,Goure,2021,5,33.6,43.2,25.1,0.0
13.9833,10.3,464.0,Goure,2021,6,34.0,42.3,26.8,19.0
13.9833,10.3,464.0,Goure,2021,7,29.4,36.5,24.9,187.0
13.9833,10.3,464.0,Goure,2021,8,28.0,34.6,23.3,161.0
13.9833,10.3,464.0,Goure,2021,9,28.9,37.9,23.4,92.0
13.9833,10.3,464.0,Goure,2021,10,28.6,38.5,21.5,30.0
13.9833,10.3,464.0,Goure,2021,11,27.9,37.4,19.8,0.0
13.9833,10.3,464.0,Goure,2021,12,22.0,29.9,15.1,0.0
13.9833,10.3,464.0,Goure,2022,1,19.9,27.9,13.0,0.0
13.9833,10.3,464.0,Goure,2022,2,22.3,31.0,14.4,0.0
13.9833,10.3,464.0,Goure,2022,3,28.4,37.2,20.6,0.0
13.9833,10.3,464.0,Goure,2022,4,33.3,43.8,26.0,0.0
13.9833,10.3,464.0,Goure,2022,5,34.8,42.8,27.3,3.0
13.9833,10.3,464.0,Goure,2022,6,32.5,40.3,26.3,47.0
13.9833,10.3,464.0,Goure,2022,7,29.6,36.7,24.5,146.0
13.9833,10.3,464.0,Goure,2022,8,28.7,33.9,23.5,122.0
13.9833,10.3,464.0,Goure,2022,9,27.7,35.2,22.9,137.0
13.9833,10.3,464.0,Goure,2022,10,29.0,37.7,22.2,2.0
13.9833,10.3,464.0,Goure,2022,11,25.0,34.9,17.4,0.0
13.9833,10.3,464.0,Goure,2022,12,22.6,30.9,15.7,0.0
13.9833,10.3,464.0,Goure,2023,1,22.3,31.4,14.3,0.0
13.9833,10.3,464.0,Goure,2023,2,23.7,32.8,16.6,0.0
13.9833,10.3,464.0,Goure,2023,3,28.9,38.9,21.4,0.0
13.9833,10.3,464.0,Goure,2023,4,33.1,41.8,25.3,0.0
13.9833,10.3,464.0,Goure,2023,5,34.9,43.5,27.8,7.0
13.9833,10.3,464.0,Goure,2023,6,31.7,39.2,26.2,110.0
13.9833,10.3,464.0,Goure,2023,7,30.9,38.2,25.3,52.0
13.9833,10.3,464.0,Goure,2023,8,29.0,35.1,24.2,184.0
13.9833,10.3,464.0,Goure,2023,9,30.0,37.6,24.9,104.0
13.9833,10.3,464.0,Goure,2023,10,29.5,37.6,24.1,2.0
13.9833,10.3,464.0,Goure,2023,11,28.1,36.3,21.3,1.0
13.9833,10.3,464.0,Goure,2023,12,22.7,30.9,15.2,0.0
13.9833,10.3,464.0,Goure,2024,1,21.9,30.1,14.5,0.0
13.9833,10.3,464.0,Goure,2024,2,24.1,32.0,16.6,3.0
13.9833,10.3,464.0,Goure,2024,3,31.0,39.9,23.2,0.0
13.9833,10.3,464.0,Goure,2024,4,34.6,43.6,26.3,0.0
13.9833,10.3,464.0,Goure,2024,5,36.0,43.9,28.2,15.0
13.9833,10.3,464.0,Goure,2024,6,34.0,40.2,27.7,23.0
13.9833,10.3,464.0,Goure,2024,7,29.4,35.4,24.7,168.0
13.9833,10.3,464.0,Goure,2024,8,26.8,31.6,23.4,194.0
13.9833,10.3,464.0,Goure,2024,9,29.7,35.5,24.0,212.0
13.9833,10.3,464.0,Goure,2024,10,29.5,37.6,22.9,9.0
13.9833,10.3,464.0,Goure,2024,11,24.6,32.3,17.6,0.0
13.9833,10.3,464.0,Goure,2024,12,20.6,29.3,14.1,0.0
13.9833,10.3,464.0,Goure,2025,1,22.7,31.4,15.7,0.0
13.9833,10.3,464.0,Goure,2025,2,25.5,33.6,18.2,0.0
13.9833,10.3,464.0,Goure,2025,3,31.0,39.8,22.2,0.0
13.9833,10.3,464.0,Goure,2025,4,32.9,41.2,24.7,0.0
13.9833,10.3,464.0,Goure,2025,5,34.4,42.3,27.1,2.0
13.9833,10.3,464.0,Goure,2025,6,33.3,40.4,27.2,48.0
13.9833,10.3,464.0,Goure,2025,7,29.6,35.1,24.9,162.9
14.25,13.1167,285.0,N'Guigmi,1994,1,20.8,29.9,,0.0
14.25,13.1167,285.0,N'Guigmi,1994,2,22.6,31.8,,0.0
14.25,13.1167,285.0,N'Guigmi,1994,3,29.2,,,0.0
14.25,13.1167,285.0,N'Guigmi,1994,4,32.3,,,1.0
14.25,13.1167,285.0,N'Guigmi,1994,5,33.6,42.4,,14.0
14.25,13.1167,285.0,N'Guigmi,1994,6,32.9,,,9.0
14.25,13.1167,285.0,N'Guigmi,1994,8,27.7,,,118.0
14.25,13.1167,285.0,N'Guigmi,1994,9,28.7,,,107.0
14.25,13.1167,285.0,N'Guigmi,1994,10,29.9,39.4,,49.0
14.25,13.1167,285.0,N'Guigmi,1994,11,,,,0.0
14.25,13.1167,285.0,N'Guigmi,1995,10,30.6,,,0.5
14.25,13.1167,285.0,N'Guigmi,1995,11,24.3,33.2,16.2,0.0
14.25,13.1167,285.0,N'Guigmi,1995,12,23.1,,,0.0
14.25,13.1167,285.0,N'Guigmi,1996,1,22.2,32.6,,0.0
14.25,13.1167,285.0,N'Guigmi,1996,2,25.1,34.9,16.0,0.0
14.25,13.1167,285.0,N'Guigmi,1996,3,29.7,39.2,,0.0
14.25,13.1167,285.0,N'Guigmi,1996,4,32.1,41.4,,0.0
14.25,13.1167,285.0,N'Guigmi,1996,5,34.0,,,0.0
14.25,13.1167,285.0,N'Guigmi,1996,6,32.7,41.6,,0.0
14.25,13.1167,285.0,N'Guigmi,1996,7,31.4,,,44.0
14.25,13.1167,285.0,N'Guigmi,1996,8,29.4,,,107.0
14.25,13.1167,285.0,N'Guigmi,1996,9,30.7,,,46.0
14.25,13.1167,285.0,N'Guigmi,1996,10,29.8,,,0.0
14.25,13.1167,285.0,N'Guigmi,1996,11,23.8,,,0.0
14.25,13.1167,285.0,N'Guigmi,1996,12,22.0,,,0.0
14.25,13.1167,285.0,N'Guigmi,1997,1,21.9,31.4,,0.0
14.25,13.1167,285.0,N'Guigmi,1997,2,21.2,,,0.0
14.25,13.1167,285.0,N'Guigmi,1997,3,27.7,,,0.5
14.25,13.1167,285.0,N'Guigmi,1997,4,31.8,,,2.0
14.25,13.1167,285.0,N'Guigmi,1997,5,33.3,,,
14.25,13.1167,285.0,N'Guigmi,1997,6,,,,17.0
14.25,13.1167,285.0,N'Guigmi,1997,7,,,,37.0
14.25,13.1167,285.0,N'Guigmi,1997,9,31.6,40.4,25.0,21.0
14.25,13.1167,285.0,N'Guigmi,1997,10,30.8,40.6,22.6,5.0
14.25,13.1167,285.0,N'Guigmi,1997,11,27.0,36.7,18.4,0.0
14.25,13.1167,285.0,N'Guigmi,1997,12,21.4,30.3,13.6,0.0
14.25,13.1167,285.0,N'Guigmi,1998,1,20.9,29.4,12.8,0.0
14.25,13.1167,285.0,N'Guigmi,1998,2,24.9,33.4,16.5,0.0
14.25,13.1167,285.0,N'Guigmi,1998,3,25.4,,,0.0
14.25,13.1167,285.0,N'Guigmi,1998,4,33.8,42.8,24.7,0.0
14.25,13.1167,285.0,N'Guigmi,1998,5,35.3,45.0,26.5,2.0
14.25,13.1167,285.0,N'Guigmi,1998,6,33.7,42.0,26.0,26.0
14.25,13.1167,285.0,N'Guigmi,1998,7,,,,20.0
14.25,13.1167,285.0,N'Guigmi,1998,8,29.5,,,144.0
14.25,13.1167,285.0,N'Guigmi,1998,9,29.5,36.9,23.9,106.0
14.25,13.1167,285.0,N'Guigmi,1998,10,31.1,39.7,22.2,6.0
14.25,13.1167,285.0,N'Guigmi,1998,11,27.1,36.5,19.4,0.5
14.25,13.1167,285.0,N'Guigmi,1998,12,22.6,31.3,,0.0
14.25,13.1167,285.0,N'Guigmi,1999,1,21.8,31.3,13.1,0.0
14.25,13.1167,285.0,N'Guigmi,1999,2,25.9,35.0,17.1,0.0
14.25,13.1167,285.0,N'Guigmi,1999,3,29.9,40.5,20.0,0.0
14.25,13.1167,285.0,N'Guigmi,1999,4,32.0,41.6,23.5,0.0
14.25,13.1167,285.0,N'Guigmi,1999,5,32.6,41.9,23.8,3.0
14.25,13.1167,285.0,N'Guigmi,1999,6,33.1,,,3.0
14.25,13.1167,285.0,N'Guigmi,1999,7,30.1,36.8,25.0,85.0
14.25,13.1167,285.0,N'Guigmi,1999,8,,,,206.0
14.25,13.1167,285.0,N'Guigmi,1999,9,,,,44.0
14.25,13.1167,285.0,N'Guigmi,1999,10,30.1,38.4,22.8,0.5
14.25,13.1167,285.0,N'Guigmi,1999,11,27.0,35.7,18.5,0.0
14.25,13.1167,285.0,N'Guigmi,2000,2,21.3,,,0.0
14.25,13.1167,285.0,N'Guigmi,2000,3,27.5,36.2,18.5,0.0
14.25,13.1167,285.0,N'Guigmi,2000,4,32.9,42.9,23.4,0.0
14.25,13.1167,285.0,N'Guigmi,2000,6,33.3,42.2,25.9,26.0
14.25,13.1167,285.0,N'Guigmi,2000,7,,,,76.0
14.25,13.1167,285.0,N'Guigmi,2000,8,30.3,37.9,24.7,35.0
14.25,13.1167,285.0,N'Guigmi,2000,9,31.6,39.8,,27.0
14.25,13.1167,285.0,N'Guigmi,2000,10,29.2,38.6,24.0,0.5
14.25,13.1167,285.0,N'Guigmi,2000,11,26.1,,,0.0
14.25,13.1167,285.0,N'Guigmi,2000,12,20.8,29.4,12.8,0.0
14.25,13.1167,285.0,N'Guigmi,2001,1,20.4,29.7,11.0,0.0
14.25,13.1167,285.0,N'Guigmi,2001,2,22.7,30.8,14.4,0.0
14.25,13.1167,285.0,N'Guigmi,2001,3,27.7,37.5,,0.0
14.25,13.1167,285.0,N'Guigmi,2001,4,33.4,42.2,24.6,0.5
14.25,13.1167,285.0,N'Guigmi,2001,5,34.0,42.9,25.1,12.0
14.25,13.1167,285.0,N'Guigmi,2001,6,32.5,40.9,25.3,15.0
14.25,13.1167,285.0,N'Guigmi,2001,7,31.2,,,59.0
14.25,13.1167,285.0,N'Guigmi,2001,8,29.9,36.4,,24.0
14.25,13.1167,285.0,N'Guigmi,2001,9,30.6,,,57.0
14.25,13.1167,285.0,N'Guigmi,2001,10,30.1,37.9,21.8,0.5
14.25,13.1167,285.0,N'Guigmi,2001,11,26.0,35.0,17.1,0.0
14.25,13.1167,285.0,N'Guigmi,2001,12,22.9,32.0,,0.0
14.25,13.1167,285.0,N'Guigmi,2002,1,19.2,,,0.0
14.25,13.1167,285.0,N'Guigmi,2002,2,23.7,,,0.0
14.25,13.1167,285.0,N'Guigmi,2002,3,28.8,,,0.0
14.25,13.1167,285.0,N'Guigmi,2002,4,33.5,43.0,24.5,0.5
14.25,13.1167,285.0,N'Guigmi,2002,5,33.6,,,0.0
14.25,13.1167,285.0,N'Guigmi,2002,6,33.3,,,0.5
14.25,13.1167,285.0,N'Guigmi,2002,7,31.8,39.8,,42.0
14.25,13.1167,285.0,N'Guigmi,2002,8,30.0,,,70.0
14.25,13.1167,285.0,N'Guigmi,2002,9,31.1,39.6,24.7,29.0
14.25,13.1167,285.0,N'Guigmi,2002,10,30.1,38.2,22.9,3.0
14.25,13.1167,285.0,N'Guigmi,2002,11,26.2,34.7,18.7,0.0
14.25,13.1167,285.0,N'Guigmi,2002,12,22.1,30.9,13.9,0.0
14.25,13.1167,285.0,N'Guigmi,2003,1,21.5,31.4,10.4,0.0
14.25,13.1167,285.0,N'Guigmi,2003,2,25.3,,,0.0
14.25,13.1167,285.0,N'Guigmi,2003,3,27.5,35.6,,0.0
14.25,13.1167,285.0,N'Guigmi,2003,4,33.5,,,0.5
14.25,13.1167,285.0,N'Guigmi,2003,5,32.5,42.7,22.8,6.0
14.25,13.1167,285.0,N'Guigmi,2003,6,32.0,40.0,26.1,37.0
14.25,13.1167,285.0,N'Guigmi,2003,7,30.4,,,
14.25,13.1167,285.0,N'Guigmi,2003,8,29.2,,,96.0
14.25,13.1167,285.0,N'Guigmi,2003,9,31.1,,,4.0
14.25,13.1167,285.0,N'Guigmi,2003,10,31.0,,,6.0
14.25,13.1167,285.0,N'Guigmi,2003,11,27.4,,,0.0
14.25,13.1167,285.0,N'Guigmi,2003,12,21.0,30.4,12.8,0.0
14.25,13.1167,285.0,N'Guigmi,2004,1,21.9,30.7,12.7,0.0
14.25,13.1167,285.0,N'Guigmi,2004,2,23.9,32.3,14.5,0.0
14.25,13.1167,285.0,N'Guigmi,2004,3,27.5,36.0,,0.0
14.25,13.1167,285.0,N'Guigmi,2004,4,32.4,42.9,22.2,0.0
14.25,13.1167,285.0,N'Guigmi,2004,5,,,,9.0
14.25,13.1167,285.0,N'Guigmi,2004,6,33.6,42.6,,4.0
14.25,13.1167,285.0,N'Guigmi,2004,7,31.8,,,
14.25,13.1167,285.0,N'Guigmi,2004,8,30.5,37.4,25.2,105.0
14.25,13.1167,285.0,N'Guigmi,2004,9,31.1,40.0,23.1,1.0
14.25,13.1167,285.0,N'Guigmi,2004,10,31.3,40.0,23.0,0.0
14.25,13.1167,285.0,N'Guigmi,2004,11,26.6,36.3,17.6,0.0
14.25,13.1167,285.0,N'Guigmi,2004,12,,,,0.0
14.25,13.1167,285.0,N'Guigmi,2005,1,20.5,28.7,12.2,0.0
14.25,13.1167,285.0,N'Guigmi,2005,2,28.5,37.7,,0.0
14.25,13.1167,285.0,N'Guigmi,2005,3,30.5,39.7,21.6,0.0
14.25,13.1167,285.0,N'Guigmi,2005,4,33.2,42.2,23.7,0.0
14.25,13.1167,285.0,N'Guigmi,2005,5,,,,6.0
14.25,13.1167,285.0,N'Guigmi,2005,6,32.8,40.8,25.9,42.0
14.25,13.1167,285.0,N'Guigmi,2005,7,,,,23.0
14.25,13.1167,285.0,N'Guigmi,2005,8,29.7,35.6,24.3,115.0
14.25,13.1167,285.0,N'Guigmi,2005,9,30.3,39.1,23.3,
14.25,13.1167,285.0,N'Guigmi,2005,10,,,,0.0
14.25,13.1167,285.0,N'Guigmi,2005,11,26.2,35.3,17.2,0.0
14.25,13.1167,285.0,N'Guigmi,2005,12,23.8,32.7,15.1,0.0
14.25,13.1167,285.0,N'Guigmi,2006,1,,,,0.0
14.25,13.1167,285.0,N'Guigmi,2006,2,27.1,35.3,17.3,0.0
14.25,13.1167,285.0,N'Guigmi,2006,3,29.8,38.1,19.8,0.0
14.25,13.1167,285.0,N'Guigmi,2006,4,31.5,41.2,21.1,0.0
14.25,13.1167,285.0,N'Guigmi,2006,5,34.4,43.3,26.8,3.0
14.25,13.1167,285.0,N'Guigmi,2006,6,34.3,42.2,26.1,8.0
14.25,13.1167,285.0,N'Guigmi,2006,7,32.3,40.5,24.4,17.0
14.25,13.1167,285.0,N'Guigmi,2006,8,29.4,,,
14.25,13.1167,285.0,N'Guigmi,2006,9,30.3,38.9,24.3,43.0
14.25,13.1167,285.0,N'Guigmi,2006,10,30.5,,,9.0
14.25,13.1167,285.0,N'Guigmi,2006,11,24.9,32.8,17.3,0.0
14.25,13.1167,285.0,N'Guigmi,2006,12,20.6,29.2,12.3,0.0
14.25,13.1167,285.0,N'Guigmi,2007,1,20.1,28.1,11.7,0.0
14.25,13.1167,285.0,N'Guigmi,2007,2,25.1,35.0,15.8,0.0
14.25,13.1167,285.0,N'Guigmi,2007,3,,,,0.0
14.25,13.1167,285.0,N'Guigmi,2007,4,33.9,43.5,25.1,0.0
14.25,13.1167,285.0,N'Guigmi,2007,5,34.6,,,5.0
14.25,13.1167,285.0,N'Guigmi,2007,6,32.7,41.0,26.2,17.0
14.25,13.1167,285.0,N'Guigmi,2007,7,31.2,38.2,25.6,76.0
14.25,13.1167,285.0,N'Guigmi,2007,8,28.7,34.8,23.7,72.0
14.25,13.1167,285.0,N'Guigmi,2007,9,30.1,38.2,23.4,72.0
14.25,13.1167,285.0,N'Guigmi,2007,11,27.8,36.8,19.3,0.0
14.25,13.1167,285.0,N'Guigmi,2007,12,23.1,31.8,15.0,0.0
14.25,13.1167,285.0,N'Guigmi,2008,1,19.5,27.0,12.1,0.0
14.25,13.1167,285.0,N'Guigmi,2008,2,21.7,,,
14.25,13.1167,285.0,N'Guigmi,2008,3,29.4,39.1,20.0,0.0
14.25,13.1167,285.0,N'Guigmi,2008,4,31.8,40.4,22.9,0.0
14.25,13.1167,285.0,N'Guigmi,2008,5,33.6,43.0,25.2,0.5
14.25,13.1167,285.0,N'Guigmi,2008,6,33.2,41.9,25.6,25.0
14.25,13.1167,285.0,N'Guigmi,2008,7,30.8,38.3,25.4,70.0
14.25,13.1167,285.0,N'Guigmi,2008,8,29.6,36.8,24.5,62.0
14.25,13.1167,285.0,N'Guigmi,2008,9,31.0,39.3,24.5,52.0
14.25,13.1167,285.0,N'Guigmi,2008,10,30.4,38.7,22.8,4.0
14.25,13.1167,285.0,N'Guigmi,2008,11,26.3,35.4,17.6,0.0
14.25,13.1167,285.0,N'Guigmi,2008,12,23.9,33.4,15.6,0.0
14.25,13.1167,285.0,N'Guigmi,2009,1,23.6,33.4,14.9,0.0
14.25,13.1167,285.0,N'Guigmi,2009,2,26.1,35.5,17.2,0.0
14.25,13.1167,285.0,N'Guigmi,2009,3,28.3,37.6,19.2,0.0
14.25,13.1167,285.0,N'Guigmi,2009,4,32.2,43.6,24.2,13.0
14.25,13.1167,285.0,N'Guigmi,2009,5,33.2,41.8,24.5,3.0
14.25,13.1167,285.0,N'Guigmi,2009,6,34.0,42.7,26.1,12.0
14.25,13.1167,285.0,N'Guigmi,2009,7,31.8,39.4,26.1,51.0
14.25,13.1167,285.0,N'Guigmi,2009,8,30.6,37.6,24.8,47.0
14.25,13.1167,285.0,N'Guigmi,2009,9,31.5,39.7,24.1,12.0
14.25,13.1167,285.0,N'Guigmi,2009,10,30.7,40.1,22.2,7.0
14.25,13.1167,285.0,N'Guigmi,2009,11,26.2,34.9,17.1,0.0
14.25,13.1167,285.0,N'Guigmi,2009,12,22.3,32.3,12.4,0.0
14.25,13.1167,285.0,N'Guigmi,2010,1,22.6,33.2,13.4,0.0
14.25,13.1167,285.0,N'Guigmi,2010,2,26.7,37.2,17.5,0.0
14.25,13.1167,285.0,N'Guigmi,2010,3,28.7,38.2,19.1,0.0
14.25,13.1167,285.0,N'Guigmi,2010,4,34.2,43.4,25.3,0.0
14.25,13.1167,285.0,N'Guigmi,2010,5,35.6,44.6,26.1,0.5
14.25,13.1167,285.0,N'Guigmi,2010,6,34.1,41.9,27.5,30.0
14.25,13.1167,285.0,N'Guigmi,2010,7,31.0,36.3,25.8,67.0
14.25,13.1167,285.0,N'Guigmi,2010,8,29.2,35.0,24.2,121.0
14.25,13.1167,285.0,N'Guigmi,2010,9,30.3,38.0,24.0,16.0
14.25,13.1167,285.0,N'Guigmi,2010,10,31.0,40.5,22.8,19.0
14.25,13.1167,285.0,N'Guigmi,2010,11,28.1,38.0,19.3,0.0
14.25,13.1167,285.0,N'Guigmi,2010,12,22.5,31.9,13.3,0.0
14.25,13.1167,285.0,N'Guigmi,2011,1,21.8,29.6,12.0,0.0
14.25,13.1167,285.0,N'Guigmi,2011,2,27.5,36.7,18.2,0.0
14.25,13.1167,285.0,N'Guigmi,2011,3,30.1,39.2,20.9,0.0
14.25,13.1167,285.0,N'Guigmi,2011,4,32.3,41.2,23.6,0.0
14.25,13.1167,285.0,N'Guigmi,2011,5,33.9,43.4,24.9,1.0
14.25,13.1167,285.0,N'Guigmi,2011,6,34.2,42.3,27.2,26.0
14.25,13.1167,285.0,N'Guigmi,2011,7,31.9,39.0,25.6,80.0
14.25,13.1167,285.0,N'Guigmi,2011,8,30.0,36.1,24.7,75.0
14.25,13.1167,285.0,N'Guigmi,2011,9,30.4,38.7,23.8,76.0
14.25,13.1167,285.0,N'Guigmi,2011,10,31.0,39.6,22.8,0.0
14.25,13.1167,285.0,N'Guigmi,2011,11,25.3,34.8,16.2,0.0
14.25,13.1167,285.0,N'Guigmi,2011,12,21.3,29.7,12.8,0.0
14.25,13.1167,285.0,N'Guigmi,2012,1,21.1,30.2,12.3,0.0
14.25,13.1167,285.0,N'Guigmi,2012,2,26.5,35.9,17.8,0.0
14.25,13.1167,285.0,N'Guigmi,2012,3,27.3,36.0,18.6,0.0
14.25,13.1167,285.0,N'Guigmi,2012,4,33.7,43.9,24.6,0.5
14.25,13.1167,285.0,N'Guigmi,2012,5,33.2,42.6,25.0,1.0
14.25,13.1167,285.0,N'Guigmi,2012,6,32.8,40.5,27.2,23.0
14.25,13.1167,285.0,N'Guigmi,2012,7,29.7,36.8,24.6,114.0
14.25,13.1167,285.0,N'Guigmi,2012,8,28.1,34.7,23.3,167.0
14.25,13.1167,285.0,N'Guigmi,2012,9,29.5,38.0,24.1,53.0
14.25,13.1167,285.0,N'Guigmi,2012,10,30.6,40.2,22.2,7.0
14.25,13.1167,285.0,N'Guigmi,2012,11,26.7,36.7,17.6,0.0
14.25,13.1167,285.0,N'Guigmi,2012,12,22.1,31.3,13.7,0.0
14.25,13.1167,285.0,N'Guigmi,2013,1,22.4,31.0,14.8,0.0
14.25,13.1167,285.0,N'Guigmi,2013,2,25.4,35.0,17.3,0.0
14.25,13.1167,285.0,N'Guigmi,2013,3,30.5,40.4,20.2,0.0
14.25,13.1167,285.0,N'Guigmi,2013,4,32.1,41.6,23.5,0.0
14.25,13.1167,285.0,N'Guigmi,2013,5,33.8,43.6,24.9,0.0
14.25,13.1167,285.0,N'Guigmi,2013,6,33.5,42.5,26.6,7.0
14.25,13.1167,285.0,N'Guigmi,2013,7,32.0,40.0,25.9,14.0
14.25,13.1167,285.0,N'Guigmi,2013,8,28.5,34.7,24.0,140.0
14.25,13.1167,285.0,N'Guigmi,2013,9,30.7,39.1,24.2,54.0
14.25,13.1167,285.0,N'Guigmi,2013,10,30.0,38.9,21.7,0.5
14.25,13.1167,285.0,N'Guigmi,2013,11,26.5,36.8,17.6,0.0
14.25,13.1167,285.0,N'Guigmi,2013,12,23.5,32.2,15.3,0.0
14.25,13.1167,285.0,N'Guigmi,2014,1,21.7,31.6,12.5,0.0
14.25,13.1167,285.0,N'Guigmi,2014,2,24.5,33.5,16.1,0.0
14.25,13.1167,285.0,N'Guigmi,2014,3,29.0,39.2,19.9,0.5
14.25,13.1167,285.0,N'Guigmi,2014,4,32.3,42.7,24.2,0.0
14.25,13.1167,285.0,N'Guigmi,2014,5,33.6,42.5,25.5,1.0
14.25,13.1167,285.0,N'Guigmi,2014,6,34.8,43.5,27.4,0.5
14.25,13.1167,285.0,N'Guigmi,2014,7,32.4,39.9,27.1,15.0
14.25,13.1167,285.0,N'Guigmi,2014,8,29.0,35.4,23.9,105.0
14.25,13.1167,285.0,N'Guigmi,2014,9,30.5,38.3,24.1,72.0
14.25,13.1167,285.0,N'Guigmi,2014,10,30.5,39.5,23.0,0.5
14.25,13.1167,285.0,N'Guigmi,2014,11,26.7,36.1,18.1,0.0
14.25,13.1167,285.0,N'Guigmi,2014,12,22.0,31.0,13.4,0.0
14.25,13.1167,285.0,N'Guigmi,2015,1,20.1,28.7,11.7,0.0
14.25,13.1167,285.0,N'Guigmi,2015,2,25.9,35.9,16.9,0.0
14.25,13.1167,285.0,N'Guigmi,2015,3,29.3,37.7,,0.0
14.25,13.1167,285.0,N'Guigmi,2015,4,30.3,38.6,22.4,0.0
14.25,13.1167,285.0,N'Guigmi,2015,5,33.7,43.9,24.6,0.0
14.25,13.1167,285.0,N'Guigmi,2015,6,34.4,43.1,27.0,1.0
14.25,13.1167,285.0,N'Guigmi,2015,7,32.5,39.6,26.9,42.0
14.25,13.1167,285.0,N'Guigmi,2015,8,30.1,36.9,24.9,167.0
14.25,13.1167,285.0,N'Guigmi,2015,9,30.7,38.1,25.5,40.0
14.25,13.1167,285.0,N'Guigmi,2015,10,31.0,40.5,22.1,6.0
14.25,13.1167,285.0,N'Guigmi,2015,11,25.9,34.4,18.0,0.0
14.25,13.1167,285.0,N'Guigmi,2015,12,20.0,26.7,12.3,0.0
14.25,13.1167,285.0,N'Guigmi,2016,1,20.7,28.9,12.4,0.0
14.25,13.1167,285.0,N'Guigmi,2016,2,24.0,33.8,14.3,0.0
14.25,13.1167,285.0,N'Guigmi,2016,3,31.4,40.0,23.7,0.0
14.25,13.1167,285.0,N'Guigmi,2016,4,32.9,43.4,23.8,0.0
14.25,13.1167,285.0,N'Guigmi,2016,5,34.3,43.3,26.6,9.0
14.25,13.1167,285.0,N'Guigmi,2016,6,33.4,41.1,27.2,25.0
14.25,13.1167,285.0,N'Guigmi,2016,7,30.5,37.1,25.0,147.0
14.25,13.1167,285.0,N'Guigmi,2016,8,29.3,35.8,23.9,109.0
14.25,13.1167,285.0,N'Guigmi,2016,9,30.7,38.8,24.0,59.0
14.25,13.1167,285.0,N'Guigmi,2016,10,30.7,39.4,23.0,0.0
14.25,13.1167,285.0,N'Guigmi,2016,11,27.5,36.2,19.5,0.0
14.25,13.1167,285.0,N'Guigmi,2016,12,23.3,31.5,15.8,0.0
14.25,13.1167,285.0,N'Guigmi,2017,1,22.5,31.6,14.8,0.0
14.25,13.1167,285.0,N'Guigmi,2017,2,23.3,31.7,14.4,0.0
14.25,13.1167,285.0,N'Guigmi,2017,3,28.2,38.0,18.9,0.0
14.25,13.1167,285.0,N'Guigmi,2017,4,32.9,40.3,25.0,0.0
14.25,13.1167,285.0,N'Guigmi,2017,5,34.3,43.6,26.1,10.0
14.25,13.1167,285.0,N'Guigmi,2017,6,33.1,40.5,27.2,40.0
14.25,13.1167,285.0,N'Guigmi,2017,7,31.2,37.4,26.1,52.0
14.25,13.1167,285.0,N'Guigmi,2017,8,30.5,37.3,25.3,71.0
14.25,13.1167,285.0,N'Guigmi,2017,9,31.3,39.8,24.4,32.0
14.25,13.1167,285.0,N'Guigmi,2017,10,29.7,38.7,22.3,0.0
14.25,13.1167,285.0,N'Guigmi,2017,11,25.9,35.0,17.6,0.0
14.25,13.1167,285.0,N'Guigmi,2017,12,22.9,31.5,15.2,0.0
14.25,13.1167,285.0,N'Guigmi,2018,1,20.2,28.3,11.7,0.0
14.25,13.1167,285.0,N'Guigmi,2018,2,26.4,36.2,17.3,0.0
14.25,13.1167,285.0,N'Guigmi,2018,3,29.3,39.7,19.9,0.0
14.25,13.1167,285.0,N'Guigmi,2018,4,32.8,42.7,23.8,0.0
14.25,13.1167,285.0,N'Guigmi,2018,5,35.2,44.0,27.1,7.0
14.25,13.1167,285.0,N'Guigmi,2018,6,33.3,40.8,26.6,75.0
14.25,13.1167,285.0,N'Guigmi,2018,7,30.6,37.2,25.4,85.0
14.25,13.1167,285.0,N'Guigmi,2018,8,29.6,34.8,24.5,107.0
14.25,13.1167,285.0,N'Guigmi,2018,9,30.3,38.3,25.2,45.0
14.25,13.1167,285.0,N'Guigmi,2018,10,31.9,40.8,22.5,0.0
14.25,13.1167,285.0,N'Guigmi,2018,11,27.0,35.9,17.7,0.0
14.25,13.1167,285.0,N'Guigmi,2018,12,21.6,29.4,14.2,0.0
14.25,13.1167,285.0,N'Guigmi,2019,1,21.2,30.6,13.4,0.0
14.25,13.1167,285.0,N'Guigmi,2019,2,23.6,31.5,15.7,0.0
14.25,13.1167,285.0,N'Guigmi,2019,3,29.8,38.8,22.2,0.0
14.25,13.1167,285.0,N'Guigmi,2019,4,33.2,42.3,24.4,0.0
14.25,13.1167,285.0,N'Guigmi,2019,5,34.3,43.4,25.9,14.0
14.25,13.1167,285.0,N'Guigmi,2019,6,33.4,41.4,27.2,20.0
14.25,13.1167,285.0,N'Guigmi,2019,7,31.7,38.4,26.1,25.0
14.25,13.1167,285.0,N'Guigmi,2019,8,28.0,35.2,24.4,143.0
14.25,13.1167,285.0,N'Guigmi,2019,9,31.6,39.1,25.2,41.0
14.25,13.1167,285.0,N'Guigmi,2019,10,30.5,38.6,23.3,2.0
14.25,13.1167,285.0,N'Guigmi,2019,11,29.4,38.8,20.0,0.0
14.25,13.1167,285.0,N'Guigmi,2019,12,21.9,31.1,12.0,0.0
14.25,13.1167,285.0,N'Guigmi,2020,1,20.9,28.7,12.5,0.0
14.25,13.1167,285.0,N'Guigmi,2020,2,23.0,31.1,14.4,0.0
14.25,13.1167,285.0,N'Guigmi,2020,3,28.9,37.1,20.7,0.0
14.25,13.1167,285.0,N'Guigmi,2020,5,34.4,43.0,25.9,0.5
14.25,13.1167,285.0,N'Guigmi,2020,6,35.3,43.2,26.8,0.0
14.25,13.1167,285.0,N'Guigmi,2020,7,31.0,36.1,26.0,114.0
14.25,13.1167,285.0,N'Guigmi,2020,8,28.8,34.5,23.1,203.0
14.25,13.1167,285.0,N'Guigmi,2020,9,30.2,37.2,24.2,14.0
14.25,13.1167,285.0,N'Guigmi,2020,10,31.9,39.4,23.3,2.0
14.25,13.1167,285.0,N'Guigmi,2020,11,25.9,34.3,17.5,0.0
14.25,13.1167,285.0,N'Guigmi,2020,12,24.5,33.8,15.2,0.0
14.25,13.1167,285.0,N'Guigmi,2021,1,24.2,33.2,15.1,0.0
14.25,13.1167,285.0,N'Guigmi,2021,2,23.7,32.1,14.8,0.0
14.25,13.1167,285.0,N'Guigmi,2021,3,29.7,38.7,21.2,0.0
14.25,13.1167,285.0,N'Guigmi,2021,4,32.1,41.5,22.8,0.0
14.25,13.1167,285.0,N'Guigmi,2021,5,33.8,42.0,23.4,2.0
14.25,13.1167,285.0,N'Guigmi,2021,6,34.5,41.7,27.3,0.5
14.25,13.1167,285.0,N'Guigmi,2021,7,31.4,36.6,25.9,174.0
14.25,13.1167,285.0,N'Guigmi,2021,8,29.9,35.4,24.8,53.0
14.25,13.1167,285.0,N'Guigmi,2021,9,31.9,38.9,24.8,66.0
14.25,13.1167,285.0,N'Guigmi,2021,10,31.9,39.7,22.1,0.5
14.25,13.1167,285.0,N'Guigmi,2021,11,28.8,38.3,19.3,0.0
14.25,13.1167,285.0,N'Guigmi,2021,12,22.6,30.0,14.2,0.0
14.25,13.1167,285.0,N'Guigmi,2022,1,20.1,28.5,12.2,0.0
14.25,13.1167,285.0,N'Guigmi,2022,2,22.4,31.3,13.3,0.0
14.25,13.1167,285.0,N'Guigmi,2022,3,28.4,37.4,19.7,0.0
14.25,13.1167,285.0,N'Guigmi,2022,4,34.1,43.3,24.9,0.0
14.25,13.1167,285.0,N'Guigmi,2022,5,34.5,42.8,25.5,3.0
14.25,13.1167,285.0,N'Guigmi,2022,6,33.7,41.5,27.0,0.5
14.25,13.1167,285.0,N'Guigmi,2022,7,30.8,37.3,25.5,56.0
14.25,13.1167,285.0,N'Guigmi,2022,8,28.6,34.3,23.9,131.0
14.25,13.1167,285.0,N'Guigmi,2022,9,31.6,37.1,24.7,134.0
14.25,13.1167,285.0,N'Guigmi,2022,10,30.2,38.5,22.8,0.5
14.25,13.1167,285.0,N'Guigmi,2022,11,25.4,34.4,17.3,0.0
14.25,13.1167,285.0,N'Guigmi,2022,12,23.2,31.8,14.1,0.0
14.25,13.1167,285.0,N'Guigmi,2023,1,22.2,31.2,13.4,0.0
14.25,13.1167,285.0,N'Guigmi,2023,2,24.7,32.8,15.4,0.0
14.25,13.1167,285.0,N'Guigmi,2023,3,30.3,39.0,20.0,0.0
14.25,13.1167,285.0,N'Guigmi,2023,4,32.9,42.2,24.2,1.0
14.25,13.1167,285.0,N'Guigmi,2023,5,34.6,43.8,26.4,2.0
14.25,13.1167,285.0,N'Guigmi,2023,6,33.2,39.4,26.9,58.0
14.25,13.1167,285.0,N'Guigmi,2023,7,32.6,39.7,26.4,56.0
14.25,13.1167,285.0,N'Guigmi,2023,8,30.7,36.9,25.4,98.0
14.25,13.1167,285.0,N'Guigmi,2023,9,31.3,39.8,25.4,82.0
14.25,13.1167,285.0,N'Guigmi,2023,10,31.4,38.7,24.0,0.5
14.25,13.1167,285.0,N'Guigmi,2023,11,28.3,37.0,20.0,0.0
14.25,13.1167,285.0,N'Guigmi,2023,12,22.8,31.2,14.1,0.0
14.25,13.1167,285.0,N'Guigmi,2024,1,21.8,31.3,13.0,0.0
14.25,13.1167,285.0,N'Guigmi,2024,2,24.1,32.0,16.3,0.5
14.25,13.1167,285.0,N'Guigmi,2024,3,30.9,40.4,21.9,0.0
14.25,13.1167,285.0,N'Guigmi,2024,4,33.8,43.3,24.3,0.0
14.25,13.1167,285.0,N'Guigmi,2024,5,35.5,44.4,27.5,0.0
14.25,13.1167,285.0,N'Guigmi,2024,6,36.1,41.8,28.4,28.0
14.25,13.1167,285.0,N'Guigmi,2024,7,30.3,35.6,24.4,197.0
14.25,13.1167,285.0,N'Guigmi,2024,8,28.3,33.1,24.9,273.0
14.25,13.1167,285.0,N'Guigmi,2024,9,31.1,37.0,25.1,44.0
14.25,13.1167,285.0,N'Guigmi,2024,10,30.5,39.0,23.2,0.0
14.25,13.1167,285.0,N'Guigmi,2024,11,25.2,33.6,16.8,0.0
14.25,13.1167,285.0,N'Guigmi,2024,12,21.8,30.6,13.0,0.0
14.25,13.1167,285.0,N'Guigmi,2025,1,24.1,31.7,14.3,0.0
14.25,13.1167,285.0,N'Guigmi,2025,2,25.3,34.1,16.7,0.0
14.25,13.1167,285.0,N'Guigmi,2025,3,29.3,39.7,19.9,0.0
14.25,13.1167,285.0,N'Guigmi,2025,4,31.2,40.8,22.2,0.0
14.25,13.1167,285.0,N'Guigmi,2025,5,33.6,42.5,25.1,0.0
14.25,13.1167,285.0,N'Guigmi,2025,6,33.4,42.2,26.5,16.0
14.25,13.1167,285.0,N'Guigmi,2025,7,31.1,36.9,25.9,63.1
13.4833,2.1667,223.0,Niamey-Aero,1994,1,24.3,,,0.0
13.4833,2.1667,223.0,Niamey-Aero,1994,2,26.7,,,0.0
13.4833,2.1667,223.0,Niamey-Aero,1994,3,32.2,39.9,,0.0
13.4833,2.1667,223.0,Niamey-Aero,1994,4,34.3,,,30.0
13.4833,2.1667,223.0,Niamey-Aero,1994,5,34.2,40.6,,6.0
13.4833,2.1667,223.0,Niamey-Aero,1994,6,31.6,,,54.0
13.4833,2.1667,223.0,Niamey-Aero,1994,7,29.0,,,223.0
13.4833,2.1667,223.0,Niamey-Aero,1994,8,27.0,,,294.0
13.4833,2.1667,223.0,Niamey-Aero,1994,9,28.8,,,71.0
13.4833,2.1667,223.0,Niamey-Aero,1994,10,30.2,36.4,,28.0
13.4833,2.1667,223.0,Niamey-Aero,1994,11,27.7,,,0.0
13.4833,2.1667,223.0,Niamey-Aero,1994,12,23.3,,,0.0
13.4833,2.1667,223.0,Niamey-Aero,1995,1,22.2,,,0.0
13.4833,2.1667,223.0,Niamey-Aero,1995,2,25.3,,,0.0
13.4833,2.1667,223.0,Niamey-Aero,1995,3,32.2,39.9,,0.0
13.4833,2.1667,223.0,Niamey-Aero,1995,4,34.1,40.7,,25.0
13.4833,2.1667,223.0,Niamey-Aero,1995,5,34.9,40.8,29.2,5.0
13.4833,2.1667,223.0,Niamey-Aero,1995,6,32.4,38.2,,88.0
13.4833,2.1667,223.0,Niamey-Aero,1995,7,29.9,34.7,,121.0
13.4833,2.1667,223.0,Niamey-Aero,1995,8,28.1,32.8,,212.0
13.4833,2.1667,223.0,Niamey-Aero,1995,9,29.7,35.2,,90.0
13.4833,2.1667,223.0,Niamey-Aero,1995,10,31.8,38.3,,0.0
13.4833,2.1667,223.0,Niamey-Aero,1995,11,28.0,36.0,,0.0
13.4833,2.1667,223.0,Niamey-Aero,1995,12,26.4,34.8,,0.0
13.4833,2.1667,223.0,Niamey-Aero,1996,1,26.1,,,0.0
13.4833,2.1667,223.0,Niamey-Aero,1996,2,28.9,37.3,20.5,0.0
13.4833,2.1667,223.0,Niamey-Aero,1996,3,32.1,39.6,,0.0
13.4833,2.1667,223.0,Niamey-Aero,1996,4,33.3,41.1,,8.0
13.4833,2.1667,223.0,Niamey-Aero,1996,5,34.7,41.2,,3.0
13.4833,2.1667,223.0,Niamey-Aero,1996,6,31.4,36.8,,110.0
13.4833,2.1667,223.0,Niamey-Aero,1996,7,30.2,,,116.0
13.4833,2.1667,223.0,Niamey-Aero,1996,8,27.9,32.6,,222.0
13.4833,2.1667,223.0,Niamey-Aero,1996,9,28.8,,,75.0
13.4833,2.1667,223.0,Niamey-Aero,1996,10,30.9,37.6,,12.0
13.4833,2.1667,223.0,Niamey-Aero,1996,11,26.7,35.0,18.5,0.0
13.4833,2.1667,223.0,Niamey-Aero,1996,12,25.7,34.8,,0.0
13.4833,2.1667,223.0,Niamey-Aero,1997,1,25.9,34.4,,0.0
13.4833,2.1667,223.0,Niamey-Aero,1997,2,25.6,32.9,19.0,0.0
13.4833,2.1667,223.0,Niamey-Aero,1997,3,30.1,,,8.0
13.4833,2.1667,223.0,Niamey-Aero,1997,4,33.9,40.6,27.0,2.0
13.4833,2.1667,223.0,Niamey-Aero,1997,5,32.9,,,58.0
13.4833,2.1667,223.0,Niamey-Aero,1997,6,31.8,37.3,26.0,63.0
13.4833,2.1667,223.0,Niamey-Aero,1997,7,29.9,,,138.0
13.4833,2.1667,223.0,Niamey-Aero,1997,8,29.6,35.0,25.1,93.0
13.4833,2.1667,223.0,Niamey-Aero,1997,9,30.3,36.1,25.3,61.0
13.4833,2.1667,223.0,Niamey-Aero,1997,10,32.3,38.9,26.7,49.0
13.4833,2.1667,223.0,Niamey-Aero,1997,11,30.2,38.1,22.3,0.0
13.4833,2.1667,223.0,Niamey-Aero,1997,12,25.4,33.9,17.1,0.0
13.4833,2.1667,223.0,Niamey-Aero,1998,1,24.5,35.0,16.6,0.0
13.4833,2.1667,223.0,Niamey-Aero,1998,2,28.8,37.1,20.7,0.0
13.4833,2.1667,223.0,Niamey-Aero,1998,3,29.5,37.1,22.1,0.0
13.4833,2.1667,223.0,Niamey-Aero,1998,4,35.5,41.4,27.7,33.0
13.4833,2.1667,223.0,Niamey-Aero,1998,5,34.7,40.9,29.2,27.0
13.4833,2.1667,223.0,Niamey-Aero,1998,6,32.0,37.5,26.6,89.0
13.4833,2.1667,223.0,Niamey-Aero,1998,7,29.6,34.5,,153.0
13.4833,2.1667,223.0,Niamey-Aero,1998,8,27.7,31.2,23.4,282.0
13.4833,2.1667,223.0,Niamey-Aero,1998,9,28.4,33.4,23.6,208.0
13.4833,2.1667,223.0,Niamey-Aero,1998,10,32.0,37.9,26.5,2.0
13.4833,2.1667,223.0,Niamey-Aero,1998,11,29.2,34.4,20.7,0.0
13.4833,2.1667,223.0,Niamey-Aero,1998,12,25.8,34.5,17.8,0.0
13.4833,2.1667,223.0,Niamey-Aero,1999,1,24.8,33.5,17.2,0.0
13.4833,2.1667,223.0,Niamey-Aero,1999,2,26.9,34.9,19.4,0.0
13.4833,2.1667,223.0,Niamey-Aero,1999,3,32.8,41.1,24.5,0.0
13.4833,2.1667,223.0,Niamey-Aero,1999,4,34.4,41.6,27.5,5.0
13.4833,2.1667,223.0,Niamey-Aero,1999,5,34.5,41.1,28.8,28.0
13.4833,2.1667,223.0,Niamey-Aero,1999,6,33.6,39.8,28.0,45.0
13.4833,2.1667,223.0,Niamey-Aero,1999,7,29.1,34.3,24.4,199.0
13.4833,2.1667,223.0,Niamey-Aero,1999,8,27.3,31.7,23.3,151.0
13.4833,2.1667,223.0,Niamey-Aero,1999,9,28.4,33.5,23.5,189.0
13.4833,2.1667,223.0,Niamey-Aero,1999,10,30.3,37.1,23.9,6.0
13.4833,2.1667,223.0,Niamey-Aero,1999,11,28.9,37.0,20.4,0.0
13.4833,2.1667,223.0,Niamey-Aero,1999,12,24.6,33.1,16.6,0.0
13.4833,2.1667,223.0,Niamey-Aero,2000,1,,,,0.0
13.4833,2.1667,223.0,Niamey-Aero,2000,2,24.1,32.2,16.0,0.0
13.4833,2.1667,223.0,Niamey-Aero,2000,3,29.9,38.0,21.6,0.0
13.4833,2.1667,223.0,Niamey-Aero,2000,4,34.8,,,10.0
13.4833,2.1667,223.0,Niamey-Aero,2000,5,35.3,,,4.0
13.4833,2.1667,223.0,Niamey-Aero,2000,6,32.0,38.3,26.1,83.0
13.4833,2.1667,223.0,Niamey-Aero,2000,7,28.8,,,170.0
13.4833,2.1667,223.0,Niamey-Aero,2000,8,28.2,33.1,23.7,145.0
13.4833,2.1667,223.0,Niamey-Aero,2000,9,30.4,36.1,25.3,50.0
13.4833,2.1667,223.0,Niamey-Aero,2000,10,31.3,37.6,25.0,0.0
13.4833,2.1667,223.0,Niamey-Aero,2000,11,28.4,,,0.0
13.4833,2.1667,223.0,Niamey-Aero,2000,12,24.5,32.8,16.5,0.0
13.4833,2.1667,223.0,Niamey-Aero,2001,1,23.7,32.4,14.8,0.0
13.4833,2.1667,223.0,Niamey-Aero,2001,2,25.4,33.6,17.5,0.0
13.4833,2.1667,223.0,Niamey-Aero,2001,3,31.0,39.9,21.6,0.0
13.4833,2.1667,223.0,Niamey-Aero,2001,4,34.8,41.7,28.0,0.0
13.4833,2.1667,223.0,Niamey-Aero,2001,5,34.9,41.2,,12.0
13.4833,2.1667,223.0,Niamey-Aero,2001,6,31.9,37.9,26.4,108.0
13.4833,2.1667,223.0,Niamey-Aero,2001,7,29.2,,,178.0
13.4833,2.1667,223.0,Niamey-Aero,2001,8,28.2,32.6,23.7,122.0
13.4833,2.1667,223.0,Niamey-Aero,2001,9,29.4,34.6,24.2,153.0
13.4833,2.1667,223.0,Niamey-Aero,2001,10,31.1,38.2,24.4,0.5
13.4833,2.1667,223.0,Niamey-Aero,2001,11,28.0,36.8,19.2,0.0
13.4833,2.1667,223.0,Niamey-Aero,2001,12,26.0,35.1,17.9,0.0
13.4833,2.1667,223.0,Niamey-Aero,2002,1,23.5,30.6,,0.0
13.4833,2.1667,223.0,Niamey-Aero,2002,2,26.0,34.7,17.0,0.0
13.4833,2.1667,223.0,Niamey-Aero,2002,3,32.0,40.1,23.4,0.0
13.4833,2.1667,223.0,Niamey-Aero,2002,4,35.0,42.1,28.4,0.5
13.4833,2.1667,223.0,Niamey-Aero,2002,5,35.9,42.6,30.0,11.0
13.4833,2.1667,223.0,Niamey-Aero,2002,6,32.0,,,109.0
13.4833,2.1667,223.0,Niamey-Aero,2002,7,30.0,35.5,25.5,134.0
13.4833,2.1667,223.0,Niamey-Aero,2002,8,28.7,33.5,24.2,119.0
13.4833,2.1667,223.0,Niamey-Aero,2002,9,29.5,35.0,24.3,79.0
13.4833,2.1667,223.0,Niamey-Aero,2002,10,29.8,35.9,23.9,32.0
13.4833,2.1667,223.0,Niamey-Aero,2002,11,28.7,36.8,20.5,0.5
13.4833,2.1667,223.0,Niamey-Aero,2002,12,25.9,34.1,17.9,0.0
13.4833,2.1667,223.0,Niamey-Aero,2003,1,25.1,33.4,17.0,0.0
13.4833,2.1667,223.0,Niamey-Aero,2003,2,29.0,,,0.0
13.4833,2.1667,223.0,Niamey-Aero,2003,3,30.6,,,0.5
13.4833,2.1667,223.0,Niamey-Aero,2003,4,35.0,,,0.0
13.4833,2.1667,223.0,Niamey-Aero,2003,5,34.2,41.2,28.0,39.0
13.4833,2.1667,223.0,Niamey-Aero,2003,6,30.9,36.2,25.2,116.0
13.4833,2.1667,223.0,Niamey-Aero,2003,7,29.6,,,0.0
13.4833,2.1667,223.0,Niamey-Aero,2003,8,27.9,32.6,23.6,229.0
13.4833,2.1667,223.0,Niamey-Aero,2003,9,29.3,,,71.0
13.4833,2.1667,223.0,Niamey-Aero,2003,10,32.7,39.1,26.7,0.5
13.4833,2.1667,223.0,Niamey-Aero,2003,11,29.9,37.8,21.5,0.0
13.4833,2.1667,223.0,Niamey-Aero,2003,12,25.2,33.4,16.9,0.0
13.4833,2.1667,223.0,Niamey-Aero,2004,1,25.3,33.0,17.9,0.0
13.4833,2.1667,223.0,Niamey-Aero,2004,2,27.7,35.3,20.0,0.0
13.4833,2.1667,223.0,Niamey-Aero,2004,3,30.7,37.4,23.3,0.5
13.4833,2.1667,223.0,Niamey-Aero,2004,4,34.6,41.3,28.3,30.0
13.4833,2.1667,223.0,Niamey-Aero,2004,5,33.8,39.9,,0.5
13.4833,2.1667,223.0,Niamey-Aero,2004,6,31.9,38.1,,41.0
13.4833,2.1667,223.0,Niamey-Aero,2004,7,28.7,33.5,24.1,110.0
13.4833,2.1667,223.0,Niamey-Aero,2004,8,28.6,33.3,24.1,178.0
13.4833,2.1667,223.0,Niamey-Aero,2004,9,29.7,35.1,24.6,92.0
13.4833,2.1667,223.0,Niamey-Aero,2004,10,31.9,39.4,24.6,0.0
13.4833,2.1667,223.0,Niamey-Aero,2004,11,29.5,37.4,21.9,0.0
13.4833,2.1667,223.0,Niamey-Aero,2004,12,27.3,36.1,,0.0
13.4833,2.1667,223.0,Niamey-Aero,2005,1,23.9,30.8,17.2,0.0
13.4833,2.1667,223.0,Niamey-Aero,2005,2,31.0,38.0,23.8,0.0
13.4833,2.1667,223.0,Niamey-Aero,2005,3,34.0,41.1,26.7,0.5
13.4833,2.1667,223.0,Niamey-Aero,2005,4,35.2,42.5,27.9,0.5
13.4833,2.1667,223.0,Niamey-Aero,2005,5,34.5,41.1,,30.0
13.4833,2.1667,223.0,Niamey-Aero,2005,6,31.0,36.6,25.5,155.0
13.4833,2.1667,223.0,Niamey-Aero,2005,7,29.1,33.8,,190.0
13.4833,2.1667,223.0,Niamey-Aero,2005,8,28.2,33.2,23.9,154.0
13.4833,2.1667,223.0,Niamey-Aero,2005,9,29.8,35.5,24.8,83.0
13.4833,2.1667,223.0,Niamey-Aero,2005,10,30.4,37.9,24.0,48.0
13.4833,2.1667,223.0,Niamey-Aero,2005,11,28.8,37.2,20.3,0.0
13.4833,2.1667,223.0,Niamey-Aero,2005,12,26.0,34.7,17.4,0.0
13.4833,2.1667,223.0,Niamey-Aero,2006,1,26.8,,,0.0
13.4833,2.1667,223.0,Niamey-Aero,2006,2,28.8,37.0,20.5,0.0
13.4833,2.1667,223.0,Niamey-Aero,2006,3,31.7,40.1,23.4,0.0
13.4833,2.1667,223.0,Niamey-Aero,2006,4,34.1,41.7,25.9,0.0
13.4833,2.1667,223.0,Niamey-Aero,2006,5,34.6,40.9,28.9,0.5
13.4833,2.1667,223.0,Niamey-Aero,2006,6,32.9,39.1,27.5,46.0
13.4833,2.1667,223.0,Niamey-Aero,2006,7,30.0,35.3,24.6,111.0
13.4833,2.1667,223.0,Niamey-Aero,2006,8,27.8,,,163.0
13.4833,2.1667,223.0,Niamey-Aero,2006,9,28.5,33.6,23.6,69.0
13.4833,2.1667,223.0,Niamey-Aero,2006,10,31.4,38.3,,11.0
13.4833,2.1667,223.0,Niamey-Aero,2006,11,27.4,35.5,19.1,0.0
13.4833,2.1667,223.0,Niamey-Aero,2006,12,24.4,32.5,17.0,0.0
13.4833,2.1667,223.0,Niamey-Aero,2007,1,23.5,30.8,16.4,0.0
13.4833,2.1667,223.0,Niamey-Aero,2007,2,27.6,36.4,19.1,0.0
13.4833,2.1667,223.0,Niamey-Aero,2007,3,30.8,,,0.0
13.4833,2.1667,223.0,Niamey-Aero,2007,4,35.3,41.7,29.5,0.5
13.4833,2.1667,223.0,Niamey-Aero,2007,5,34.3,,,19.0
13.4833,2.1667,223.0,Niamey-Aero,2007,6,32.6,38.4,27.3,42.0
13.4833,2.1667,223.0,Niamey-Aero,2007,7,29.7,34.9,24.7,145.0
13.4833,2.1667,223.0,Niamey-Aero,2007,8,27.8,32.4,23.3,256.0
13.4833,2.1667,223.0,Niamey-Aero,2007,9,29.8,35.2,24.8,60.0
13.4833,2.1667,223.0,Niamey-Aero,2007,10,31.7,39.2,,0.0
13.4833,2.1667,223.0,Niamey-Aero,2007,11,29.7,35.8,21.7,0.0
13.4833,2.1667,223.0,Niamey-Aero,2007,12,26.1,33.6,18.8,0.5
13.4833,2.1667,223.0,Niamey-Aero,2008,1,21.8,29.1,14.3,0.0
13.4833,2.1667,223.0,Niamey-Aero,2008,2,26.1,,,0.0
13.4833,2.1667,223.0,Niamey-Aero,2008,3,31.5,39.8,22.9,0.5
13.4833,2.1667,223.0,Niamey-Aero,2008,4,33.6,40.9,25.9,0.0
13.4833,2.1667,223.0,Niamey-Aero,2008,5,34.2,40.6,27.9,12.0
13.4833,2.1667,223.0,Niamey-Aero,2008,6,32.5,38.5,26.8,94.0
13.4833,2.1667,223.0,Niamey-Aero,2008,7,28.8,34.1,23.6,164.0
13.4833,2.1667,223.0,Niamey-Aero,2008,8,28.0,32.9,23.3,161.0
13.4833,2.1667,223.0,Niamey-Aero,2008,9,29.7,34.9,24.9,42.0
13.4833,2.1667,223.0,Niamey-Aero,2008,10,31.5,38.5,24.6,0.0
13.4833,2.1667,223.0,Niamey-Aero,2008,11,28.3,37.2,19.7,0.0
13.4833,2.1667,223.0,Niamey-Aero,2008,12,25.6,34.9,18.2,0.0
13.4833,2.1667,223.0,Niamey-Aero,2009,1,24.8,33.0,16.7,0.0
13.4833,2.1667,223.0,Niamey-Aero,2009,2,30.0,38.3,21.8,0.0
13.4833,2.1667,223.0,Niamey-Aero,2009,3,32.7,40.3,25.2,0.5
13.4833,2.1667,223.0,Niamey-Aero,2009,4,34.8,42.0,27.7,14.0
13.4833,2.1667,223.0,Niamey-Aero,2009,5,34.8,41.1,28.9,19.0
13.4833,2.1667,223.0,Niamey-Aero,2009,6,32.3,38.1,26.6,27.0
13.4833,2.1667,223.0,Niamey-Aero,2009,7,30.0,35.7,25.1,183.0
13.4833,2.1667,223.0,Niamey-Aero,2009,8,28.4,32.9,23.7,197.0
13.4833,2.1667,223.0,Niamey-Aero,2009,9,29.7,34.9,25.1,96.0
13.4833,2.1667,223.0,Niamey-Aero,2009,10,31.8,38.1,27.0,35.0
13.4833,2.1667,223.0,Niamey-Aero,2009,11,28.9,36.3,21.6,0.0
13.4833,2.1667,223.0,Niamey-Aero,2009,12,26.6,35.2,18.0,0.0
13.4833,2.1667,223.0,Niamey-Aero,2010,1,25.7,33.8,16.5,0.0
13.4833,2.1667,223.0,Niamey-Aero,2010,2,30.3,39.1,21.9,0.0
13.4833,2.1667,223.0,Niamey-Aero,2010,3,32.7,39.8,25.4,0.0
13.4833,2.1667,223.0,Niamey-Aero,2010,4,35.6,42.4,29.3,1.0
13.4833,2.1667,223.0,Niamey-Aero,2010,5,35.0,41.0,29.4,27.0
13.4833,2.1667,223.0,Niamey-Aero,2010,6,32.3,38.3,26.8,75.0
13.4833,2.1667,223.0,Niamey-Aero,2010,7,29.5,34.7,24.8,137.0
13.4833,2.1667,223.0,Niamey-Aero,2010,8,28.2,33.1,23.9,180.0
13.4833,2.1667,223.0,Niamey-Aero,2010,9,29.2,34.6,24.5,46.0
13.4833,2.1667,223.0,Niamey-Aero,2010,10,31.1,37.1,25.5,62.0
13.4833,2.1667,223.0,Niamey-Aero,2010,11,30.2,38.5,22.2,0.5
13.4833,2.1667,223.0,Niamey-Aero,2010,12,25.1,34.1,16.9,0.0
13.4833,2.1667,223.0,Niamey-Aero,2011,1,24.6,32.5,16.5,0.0
13.4833,2.1667,223.0,Niamey-Aero,2011,2,29.5,36.8,22.3,0.5
13.4833,2.1667,223.0,Niamey-Aero,2011,3,33.4,41.4,,0.0
13.4833,2.1667,223.0,Niamey-Aero,2011,4,34.3,41.5,27.1,2.0
13.4833,2.1667,223.0,Niamey-Aero,2011,5,35.5,41.7,29.8,14.0
13.4833,2.1667,223.0,Niamey-Aero,2011,6,32.4,38.0,27.2,42.0
13.4833,2.1667,223.0,Niamey-Aero,2011,7,30.5,35.9,25.4,79.0
13.4833,2.1667,223.0,Niamey-Aero,2011,8,28.4,33.4,24.1,138.0
13.4833,2.1667,223.0,Niamey-Aero,2011,9,30.2,36.0,25.2,36.0
13.4833,2.1667,223.0,Niamey-Aero,2011,10,31.9,38.4,26.0,38.0
13.4833,2.1667,223.0,Niamey-Aero,2011,11,28.8,37.4,19.5,0.0
13.4833,2.1667,223.0,Niamey-Aero,2011,12,24.3,32.3,16.3,0.0
13.4833,2.1667,223.0,Niamey-Aero,2012,1,24.1,32.2,16.4,0.5
13.4833,2.1667,223.0,Niamey-Aero,2012,2,28.9,36.7,21.2,0.5
13.4833,2.1667,223.0,Niamey-Aero,2012,3,30.9,38.3,23.6,0.0
13.4833,2.1667,223.0,Niamey-Aero,2012,4,35.2,41.9,29.2,3.0
13.4833,2.1667,223.0,Niamey-Aero,2012,5,34.0,40.6,28.5,18.0
13.4833,2.1667,223.0,Niamey-Aero,2012,6,31.9,37.9,27.3,43.0
13.4833,2.1667,223.0,Niamey-Aero,2012,7,29.1,34.2,24.2,125.0
13.4833,2.1667,223.0,Niamey-Aero,2012,8,27.8,32.7,23.6,328.0
13.4833,2.1667,223.0,Niamey-Aero,2012,9,29.5,34.8,24.6,92.0
13.4833,2.1667,223.0,Niamey-Aero,2012,10,31.5,38.1,25.8,12.0
13.4833,2.1667,223.0,Niamey-Aero,2012,11,30.7,38.7,22.9,0.0
13.4833,2.1667,223.0,Niamey-Aero,2012,12,26.4,34.8,18.6,0.0
13.4833,2.1667,223.0,Niamey-Aero,2013,1,24.9,32.9,16.7,0.0
13.4833,2.1667,223.0,Niamey-Aero,2013,2,28.3,36.6,20.2,0.0
13.4833,2.1667,223.0,Niamey-Aero,2013,3,34.4,42.6,26.2,0.0
13.4833,2.1667,223.0,Niamey-Aero,2013,4,34.1,40.5,28.0,56.0
13.4833,2.1667,223.0,Niamey-Aero,2013,5,34.9,41.3,29.5,5.0
13.4833,2.1667,223.0,Niamey-Aero,2013,6,32.9,38.9,27.0,69.0
13.4833,2.1667,223.0,Niamey-Aero,2013,7,29.6,35.6,24.7,89.0
13.4833,2.1667,223.0,Niamey-Aero,2013,8,27.2,31.8,22.9,300.0
13.4833,2.1667,223.0,Niamey-Aero,2013,9,30.0,35.5,25.1,25.0
13.4833,2.1667,223.0,Niamey-Aero,2013,10,31.3,38.7,24.2,7.0
13.4833,2.1667,223.0,Niamey-Aero,2013,11,29.7,38.1,20.9,0.0
13.4833,2.1667,223.0,Niamey-Aero,2013,12,25.5,33.2,17.0,0.0
13.4833,2.1667,223.0,Niamey-Aero,2014,1,26.6,34.4,18.0,0.0
13.4833,2.1667,223.0,Niamey-Aero,2014,2,27.8,35.2,18.9,0.5
13.4833,2.1667,223.0,Niamey-Aero,2014,3,31.5,39.4,22.8,0.0
13.4833,2.1667,223.0,Niamey-Aero,2014,4,35.0,42.1,28.9,0.5
13.4833,2.1667,223.0,Niamey-Aero,2014,5,33.2,39.4,27.8,50.0
13.4833,2.1667,223.0,Niamey-Aero,2014,6,33.0,39.2,27.2,48.0
13.4833,2.1667,223.0,Niamey-Aero,2014,7,30.0,34.7,25.2,147.0
13.4833,2.1667,223.0,Niamey-Aero,2014,8,28.2,33.0,24.1,227.0
13.4833,2.1667,223.0,Niamey-Aero,2014,9,29.6,35.3,25.0,89.0
13.4833,2.1667,223.0,Niamey-Aero,2014,10,31.7,38.6,25.4,0.5
13.4833,2.1667,223.0,Niamey-Aero,2014,11,30.1,38.1,22.7,0.0
13.4833,2.1667,223.0,Niamey-Aero,2014,12,25.4,33.7,18.0,0.0
13.4833,2.1667,223.0,Niamey-Aero,2015,1,23.4,31.2,16.6,0.0
13.4833,2.1667,223.0,Niamey-Aero,2015,2,29.0,37.4,21.8,7.0
13.4833,2.1667,223.0,Niamey-Aero,2015,3,31.6,38.6,25.0,0.0
13.4833,2.1667,223.0,Niamey-Aero,2015,4,33.6,41.1,26.8,0.0
13.4833,2.1667,223.0,Niamey-Aero,2015,5,35.9,42.6,30.1,0.5
13.4833,2.1667,223.0,Niamey-Aero,2015,6,33.6,39.7,28.3,47.0
13.4833,2.1667,223.0,Niamey-Aero,2015,7,29.8,35.3,24.9,196.0
13.4833,2.1667,223.0,Niamey-Aero,2015,8,28.1,33.0,24.0,141.0
13.4833,2.1667,223.0,Niamey-Aero,2015,9,29.4,34.7,25.6,89.0
13.4833,2.1667,223.0,Niamey-Aero,2015,10,32.2,38.5,26.8,70.0
13.4833,2.1667,223.0,Niamey-Aero,2015,11,29.1,36.7,21.7,0.0
13.4833,2.1667,223.0,Niamey-Aero,2015,12,23.2,30.2,16.8,0.0
13.4833,2.1667,223.0,Niamey-Aero,2016,1,24.4,31.7,17.6,0.0
13.4833,2.1667,223.0,Niamey-Aero,2016,2,27.5,35.6,19.5,0.0
13.4833,2.1667,223.0,Niamey-Aero,2016,3,32.5,39.8,25.4,0.0
13.4833,2.1667,223.0,Niamey-Aero,2016,4,35.5,42.3,29.6,33.0
13.4833,2.1667,223.0,Niamey-Aero,2016,5,34.4,40.6,29.2,70.0
13.4833,2.1667,223.0,Niamey-Aero,2016,6,31.6,36.8,26.8,87.0
13.4833,2.1667,223.0,Niamey-Aero,2016,7,29.8,35.0,25.2,85.0
13.4833,2.1667,223.0,Niamey-Aero,2016,8,28.4,33.4,24.0,160.0
13.4833,2.1667,223.0,Niamey-Aero,2016,9,29.5,34.8,24.9,117.0
13.4833,2.1667,223.0,Niamey-Aero,2016,10,32.2,39.4,26.4,0.5
13.4833,2.1667,223.0,Niamey-Aero,2016,11,30.0,38.3,22.0,0.0
13.4833,2.1667,223.0,Niamey-Aero,2016,12,27.2,34.9,19.7,0.0
13.4833,2.1667,223.0,Niamey-Aero,2017,1,25.0,33.0,17.9,0.0
13.4833,2.1667,223.0,Niamey-Aero,2017,2,28.2,35.6,20.7,0.0
13.4833,2.1667,223.0,Niamey-Aero,2017,3,32.5,41.0,23.8,0.0
13.4833,2.1667,223.0,Niamey-Aero,2017,4,35.1,42.0,28.2,3.0
13.4833,2.1667,223.0,Niamey-Aero,2017,5,34.1,39.8,28.8,106.0
13.4833,2.1667,223.0,Niamey-Aero,2017,6,32.0,37.0,27.0,206.0
13.4833,2.1667,223.0,Niamey-Aero,2017,7,29.3,34.0,25.0,144.0
13.4833,2.1667,223.0,Niamey-Aero,2017,8,28.0,33.0,24.0,210.0
13.4833,2.1667,223.0,Niamey-Aero,2017,9,30.0,35.0,25.0,76.0
13.4833,2.1667,223.0,Niamey-Aero,2017,10,31.0,38.0,24.0,13.0
13.4833,2.1667,223.0,Niamey-Aero,2017,11,28.8,36.8,20.7,0.0
13.4833,2.1667,223.0,Niamey-Aero,2017,12,26.0,33.0,19.0,0.0
13.4833,2.1667,223.0,Niamey-Aero,2018,1,24.1,32.0,17.0,0.0
13.4833,2.1667,223.0,Niamey-Aero,2018,2,29.0,36.6,21.7,0.5
13.4833,2.1667,223.0,Niamey-Aero,2018,3,32.6,40.5,24.6,3.0
13.4833,2.1667,223.0,Niamey-Aero,2018,4,35.0,42.0,28.0,0.0
13.4833,2.1667,223.0,Niamey-Aero,2018,5,35.0,41.0,29.0,34.0
13.4833,2.1667,223.0,Niamey-Aero,2018,6,33.0,39.0,27.0,34.0
13.4833,2.1667,223.0,Niamey-Aero,2018,7,30.0,35.0,25.0,130.0
13.4833,2.1667,223.0,Niamey-Aero,2018,8,28.0,33.0,24.0,166.0
13.4833,2.1667,223.0,Niamey-Aero,2018,9,30.0,35.0,25.0,99.0
13.4833,2.1667,223.0,Niamey-Aero,2018,10,31.9,38.1,26.5,14.0
13.4833,2.1667,223.0,Niamey-Aero,2018,11,30.0,38.0,22.0,0.0
13.4833,2.1667,223.0,Niamey-Aero,2018,12,25.0,32.0,18.0,0.0
13.4833,2.1667,223.0,Niamey-Aero,2019,1,25.0,33.0,17.0,0.0
13.4833,2.1667,223.0,Niamey-Aero,2019,2,27.0,34.4,20.0,0.0
13.4833,2.1667,223.0,Niamey-Aero,2019,3,32.0,39.0,25.0,0.0
13.4833,2.1667,223.0,Niamey-Aero,2019,4,35.6,41.9,29.1,2.0
13.4833,2.1667,223.0,Niamey-Aero,2019,5,35.3,40.9,29.8,7.0
13.4833,2.1667,223.0,Niamey-Aero,2019,6,32.7,38.1,27.5,46.0
13.4833,2.1667,223.0,Niamey-Aero,2019,7,30.0,34.5,25.0,107.0
13.4833,2.1667,223.0,Niamey-Aero,2019,8,28.5,33.0,24.0,123.0
13.4833,2.1667,223.0,Niamey-Aero,2019,9,30.7,36.0,25.3,80.0
13.4833,2.1667,223.0,Niamey-Aero,2019,10,31.0,37.0,26.0,12.0
13.4833,2.1667,223.0,Niamey-Aero,2019,11,31.4,38.9,23.5,0.0
13.4833,2.1667,223.0,Niamey-Aero,2019,12,26.0,34.0,18.0,0.0
13.4833,2.1667,223.0,Niamey-Aero,2020,1,25.0,32.0,18.0,0.0
13.4833,2.1667,223.0,Niamey-Aero,2020,2,29.0,36.0,21.0,0.0
13.4833,2.1667,223.0,Niamey-Aero,2020,3,33.0,40.0,26.0,0.0
13.4833,2.1667,223.0,Niamey-Aero,2020,4,36.2,42.6,30.0,3.0
13.4833,2.1667,223.0,Niamey-Aero,2020,5,35.0,41.0,29.0,30.0
13.4833,2.1667,223.0,Niamey-Aero,2020,6,33.0,38.0,27.0,82.0
13.4833,2.1667,223.0,Niamey-Aero,2020,7,30.0,34.0,25.0,174.0
13.4833,2.1667,223.0,Niamey-Aero,2020,8,28.0,32.0,23.0,268.0
13.4833,2.1667,223.0,Niamey-Aero,2020,9,29.0,34.0,25.0,112.0
13.4833,2.1667,223.0,Niamey-Aero,2020,10,31.0,37.0,25.0,28.0
13.4833,2.1667,223.0,Niamey-Aero,2020,11,29.2,36.1,22.1,0.0
13.4833,2.1667,223.0,Niamey-Aero,2020,12,28.4,36.0,20.7,0.0
13.4833,2.1667,223.0,Niamey-Aero,2021,1,27.5,35.7,19.8,0.0
13.4833,2.1667,223.0,Niamey-Aero,2021,2,28.0,35.0,20.0,0.0
13.4833,2.1667,223.0,Niamey-Aero,2021,3,33.0,39.0,26.0,0.0
13.4833,2.1667,223.0,Niamey-Aero,2021,4,35.0,42.0,28.0,0.0
13.4833,2.1667,223.0,Niamey-Aero,2021,5,35.7,42.1,30.0,24.0
13.4833,2.1667,223.0,Niamey-Aero,2021,6,33.3,38.0,27.0,46.0
13.4833,2.1667,223.0,Niamey-Aero,2021,7,29.9,34.5,24.8,119.0
13.4833,2.1667,223.0,Niamey-Aero,2021,8,28.7,33.9,23.8,212.0
13.4833,2.1667,223.0,Niamey-Aero,2021,9,30.5,35.8,25.8,53.0
13.4833,2.1667,223.0,Niamey-Aero,2021,10,33.0,39.2,27.1,16.0
13.4833,2.1667,223.0,Niamey-Aero,2021,11,31.5,39.3,23.2,0.0
13.4833,2.1667,223.0,Niamey-Aero,2021,12,25.9,32.1,19.6,0.0
13.4833,2.1667,223.0,Niamey-Aero,2022,1,23.2,30.8,16.2,0.0
13.4833,2.1667,223.0,Niamey-Aero,2022,2,26.4,35.1,18.5,0.0
13.4833,2.1667,223.0,Niamey-Aero,2022,3,31.9,39.8,24.7,0.0
13.4833,2.1667,223.0,Niamey-Aero,2022,4,34.7,41.0,28.4,0.5
13.4833,2.1667,223.0,Niamey-Aero,2022,5,34.8,41.3,29.0,3.0
13.4833,2.1667,223.0,Niamey-Aero,2022,6,31.7,37.6,26.8,45.0
13.4833,2.1667,223.0,Niamey-Aero,2022,7,30.0,35.1,25.7,39.0
13.4833,2.1667,223.0,Niamey-Aero,2022,8,27.6,32.5,23.8,238.0
13.4833,2.1667,223.0,Niamey-Aero,2022,9,28.7,33.7,24.5,26.0
13.4833,2.1667,223.0,Niamey-Aero,2022,10,29.8,37.1,23.2,13.0
13.4833,2.1667,223.0,Niamey-Aero,2022,11,27.3,36.0,18.8,0.0
13.4833,2.1667,223.0,Niamey-Aero,2022,12,25.2,33.5,17.2,0.0
13.4833,2.1667,223.0,Niamey-Aero,2023,1,24.2,33.1,16.1,0.0
13.4833,2.1667,223.0,Niamey-Aero,2023,2,28.2,36.2,20.3,0.0
13.4833,2.1667,223.0,Niamey-Aero,2023,3,32.7,40.5,24.6,0.5
13.4833,2.1667,223.0,Niamey-Aero,2023,4,34.7,41.7,27.8,0.0
13.4833,2.1667,223.0,Niamey-Aero,2023,5,34.7,41.3,29.0,51.0
13.4833,2.1667,223.0,Niamey-Aero,2023,6,32.6,37.8,27.7,93.0
13.4833,2.1667,223.0,Niamey-Aero,2023,7,30.0,35.4,25.1,185.0
13.4833,2.1667,223.0,Niamey-Aero,2023,8,28.0,33.0,24.1,73.0
13.4833,2.1667,223.0,Niamey-Aero,2023,9,30.1,36.2,25.1,52.0
13.4833,2.1667,223.0,Niamey-Aero,2023,10,32.4,39.2,24.8,6.0
13.4833,2.1667,223.0,Niamey-Aero,2023,11,29.9,38.5,21.8,0.0
13.4833,2.1667,223.0,Niamey-Aero,2023,12,24.6,33.6,16.7,0.0
13.4833,2.1667,223.0,Niamey-Aero,2024,1,24.8,34.0,16.5,0.0
13.4833,2.1667,223.0,Niamey-Aero,2024,2,27.3,36.0,18.9,0.0
13.4833,2.1667,223.0,Niamey-Aero,2024,3,33.7,41.6,26.1,0.0
13.4833,2.1667,223.0,Niamey-Aero,2024,4,36.2,43.5,29.6,0.0
13.4833,2.1667,223.0,Niamey-Aero,2024,5,36.5,41.7,30.5,14.0
13.4833,2.1667,223.0,Niamey-Aero,2024,6,33.2,38.1,27.8,129.0
13.4833,2.1667,223.0,Niamey-Aero,2024,7,29.5,34.4,25.5,194.0
13.4833,2.1667,223.0,Niamey-Aero,2024,8,27.9,32.1,24.5,181.0
13.4833,2.1667,223.0,Niamey-Aero,2024,9,28.3,33.1,24.2,145.0
13.4833,2.1667,223.0,Niamey-Aero,2024,10,30.1,37.2,24.3,8.0
13.4833,2.1667,223.0,Niamey-Aero,2024,11,25.7,35.2,17.0,0.0
13.4833,2.1667,223.0,Niamey-Aero,2024,12,23.8,32.8,14.6,0.0
13.4833,2.1667,223.0,Niamey-Aero,2025,1,25.6,34.0,17.0,0.0
13.4833,2.1667,223.0,Niamey-Aero,2025,2,27.8,36.7,19.6,0.0
13.4833,2.1667,223.0,Niamey-Aero,2025,3,33.1,42.3,24.0,0.0
13.4833,2.1667,223.0,Niamey-Aero,2025,4,34.7,42.7,26.8,0.5
13.4833,2.1667,223.0,Niamey-Aero,2025,5,35.3,41.7,29.5,7.0
13.4833,2.1667,223.0,Niamey-Aero,2025,6,32.6,38.1,27.6,118.0
13.4833,2.1667,223.0,Niamey-Aero,2025,7,29.1,33.6,24.9,139.7
13.4833,2.1667,223.0,Niamey-Aero,2025,8,27.8,31.5,24.5,
13.0333,3.3,223.0,Dosso / Kountoudèye,2010,3,32.2,40.3,24.8,0.0
13.0333,3.3,223.0,Dosso / Kountoudèye,2010,5,33.9,40.4,28.2,48.0
13.0333,3.3,223.0,Dosso / Kountoudèye,2010,9,28.0,33.7,23.1,68.0
13.0333,3.3,223.0,Dosso / Kountoudèye,2011,6,31.7,37.7,26.4,94.0
13.0333,3.3,223.0,Dosso / Kountoudèye,2011,9,29.0,35.0,24.2,32.0
13.0333,3.3,223.0,Dosso / Kountoudèye,2012,2,29.0,36.9,22.3,17.0
13.0333,3.3,223.0,Dosso / Kountoudèye,2012,8,26.8,31.5,,
13.0333,3.3,223.0,Dosso / Kountoudèye,2012,9,28.4,34.2,23.8,
13.0333,3.3,223.0,Dosso / Kountoudèye,2012,10,30.0,37.3,24.5,
13.0333,3.3,223.0,Dosso / Kountoudèye,2012,11,28.7,38.7,20.3,
13.0333,3.3,223.0,Dosso / Kountoudèye,2012,12,25.7,34.2,19.0,0.0
13.0333,3.3,223.0,Dosso / Kountoudèye,2013,1,25.0,33.1,18.1,
13.0333,3.3,223.0,Dosso / Kountoudèye,2013,2,28.1,36.9,20.3,
13.0333,3.3,223.0,Dosso / Kountoudèye,2013,3,33.1,42.4,24.7,0.0
13.0333,3.3,223.0,Dosso / Kountoudèye,2013,4,33.4,40.5,27.3,
13.0333,3.3,223.0,Dosso / Kountoudèye,2013,5,33.9,40.4,28.4,4.0
13.0333,3.3,223.0,Dosso / Kountoudèye,2013,6,31.3,37.2,26.2,74.0
13.0333,3.3,223.0,Dosso / Kountoudèye,2013,7,28.6,33.8,24.1,101.0
13.0333,3.3,223.0,Dosso / Kountoudèye,2013,8,26.6,31.0,22.7,281.0
13.0333,3.3,223.0,Dosso / Kountoudèye,2013,9,28.5,34.1,23.5,60.0
13.0333,3.3,223.0,Dosso / Kountoudèye,2013,10,29.4,37.9,22.1,4.0
13.0333,3.3,223.0,Dosso / Kountoudèye,2013,11,28.3,38.4,19.1,0.0
13.0333,3.3,223.0,Dosso / Kountoudèye,2013,12,25.5,33.7,18.2,0.0
13.0333,3.3,223.0,Dosso / Kountoudèye,2014,1,26.2,34.5,18.5,0.0
13.0333,3.3,223.0,Dosso / Kountoudèye,2014,2,27.8,35.5,20.9,0.0
13.0333,3.3,223.0,Dosso / Kountoudèye,2014,3,31.5,40.1,23.4,0.0
13.0333,3.3,223.0,Dosso / Kountoudèye,2014,4,34.0,41.6,27.6,8.0
13.0333,3.3,223.0,Dosso / Kountoudèye,2014,5,32.4,37.7,27.0,55.0
13.0333,3.3,223.0,Dosso / Kountoudèye,2014,6,31.8,37.5,26.6,53.0
13.0333,3.3,223.0,Dosso / Kountoudèye,2014,7,29.4,34.5,,158.0
13.0333,3.3,223.0,Dosso / Kountoudèye,2014,8,27.3,32.0,23.4,230.0
13.0333,3.3,223.0,Dosso / Kountoudèye,2014,9,28.2,34.0,23.6,112.0
13.0333,3.3,223.0,Dosso / Kountoudèye,2014,10,29.9,38.2,22.9,6.0
13.0333,3.3,223.0,Dosso / Kountoudèye,2014,11,28.6,38.8,20.3,0.0
13.0333,3.3,223.0,Dosso / Kountoudèye,2014,12,25.0,34.0,17.5,0.0
13.0333,3.3,223.0,Dosso / Kountoudèye,2015,1,23.4,31.1,16.5,0.0
13.0333,3.3,223.0,Dosso / Kountoudèye,2015,2,28.9,38.2,21.3,0.5
13.0333,3.3,223.0,Dosso / Kountoudèye,2015,4,33.5,40.8,26.2,0.0
13.0333,3.3,223.0,Dosso / Kountoudèye,2015,5,34.8,42.2,28.7,9.0
13.0333,3.3,223.0,Dosso / Kountoudèye,2015,6,32.7,38.9,27.1,89.0
13.0333,3.3,223.0,Dosso / Kountoudèye,2015,7,29.6,35.6,24.9,104.0
13.0333,3.3,223.0,Dosso / Kountoudèye,2015,8,27.2,31.8,23.5,185.0
13.0333,3.3,223.0,Dosso / Kountoudèye,2015,9,28.1,,,147.0
13.0333,3.3,223.0,Dosso / Kountoudèye,2015,10,30.5,37.5,24.9,11.0
13.0333,3.3,223.0,Dosso / Kountoudèye,2015,11,28.0,36.5,20.3,0.0
13.0333,3.3,223.0,Dosso / Kountoudèye,2015,12,23.1,29.6,17.0,0.0
13.0333,3.3,223.0,Dosso / Kountoudèye,2016,1,24.2,31.3,17.6,0.0
13.0333,3.3,223.0,Dosso / Kountoudèye,2016,2,27.4,35.1,19.6,0.0
13.0333,3.3,223.0,Dosso / Kountoudèye,2016,3,32.4,40.2,25.7,0.5
13.0333,3.3,223.0,Dosso / Kountoudèye,2016,4,34.8,42.1,28.2,4.0
13.0333,3.3,223.0,Dosso / Kountoudèye,2016,5,33.9,40.2,28.7,34.0
13.0333,3.3,223.0,Dosso / Kountoudèye,2016,6,31.0,36.1,26.9,28.0
13.0333,3.3,223.0,Dosso / Kountoudèye,2016,7,28.7,33.6,24.6,142.0
13.0333,3.3,223.0,Dosso / Kountoudèye,2016,8,27.5,32.4,23.7,209.0
13.0333,3.3,223.0,Dosso / Kountoudèye,2016,9,28.2,33.8,23.7,70.0
13.0333,3.3,223.0,Dosso / Kountoudèye,2016,10,30.8,38.2,24.3,0.0
13.0333,3.3,223.0,Dosso / Kountoudèye,2016,11,29.4,37.8,20.9,0.0
13.0333,3.3,223.0,Dosso / Kountoudèye,2016,12,27.0,34.5,20.3,0.0
13.0333,3.3,223.0,Dosso / Kountoudèye,2017,1,25.0,33.0,18.0,0.0
13.0333,3.3,223.0,Dosso / Kountoudèye,2017,2,27.8,35.0,20.7,0.0
13.0333,3.3,223.0,Dosso / Kountoudèye,2017,3,31.8,40.5,23.3,0.0
13.0333,3.3,223.0,Dosso / Kountoudèye,2017,4,34.7,41.8,28.1,0.0
13.0333,3.3,223.0,Dosso / Kountoudèye,2017,5,33.0,39.2,27.5,67.0
13.0333,3.3,223.0,Dosso / Kountoudèye,2017,6,30.3,35.7,25.5,73.0
13.0333,3.3,223.0,Dosso / Kountoudèye,2017,7,28.5,33.5,24.3,263.0
13.0333,3.3,223.0,Dosso / Kountoudèye,2017,8,27.6,31.2,23.7,117.0
13.0333,3.3,223.0,Dosso / Kountoudèye,2017,9,28.5,34.0,24.0,85.0
13.0333,3.3,223.0,Dosso / Kountoudèye,2017,10,29.7,38.1,22.1,7.0
13.0333,3.3,223.0,Dosso / Kountoudèye,2017,11,28.1,37.0,20.1,0.0
13.0333,3.3,223.0,Dosso / Kountoudèye,2017,12,25.6,33.0,19.0,0.0
13.0333,3.3,223.0,Dosso / Kountoudèye,2018,1,24.0,31.4,16.9,0.0
13.0333,3.3,223.0,Dosso / Kountoudèye,2018,2,29.1,37.1,21.6,0.0
13.0333,3.3,223.0,Dosso / Kountoudèye,2018,3,32.2,40.6,23.7,0.0
13.0333,3.3,223.0,Dosso / Kountoudèye,2018,4,34.3,42.2,26.9,0.0
13.0333,3.3,223.0,Dosso / Kountoudèye,2018,5,33.6,40.3,27.6,104.0
13.0333,3.3,223.0,Dosso / Kountoudèye,2018,6,31.2,36.3,26.1,42.0
13.0333,3.3,223.0,Dosso / Kountoudèye,2018,7,28.0,32.8,23.7,222.0
13.0333,3.3,223.0,Dosso / Kountoudèye,2018,8,27.1,31.8,23.7,146.0
13.0333,3.3,223.0,Dosso / Kountoudèye,2018,9,28.1,33.7,23.6,93.0
13.0333,3.3,223.0,Dosso / Kountoudèye,2018,10,30.2,37.2,24.2,32.0
13.0333,3.3,223.0,Dosso / Kountoudèye,2018,11,28.0,37.4,19.5,0.0
13.0333,3.3,223.0,Dosso / Kountoudèye,2018,12,24.7,31.9,17.3,0.0
13.0333,3.3,223.0,Dosso / Kountoudèye,2019,1,24.8,33.2,17.2,0.0
13.0333,3.3,223.0,Dosso / Kountoudèye,2019,2,26.5,34.7,19.3,0.0
13.0333,3.3,223.0,Dosso / Kountoudèye,2019,3,31.9,39.8,24.7,0.0
13.0333,3.3,223.0,Dosso / Kountoudèye,2019,4,34.6,42.2,27.6,0.0
13.0333,3.3,223.0,Dosso / Kountoudèye,2019,5,34.1,40.6,28.4,30.0
13.0333,3.3,223.0,Dosso / Kountoudèye,2019,6,30.8,36.2,26.0,90.0
13.0333,3.3,223.0,Dosso / Kountoudèye,2019,7,28.3,33.2,23.9,132.0
13.0333,3.3,223.0,Dosso / Kountoudèye,2019,8,26.9,31.4,23.3,179.0
13.0333,3.3,223.0,Dosso / Kountoudèye,2019,9,28.7,34.5,24.3,108.0
13.0333,3.3,223.0,Dosso / Kountoudèye,2019,10,29.1,35.7,24.5,28.0
13.0333,3.3,223.0,Dosso / Kountoudèye,2019,11,29.3,38.3,20.2,0.0
13.0333,3.3,223.0,Dosso / Kountoudèye,2019,12,25.4,33.9,17.2,0.0
13.0333,3.3,223.0,Dosso / Kountoudèye,2020,1,24.7,31.7,18.0,0.0
13.0333,3.3,223.0,Dosso / Kountoudèye,2020,2,27.1,34.5,20.2,0.0
13.0333,3.3,223.0,Dosso / Kountoudèye,2020,3,32.4,40.5,24.9,0.0
13.0333,3.3,223.0,Dosso / Kountoudèye,2020,4,35.0,42.4,28.4,3.0
13.0333,3.3,223.0,Dosso / Kountoudèye,2020,5,34.3,40.9,28.9,8.0
13.0333,3.3,223.0,Dosso / Kountoudèye,2020,6,31.7,37.3,26.5,59.0
13.0333,3.3,223.0,Dosso / Kountoudèye,2020,7,28.3,33.0,24.3,205.0
13.0333,3.3,223.0,Dosso / Kountoudèye,2020,8,26.9,31.1,23.4,305.0
13.0333,3.3,223.0,Dosso / Kountoudèye,2020,9,27.7,32.9,23.7,172.0
13.0333,3.3,223.0,Dosso / Kountoudèye,2020,10,29.0,35.9,22.5,16.0
13.0333,3.3,223.0,Dosso / Kountoudèye,2020,11,27.7,35.6,20.3,0.0
13.0333,3.3,223.0,Dosso / Kountoudèye,2020,12,26.9,35.6,18.3,0.0
13.0333,3.3,223.0,Dosso / Kountoudèye,2021,1,26.5,35.4,18.0,63.0
13.0333,3.3,223.0,Dosso / Kountoudèye,2021,2,27.2,34.6,19.6,0.0
13.0333,3.3,223.0,Dosso / Kountoudèye,2021,3,31.9,39.2,24.8,0.0
13.0333,3.3,223.0,Dosso / Kountoudèye,2021,4,34.0,42.0,26.1,0.0
13.0333,3.3,223.0,Dosso / Kountoudèye,2021,5,34.8,41.7,28.9,35.0
13.0333,3.3,223.0,Dosso / Kountoudèye,2021,6,31.7,37.3,26.9,73.0
13.0333,3.3,223.0,Dosso / Kountoudèye,2021,7,28.5,33.0,24.8,325.0
13.0333,3.3,223.0,Dosso / Kountoudèye,2021,8,27.1,31.9,23.1,173.0
13.0333,3.3,223.0,Dosso / Kountoudèye,2021,9,28.5,34.3,24.1,49.0
13.0333,3.3,223.0,Dosso / Kountoudèye,2021,10,31.6,38.4,24.4,1.0
13.0333,3.3,223.0,Dosso / Kountoudèye,2021,11,29.2,38.9,20.4,0.0
13.0333,3.3,223.0,Dosso / Kountoudèye,2021,12,25.7,33.3,18.9,0.0
13.0333,3.3,223.0,Dosso / Kountoudèye,2022,1,24.2,31.2,16.9,0.0
13.0333,3.3,223.0,Dosso / Kountoudèye,2022,2,27.0,35.0,19.3,0.0
13.0333,3.3,223.0,Dosso / Kountoudèye,2022,3,32.3,40.0,25.2,0.0
13.0333,3.3,223.0,Dosso / Kountoudèye,2022,4,34.4,42.0,27.6,0.0
13.0333,3.3,223.0,Dosso / Kountoudèye,2022,5,34.8,41.0,27.6,8.0
13.0333,3.3,223.0,Dosso / Kountoudèye,2022,6,31.7,37.7,25.6,82.0
13.0333,3.3,223.0,Dosso / Kountoudèye,2022,7,29.2,32.2,23.4,87.0
13.0333,3.3,223.0,Dosso / Kountoudèye,2022,8,26.2,31.0,22.3,276.0
13.0333,3.3,223.0,Dosso / Kountoudèye,2022,9,27.7,32.5,23.7,55.0
13.0333,3.3,223.0,Dosso / Kountoudèye,2022,10,29.5,36.8,23.1,1.0
13.0333,3.3,223.0,Dosso / Kountoudèye,2022,11,27.4,35.8,19.7,0.0
13.0333,3.3,223.0,Dosso / Kountoudèye,2022,12,25.6,33.0,18.3,0.0
13.0333,3.3,223.0,Dosso / Kountoudèye,2023,1,25.2,32.7,18.0,0.0
13.0333,3.3,223.0,Dosso / Kountoudèye,2023,2,28.5,36.1,20.5,0.0
13.0333,3.3,223.0,Dosso / Kountoudèye,2023,3,32.7,39.4,25.2,0.5
13.0333,3.3,223.0,Dosso / Kountoudèye,2023,4,35.7,41.8,27.8,1.0
13.0333,3.3,223.0,Dosso / Kountoudèye,2023,5,34.2,40.7,28.3,34.0
13.0333,3.3,223.0,Dosso / Kountoudèye,2023,6,31.7,36.9,26.8,132.0
13.0333,3.3,223.0,Dosso / Kountoudèye,2023,7,30.0,35.3,25.0,80.0
13.0333,3.3,223.0,Dosso / Kountoudèye,2023,8,27.7,32.1,23.5,139.0
13.0333,3.3,223.0,Dosso / Kountoudèye,2023,9,29.1,34.4,24.1,73.0
13.0333,3.3,223.0,Dosso / Kountoudèye,2023,10,31.0,38.1,24.1,1.0
13.0333,3.3,223.0,Dosso / Kountoudèye,2023,11,30.5,38.0,23.0,0.0
13.0333,3.3,223.0,Dosso / Kountoudèye,2023,12,25.1,33.5,18.5,0.0
13.0333,3.3,223.0,Dosso / Kountoudèye,2024,1,26.0,33.5,18.5,0.0
13.0333,3.3,223.0,Dosso / Kountoudèye,2024,2,28.5,35.9,20.8,0.0
13.0333,3.3,223.0,Dosso / Kountoudèye,2024,3,34.1,41.6,26.6,2.0
13.0333,3.3,223.0,Dosso / Kountoudèye,2024,4,36.0,43.1,29.4,0.5
13.0333,3.3,223.0,Dosso / Kountoudèye,2024,5,35.0,41.2,29.3,22.0
13.0333,3.3,223.0,Dosso / Kountoudèye,2024,6,31.9,37.0,26.8,124.0
13.0333,3.3,223.0,Dosso / Kountoudèye,2024,7,29.0,32.9,24.4,204.0
13.0333,3.3,223.0,Dosso / Kountoudèye,2024,8,27.5,31.5,24.5,314.0
13.0333,3.3,223.0,Dosso / Kountoudèye,2024,9,27.7,32.8,23.9,286.0
13.0333,3.3,223.0,Dosso / Kountoudèye,2024,10,30.1,36.1,24.0,45.0
13.0333,3.3,223.0,Dosso / Kountoudèye,2024,11,26.1,34.8,19.7,0.0
13.0333,3.3,223.0,Dosso / Kountoudèye,2024,12,24.8,32.4,17.2,0.0
13.0333,3.3,223.0,Dosso / Kountoudèye,2025,1,26.5,33.9,18.9,0.0
13.0333,3.3,223.0,Dosso / Kountoudèye,2025,2,29.1,36.5,21.5,0.0
13.0333,3.3,223.0,Dosso / Kountoudèye,2025,3,33.5,42.1,24.3,0.0
13.0333,3.3,223.0,Dosso / Kountoudèye,2025,4,34.4,42.5,27.0,0.0
13.0333,3.3,223.0,Dosso / Kountoudèye,2025,5,33.5,41.1,28.8,23.0
13.0333,3.3,223.0,Dosso / Kountoudèye,2025,6,31.8,37.4,26.8,89.0
13.0333,3.3,223.0,Dosso / Kountoudèye,2025,7,28.1,33.5,24.2,123.7
13.8,5.25,272.0,Birni-N'Konni,1994,1,23.7,,,0.0
13.8,5.25,272.0,Birni-N'Konni,1994,2,25.7,34.1,,0.0
13.8,5.25,272.0,Birni-N'Konni,1994,3,32.2,40.9,,0.0
13.8,5.25,272.0,Birni-N'Konni,1994,4,34.2,,,6.0
13.8,5.25,272.0,Birni-N'Konni,1994,6,31.3,,,58.0
13.8,5.25,272.0,Birni-N'Konni,1994,7,28.8,,,101.0
13.8,5.25,272.0,Birni-N'Konni,1994,8,26.7,,,345.0
13.8,5.25,272.0,Birni-N'Konni,1994,9,27.6,33.4,,191.0
13.8,5.25,272.0,Birni-N'Konni,1994,10,29.1,36.1,,23.0
13.8,5.25,272.0,Birni-N'Konni,1994,11,26.4,,,0.0
13.8,5.25,272.0,Birni-N'Konni,1994,12,22.6,,,0.0
13.8,5.25,272.0,Birni-N'Konni,1995,1,21.8,,,0.0
13.8,5.25,272.0,Birni-N'Konni,1995,3,31.4,,,0.0
13.8,5.25,272.0,Birni-N'Konni,1995,4,,,,38.0
13.8,5.25,272.0,Birni-N'Konni,1995,7,29.7,,,160.0
13.8,5.25,272.0,Birni-N'Konni,1995,8,28.0,33.4,,175.0
13.8,5.25,272.0,Birni-N'Konni,1995,9,28.8,,,49.0
13.8,5.25,272.0,Birni-N'Konni,1995,10,30.5,38.8,23.4,3.0
13.8,5.25,272.0,Birni-N'Konni,1995,11,27.0,35.7,,0.0
13.8,5.25,272.0,Birni-N'Konni,1995,12,25.9,34.7,,0.0
13.8,5.25,272.0,Birni-N'Konni,1996,1,25.5,35.0,,0.0
13.8,5.25,272.0,Birni-N'Konni,1996,2,28.4,,,0.0
13.8,5.25,272.0,Birni-N'Konni,1996,3,31.9,,,0.0
13.8,5.25,272.0,Birni-N'Konni,1996,4,33.5,41.5,,0.0
13.8,5.25,272.0,Birni-N'Konni,1996,5,33.4,,,40.0
13.8,5.25,272.0,Birni-N'Konni,1996,6,31.1,37.3,,71.0
13.8,5.25,272.0,Birni-N'Konni,1996,7,30.1,,,131.0
13.8,5.25,272.0,Birni-N'Konni,1996,8,27.9,33.2,,194.0
13.8,5.25,272.0,Birni-N'Konni,1996,9,28.5,,,96.0
13.8,5.25,272.0,Birni-N'Konni,1996,10,31.0,37.9,,3.0
13.8,5.25,272.0,Birni-N'Konni,1996,11,26.1,,,0.0
13.8,5.25,272.0,Birni-N'Konni,1996,12,25.1,,,0.0
13.8,5.25,272.0,Birni-N'Konni,1997,1,25.0,,,0.0
13.8,5.25,272.0,Birni-N'Konni,1997,2,24.3,31.4,17.7,0.0
13.8,5.25,272.0,Birni-N'Konni,1997,3,30.0,,,0.5
13.8,5.25,272.0,Birni-N'Konni,1997,4,33.0,,,2.0
13.8,5.25,272.0,Birni-N'Konni,1997,5,32.5,39.7,,29.0
13.8,5.25,272.0,Birni-N'Konni,1997,6,31.6,,,59.0
13.8,5.25,272.0,Birni-N'Konni,1997,7,29.9,,,106.0
13.8,5.25,272.0,Birni-N'Konni,1997,9,30.7,,,23.0
13.8,5.25,272.0,Birni-N'Konni,1997,10,31.9,39.8,25.3,3.0
13.8,5.25,272.0,Birni-N'Konni,1997,11,28.8,38.4,19.9,0.0
13.8,5.25,272.0,Birni-N'Konni,1997,12,24.5,33.6,16.4,0.0
13.8,5.25,272.0,Birni-N'Konni,1998,1,23.8,31.9,16.2,0.0
13.8,5.25,272.0,Birni-N'Konni,1998,2,28.1,36.5,19.9,0.0
13.8,5.25,272.0,Birni-N'Konni,1998,3,28.5,36.3,20.7,0.0
13.8,5.25,272.0,Birni-N'Konni,1998,4,35.1,43.1,27.3,0.5
13.8,5.25,272.0,Birni-N'Konni,1998,5,35.1,41.9,29.6,60.0
13.8,5.25,272.0,Birni-N'Konni,1998,6,32.1,38.7,26.4,70.0
13.8,5.25,272.0,Birni-N'Konni,1998,7,29.8,,,146.0
13.8,5.25,272.0,Birni-N'Konni,1998,8,27.7,32.2,23.6,186.0
13.8,5.25,272.0,Birni-N'Konni,1998,9,28.2,33.7,,87.0
13.8,5.25,272.0,Birni-N'Konni,1998,10,31.2,38.0,24.5,0.0
13.8,5.25,272.0,Birni-N'Konni,1998,11,28.4,37.9,20.0,0.0
13.8,5.25,272.0,Birni-N'Konni,1998,12,25.1,33.6,17.3,0.0
13.8,5.25,272.0,Birni-N'Konni,1999,1,24.6,33.6,16.2,0.0
13.8,5.25,272.0,Birni-N'Konni,1999,2,27.1,36.2,18.8,0.0
13.8,5.25,272.0,Birni-N'Konni,1999,3,32.5,42.0,23.0,0.0
13.8,5.25,272.0,Birni-N'Konni,1999,4,34.3,,,0.5
13.8,5.25,272.0,Birni-N'Konni,1999,5,33.7,41.3,27.2,21.0
13.8,5.25,272.0,Birni-N'Konni,1999,6,32.8,40.1,26.7,31.0
13.8,5.25,272.0,Birni-N'Konni,1999,7,28.8,34.6,23.8,219.0
13.8,5.25,272.0,Birni-N'Konni,1999,8,26.8,31.6,22.8,244.0
13.8,5.25,272.0,Birni-N'Konni,1999,9,27.9,33.8,22.8,93.0
13.8,5.25,272.0,Birni-N'Konni,1999,10,28.9,38.9,22.2,17.0
13.8,5.25,272.0,Birni-N'Konni,1999,11,27.8,36.9,19.7,0.0
13.8,5.25,272.0,Birni-N'Konni,1999,12,24.1,32.7,16.1,0.0
13.8,5.25,272.0,Birni-N'Konni,2000,2,23.8,31.2,16.4,0.0
13.8,5.25,272.0,Birni-N'Konni,2000,3,29.4,37.7,21.2,0.0
13.8,5.25,272.0,Birni-N'Konni,2000,4,34.3,,,0.0
13.8,5.25,272.0,Birni-N'Konni,2000,5,34.7,42.2,27.3,4.0
13.8,5.25,272.0,Birni-N'Konni,2000,6,31.9,38.6,26.0,35.0
13.8,5.25,272.0,Birni-N'Konni,2000,7,29.4,35.0,,144.0
13.8,5.25,272.0,Birni-N'Konni,2000,8,27.7,32.8,22.8,167.0
13.8,5.25,272.0,Birni-N'Konni,2000,9,28.8,35.3,23.6,59.0
13.8,5.25,272.0,Birni-N'Konni,2000,10,29.5,37.2,23.0,14.0
13.8,5.25,272.0,Birni-N'Konni,2000,11,28.1,,,0.0
13.8,5.25,272.0,Birni-N'Konni,2000,12,24.5,32.4,16.4,0.0
13.8,5.25,272.0,Birni-N'Konni,2001,1,23.3,32.1,14.8,0.0
13.8,5.25,272.0,Birni-N'Konni,2001,2,25.4,33.5,16.3,0.0
13.8,5.25,272.0,Birni-N'Konni,2001,3,30.8,40.0,21.3,0.0
13.8,5.25,272.0,Birni-N'Konni,2001,4,34.0,41.5,26.5,0.5
13.8,5.25,272.0,Birni-N'Konni,2001,5,34.0,41.1,27.3,39.0
13.8,5.25,272.0,Birni-N'Konni,2001,6,31.9,38.1,26.7,44.0
13.8,5.25,272.0,Birni-N'Konni,2001,7,29.0,,,107.0
13.8,5.25,272.0,Birni-N'Konni,2001,8,28.0,33.3,23.4,74.0
13.8,5.25,272.0,Birni-N'Konni,2001,9,29.1,35.5,23.7,35.0
13.8,5.25,272.0,Birni-N'Konni,2001,10,30.3,38.5,22.4,0.5
13.8,5.25,272.0,Birni-N'Konni,2001,11,27.8,34.8,19.3,0.0
13.8,5.25,272.0,Birni-N'Konni,2001,12,26.2,34.8,18.2,0.0
13.8,5.25,272.0,Birni-N'Konni,2002,1,23.0,,,0.0
13.8,5.25,272.0,Birni-N'Konni,2002,2,25.8,34.7,17.2,0.0
13.8,5.25,272.0,Birni-N'Konni,2002,3,31.8,40.1,23.2,0.0
13.8,5.25,272.0,Birni-N'Konni,2002,4,34.4,42.5,26.6,1.0
13.8,5.25,272.0,Birni-N'Konni,2002,5,35.1,42.6,28.2,8.0
13.8,5.25,272.0,Birni-N'Konni,2002,6,32.0,,,56.0
13.8,5.25,272.0,Birni-N'Konni,2002,7,30.0,35.7,24.0,158.0
13.8,5.25,272.0,Birni-N'Konni,2002,8,28.2,33.4,23.1,109.0
13.8,5.25,272.0,Birni-N'Konni,2002,9,29.1,35.4,23.7,76.0
13.8,5.25,272.0,Birni-N'Konni,2002,10,,,,40.0
13.8,5.25,272.0,Birni-N'Konni,2002,11,27.8,,,0.0
13.8,5.25,272.0,Birni-N'Konni,2002,12,25.2,34.1,16.6,0.0
13.8,5.25,272.0,Birni-N'Konni,2003,1,25.0,33.5,,0.0
13.8,5.25,272.0,Birni-N'Konni,2003,2,28.5,37.9,,0.0
13.8,5.25,272.0,Birni-N'Konni,2003,3,30.4,38.2,,0.0
13.8,5.25,272.0,Birni-N'Konni,2003,4,33.9,42.0,25.9,1.0
13.8,5.25,272.0,Birni-N'Konni,2003,5,34.0,42.3,25.9,16.0
13.8,5.25,272.0,Birni-N'Konni,2003,6,31.6,37.9,25.6,58.0
13.8,5.25,272.0,Birni-N'Konni,2003,7,29.3,,,53.0
13.8,5.25,272.0,Birni-N'Konni,2003,8,27.5,32.4,23.0,175.0
13.8,5.25,272.0,Birni-N'Konni,2003,9,28.1,34.2,23.0,139.0
13.8,5.25,272.0,Birni-N'Konni,2003,10,30.9,39.1,23.7,0.5
13.8,5.25,272.0,Birni-N'Konni,2003,11,28.8,37.6,20.2,0.0
13.8,5.25,272.0,Birni-N'Konni,2003,12,24.3,33.0,16.6,0.0
13.8,5.25,272.0,Birni-N'Konni,2004,1,24.6,33.2,17.2,0.0
13.8,5.25,272.0,Birni-N'Konni,2004,2,26.5,34.5,19.1,0.0
13.8,5.25,272.0,Birni-N'Konni,2004,3,29.5,37.0,22.2,0.5
13.8,5.25,272.0,Birni-N'Konni,2004,4,34.6,42.3,26.8,1.0
13.8,5.25,272.0,Birni-N'Konni,2004,5,33.7,39.8,,83.0
13.8,5.25,272.0,Birni-N'Konni,2004,6,31.9,37.8,26.5,36.0
13.8,5.25,272.0,Birni-N'Konni,2004,7,28.8,34.2,24.2,92.0
13.8,5.25,272.0,Birni-N'Konni,2004,8,27.9,33.2,23.3,242.0
13.8,5.25,272.0,Birni-N'Konni,2004,9,30.0,36.6,24.5,44.0
13.8,5.25,272.0,Birni-N'Konni,2004,10,30.4,39.8,21.9,3.0
13.8,5.25,272.0,Birni-N'Konni,2004,11,28.8,37.6,20.6,0.0
13.8,5.25,272.0,Birni-N'Konni,2004,12,26.5,35.5,17.3,0.0
13.8,5.25,272.0,Birni-N'Konni,2005,1,23.2,30.8,16.0,0.0
13.8,5.25,272.0,Birni-N'Konni,2005,2,30.6,37.4,23.1,0.0
13.8,5.25,272.0,Birni-N'Konni,2005,3,33.4,40.2,25.7,0.0
13.8,5.25,272.0,Birni-N'Konni,2005,4,34.1,42.5,25.7,3.0
13.8,5.25,272.0,Birni-N'Konni,2005,5,,,,44.0
13.8,5.25,272.0,Birni-N'Konni,2005,6,31.0,35.4,25.7,121.0
13.8,5.25,272.0,Birni-N'Konni,2005,7,28.9,34.2,24.5,168.0
13.8,5.25,272.0,Birni-N'Konni,2005,8,27.8,32.9,23.7,117.0
13.8,5.25,272.0,Birni-N'Konni,2005,9,,,,130.0
13.8,5.25,272.0,Birni-N'Konni,2005,10,30.0,,,0.5
13.8,5.25,272.0,Birni-N'Konni,2005,11,28.1,37.2,20.3,0.0
13.8,5.25,272.0,Birni-N'Konni,2005,12,25.9,35.0,18.2,0.0
13.8,5.25,272.0,Birni-N'Konni,2006,1,,,,0.0
13.8,5.25,272.0,Birni-N'Konni,2006,2,29.0,38.1,20.4,0.0
13.8,5.25,272.0,Birni-N'Konni,2006,3,31.4,40.2,22.6,0.0
13.8,5.25,272.0,Birni-N'Konni,2006,4,33.6,41.9,25.2,0.0
13.8,5.25,272.0,Birni-N'Konni,2006,5,33.7,40.8,27.5,18.0
13.8,5.25,272.0,Birni-N'Konni,2006,6,,,,124.0
13.8,5.25,272.0,Birni-N'Konni,2006,7,30.2,35.8,25.5,115.0
13.8,5.25,272.0,Birni-N'Konni,2006,8,27.8,,,196.0
13.8,5.25,272.0,Birni-N'Konni,2006,9,28.1,33.3,23.5,319.0
13.8,5.25,272.0,Birni-N'Konni,2006,10,,,,0.5
13.8,5.25,272.0,Birni-N'Konni,2006,11,26.3,34.4,18.7,0.0
13.8,5.25,272.0,Birni-N'Konni,2006,12,23.3,31.3,16.0,0.0
13.8,5.25,272.0,Birni-N'Konni,2007,1,22.5,29.6,16.0,0.0
13.8,5.25,272.0,Birni-N'Konni,2007,2,27.2,,,0.0
13.8,5.25,272.0,Birni-N'Konni,2007,3,30.1,,,0.0
13.8,5.25,272.0,Birni-N'Konni,2007,4,34.8,42.4,28.2,0.0
13.8,5.25,272.0,Birni-N'Konni,2007,5,34.2,,,5.0
13.8,5.25,272.0,Birni-N'Konni,2007,6,32.3,38.5,27.1,10.0
13.8,5.25,272.0,Birni-N'Konni,2007,7,29.7,35.5,25.1,119.0
13.8,5.25,272.0,Birni-N'Konni,2007,8,27.4,32.5,23.2,234.0
13.8,5.25,272.0,Birni-N'Konni,2007,9,28.9,35.6,24.1,76.0
13.8,5.25,272.0,Birni-N'Konni,2007,10,29.5,,,0.0
13.8,5.25,272.0,Birni-N'Konni,2007,11,28.8,38.1,21.1,0.0
13.8,5.25,272.0,Birni-N'Konni,2007,12,25.5,,,0.0
13.8,5.25,272.0,Birni-N'Konni,2008,1,21.3,29.1,14.5,0.0
13.8,5.25,272.0,Birni-N'Konni,2008,2,25.0,,,
13.8,5.25,272.0,Birni-N'Konni,2008,3,31.0,40.7,22.0,0.0
13.8,5.25,272.0,Birni-N'Konni,2008,4,32.9,41.6,25.0,0.0
13.8,5.25,272.0,Birni-N'Konni,2008,5,33.1,40.6,27.0,50.0
13.8,5.25,272.0,Birni-N'Konni,2008,6,31.9,38.6,26.7,154.0
13.8,5.25,272.0,Birni-N'Konni,2008,7,28.5,33.9,24.1,192.0
13.8,5.25,272.0,Birni-N'Konni,2008,8,27.7,33.3,23.7,166.0
13.8,5.25,272.0,Birni-N'Konni,2008,9,28.7,34.7,24.4,104.0
13.8,5.25,272.0,Birni-N'Konni,2008,10,29.7,38.4,22.7,10.0
13.8,5.25,272.0,Birni-N'Konni,2008,11,27.5,37.3,19.2,0.0
13.8,5.25,272.0,Birni-N'Konni,2008,12,25.6,34.9,18.2,0.0
13.8,5.25,272.0,Birni-N'Konni,2009,1,24.8,34.2,17.1,0.0
13.8,5.25,272.0,Birni-N'Konni,2009,2,29.2,38.4,20.9,0.0
13.8,5.25,272.0,Birni-N'Konni,2009,3,31.6,40.2,23.7,0.0
13.8,5.25,272.0,Birni-N'Konni,2009,4,34.4,43.0,26.8,0.0
13.8,5.25,272.0,Birni-N'Konni,2009,5,34.2,41.9,28.2,12.0
13.8,5.25,272.0,Birni-N'Konni,2009,6,32.3,39.1,26.9,63.0
13.8,5.25,272.0,Birni-N'Konni,2009,7,30.4,36.6,25.4,80.0
13.8,5.25,272.0,Birni-N'Konni,2009,8,29.0,35.1,24.5,130.0
13.8,5.25,272.0,Birni-N'Konni,2009,9,29.6,36.2,24.8,59.0
13.8,5.25,272.0,Birni-N'Konni,2009,10,30.9,38.9,25.2,28.0
13.8,5.25,272.0,Birni-N'Konni,2009,11,28.0,36.5,20.9,0.0
13.8,5.25,272.0,Birni-N'Konni,2009,12,26.1,35.5,18.0,0.0
13.8,5.25,272.0,Birni-N'Konni,2010,1,25.5,35.3,16.6,0.0
13.8,5.25,272.0,Birni-N'Konni,2010,2,30.0,39.8,21.5,0.0
13.8,5.25,272.0,Birni-N'Konni,2010,3,32.0,40.5,24.7,0.0
13.8,5.25,272.0,Birni-N'Konni,2010,4,35.0,43.4,,10.0
13.8,5.25,272.0,Birni-N'Konni,2010,5,35.2,42.6,30.0,6.0
13.8,5.25,272.0,Birni-N'Konni,2010,6,31.5,38.4,,106.0
13.8,5.25,272.0,Birni-N'Konni,2010,7,29.1,35.4,,150.0
13.8,5.25,272.0,Birni-N'Konni,2010,8,27.9,33.5,23.9,186.0
13.8,5.25,272.0,Birni-N'Konni,2010,9,28.6,35.2,23.9,79.0
13.8,5.25,272.0,Birni-N'Konni,2010,10,30.1,38.2,24.5,61.0
13.8,5.25,272.0,Birni-N'Konni,2010,11,29.1,39.2,20.6,0.0
13.8,5.25,272.0,Birni-N'Konni,2010,12,24.8,34.6,16.6,0.0
13.8,5.25,272.0,Birni-N'Konni,2011,1,23.7,32.5,16.4,0.0
13.8,5.25,272.0,Birni-N'Konni,2011,2,29.4,38.4,,0.5
13.8,5.25,272.0,Birni-N'Konni,2011,3,32.5,,,0.0
13.8,5.25,272.0,Birni-N'Konni,2011,4,33.8,42.8,25.5,0.0
13.8,5.25,272.0,Birni-N'Konni,2011,5,34.4,42.8,28.4,12.0
13.8,5.25,272.0,Birni-N'Konni,2011,6,31.9,38.5,26.4,121.0
13.8,5.25,272.0,Birni-N'Konni,2011,7,30.2,36.4,25.7,82.0
13.8,5.25,272.0,Birni-N'Konni,2011,8,28.4,34.3,24.0,154.0
13.8,5.25,272.0,Birni-N'Konni,2011,9,29.6,36.7,24.3,78.0
13.8,5.25,272.0,Birni-N'Konni,2011,10,30.2,39.4,23.3,12.0
13.8,5.25,272.0,Birni-N'Konni,2011,11,27.7,38.1,19.2,0.0
13.8,5.25,272.0,Birni-N'Konni,2011,12,24.8,33.0,16.9,0.0
13.8,5.25,272.0,Birni-N'Konni,2012,1,23.9,33.4,16.0,0.0
13.8,5.25,272.0,Birni-N'Konni,2012,2,29.2,38.5,21.6,0.0
13.8,5.25,272.0,Birni-N'Konni,2012,3,30.2,37.9,22.8,0.0
13.8,5.25,272.0,Birni-N'Konni,2012,4,34.7,42.5,27.5,3.0
13.8,5.25,272.0,Birni-N'Konni,2012,5,33.7,40.1,28.0,32.0
13.8,5.25,272.0,Birni-N'Konni,2012,6,31.4,37.1,26.2,46.0
13.8,5.25,272.0,Birni-N'Konni,2012,7,28.3,33.6,24.3,114.0
13.8,5.25,272.0,Birni-N'Konni,2012,8,27.5,32.7,23.5,139.0
13.8,5.25,272.0,Birni-N'Konni,2012,9,28.9,35.2,24.0,85.0
13.8,5.25,272.0,Birni-N'Konni,2012,10,30.2,38.2,23.7,33.0
13.8,5.25,272.0,Birni-N'Konni,2012,11,29.3,38.8,20.9,0.0
13.8,5.25,272.0,Birni-N'Konni,2012,12,25.8,34.7,18.0,0.0
13.8,5.25,272.0,Birni-N'Konni,2013,1,25.0,33.7,17.6,0.0
13.8,5.25,272.0,Birni-N'Konni,2013,2,28.0,37.0,20.2,0.0
13.8,5.25,272.0,Birni-N'Konni,2013,3,33.2,43.0,24.0,0.0
13.8,5.25,272.0,Birni-N'Konni,2013,4,33.4,40.9,26.6,38.0
13.8,5.25,272.0,Birni-N'Konni,2013,5,34.5,41.6,29.0,32.0
13.8,5.25,272.0,Birni-N'Konni,2013,6,32.1,38.9,27.2,66.0
13.8,5.25,272.0,Birni-N'Konni,2013,7,29.8,35.5,24.8,85.0
13.8,5.25,272.0,Birni-N'Konni,2013,8,27.2,32.4,23.3,163.0
13.8,5.25,272.0,Birni-N'Konni,2013,9,29.4,35.6,24.6,48.0
13.8,5.25,272.0,Birni-N'Konni,2013,10,30.4,39.2,23.0,2.0
13.8,5.25,272.0,Birni-N'Konni,2013,11,28.9,38.6,20.3,0.0
13.8,5.25,272.0,Birni-N'Konni,2013,12,25.7,34.1,18.4,0.0
13.8,5.25,272.0,Birni-N'Konni,2014,1,26.0,34.1,18.3,0.5
13.8,5.25,272.0,Birni-N'Konni,2014,2,27.7,35.1,20.5,0.0
13.8,5.25,272.0,Birni-N'Konni,2014,3,31.5,40.0,22.9,0.0
13.8,5.25,272.0,Birni-N'Konni,2014,4,34.4,42.0,27.6,28.0
13.8,5.25,272.0,Birni-N'Konni,2014,5,33.1,39.5,28.3,70.0
13.8,5.25,272.0,Birni-N'Konni,2014,6,32.3,38.2,27.2,55.0
13.8,5.25,272.0,Birni-N'Konni,2014,7,29.6,35.0,24.9,199.0
13.8,5.25,272.0,Birni-N'Konni,2014,8,27.7,32.5,23.6,176.0
13.8,5.25,272.0,Birni-N'Konni,2014,9,28.9,34.8,24.1,61.0
13.8,5.25,272.0,Birni-N'Konni,2014,10,30.6,38.8,22.8,3.0
13.8,5.25,272.0,Birni-N'Konni,2014,11,29.1,38.1,20.7,0.0
13.8,5.25,272.0,Birni-N'Konni,2014,12,24.9,33.4,17.0,0.0
13.8,5.25,272.0,Birni-N'Konni,2015,1,22.9,30.6,15.6,0.0
13.8,5.25,272.0,Birni-N'Konni,2015,2,28.7,37.9,20.1,0.0
13.8,5.25,272.0,Birni-N'Konni,2015,3,30.9,38.4,23.2,0.0
13.8,5.25,272.0,Birni-N'Konni,2015,4,32.8,40.8,24.4,0.0
13.8,5.25,272.0,Birni-N'Konni,2015,5,35.1,42.5,28.4,0.0
13.8,5.25,272.0,Birni-N'Konni,2015,6,33.2,39.4,27.2,57.0
13.8,5.25,272.0,Birni-N'Konni,2015,7,30.0,35.8,24.7,115.0
13.8,5.25,272.0,Birni-N'Konni,2015,8,27.6,32.6,23.4,196.0
13.8,5.25,272.0,Birni-N'Konni,2015,9,28.4,33.8,23.7,
13.8,5.25,272.0,Birni-N'Konni,2015,10,30.9,38.2,24.3,26.0
13.8,5.25,272.0,Birni-N'Konni,2015,11,28.0,36.3,20.3,0.0
13.8,5.25,272.0,Birni-N'Konni,2015,12,22.4,29.3,16.8,0.0
13.8,5.25,272.0,Birni-N'Konni,2016,1,23.5,30.9,16.5,0.0
13.8,5.25,272.0,Birni-N'Konni,2016,2,26.9,35.4,18.2,0.0
13.8,5.25,272.0,Birni-N'Konni,2016,3,32.4,40.0,25.1,0.5
13.8,5.25,272.0,Birni-N'Konni,2016,4,34.9,42.7,27.5,9.0
13.8,5.25,272.0,Birni-N'Konni,2016,5,34.4,41.1,28.6,42.0
13.8,5.25,272.0,Birni-N'Konni,2016,6,31.3,36.9,25.9,73.0
13.8,5.25,272.0,Birni-N'Konni,2016,7,29.0,33.8,24.5,161.0
13.8,5.25,272.0,Birni-N'Konni,2016,8,28.3,33.2,23.9,126.0
13.8,5.25,272.0,Birni-N'Konni,2016,9,29.4,35.3,24.4,66.0
13.8,5.25,272.0,Birni-N'Konni,2016,10,30.6,38.6,23.7,33.0
13.8,5.25,272.0,Birni-N'Konni,2016,11,29.4,38.2,21.1,0.0
13.8,5.25,272.0,Birni-N'Konni,2016,12,26.5,34.3,19.4,0.0
13.8,5.25,272.0,Birni-N'Konni,2017,1,24.8,33.1,17.2,0.0
13.8,5.25,272.0,Birni-N'Konni,2017,2,27.1,34.7,19.4,0.0
13.8,5.25,272.0,Birni-N'Konni,2017,3,31.8,40.8,22.4,0.0
13.8,5.25,272.0,Birni-N'Konni,2017,4,35.0,42.7,27.4,0.0
13.8,5.25,272.0,Birni-N'Konni,2017,5,34.3,41.4,28.4,19.0
13.8,5.25,272.0,Birni-N'Konni,2017,6,31.8,38.0,26.3,58.0
13.8,5.25,272.0,Birni-N'Konni,2017,7,29.4,35.1,24.5,131.0
13.8,5.25,272.0,Birni-N'Konni,2017,8,28.4,33.3,23.7,119.0
13.8,5.25,272.0,Birni-N'Konni,2017,9,30.2,36.3,24.6,38.0
13.8,5.25,272.0,Birni-N'Konni,2017,10,31.0,39.2,23.0,0.0
13.8,5.25,272.0,Birni-N'Konni,2017,11,28.7,37.0,20.4,0.0
13.8,5.25,272.0,Birni-N'Konni,2017,12,25.4,32.8,18.0,1.0
13.8,5.25,272.0,Birni-N'Konni,2018,1,23.6,31.1,16.1,0.0
13.8,5.25,272.0,Birni-N'Konni,2018,2,29.0,37.2,20.6,0.0
13.8,5.25,272.0,Birni-N'Konni,2018,3,32.2,41.0,22.6,0.0
13.8,5.25,272.0,Birni-N'Konni,2018,4,34.9,42.7,26.7,0.0
13.8,5.25,272.0,Birni-N'Konni,2018,5,34.7,41.2,28.3,39.0
13.8,5.25,272.0,Birni-N'Konni,2018,6,31.6,37.5,26.2,31.0
13.8,5.25,272.0,Birni-N'Konni,2018,7,29.4,34.8,24.4,90.0
13.8,5.25,272.0,Birni-N'Konni,2018,8,28.1,33.3,23.5,286.0
13.8,5.25,272.0,Birni-N'Konni,2018,9,29.2,34.9,23.9,106.0
13.8,5.25,272.0,Birni-N'Konni,2018,10,31.4,38.7,24.5,4.0
13.8,5.25,272.0,Birni-N'Konni,2018,11,28.5,37.4,19.7,0.0
13.8,5.25,272.0,Birni-N'Konni,2018,12,24.3,31.8,17.1,0.0
13.8,5.25,272.0,Birni-N'Konni,2019,1,24.4,33.1,16.3,0.0
13.8,5.25,272.0,Birni-N'Konni,2019,2,26.5,34.4,18.3,0.0
13.8,5.25,272.0,Birni-N'Konni,2019,3,32.5,40.2,24.7,0.0
13.8,5.25,272.0,Birni-N'Konni,2019,4,35.3,43.3,26.7,0.0
13.8,5.25,272.0,Birni-N'Konni,2019,5,34.6,41.3,28.6,16.0
13.8,5.25,272.0,Birni-N'Konni,2019,6,32.1,38.1,26.6,55.0
13.8,5.25,272.0,Birni-N'Konni,2019,7,30.0,35.2,25.1,99.0
13.8,5.25,272.0,Birni-N'Konni,2019,8,28.3,33.0,24.0,103.0
13.8,5.25,272.0,Birni-N'Konni,2019,9,29.9,36.3,24.4,115.0
13.8,5.25,272.0,Birni-N'Konni,2019,10,29.7,36.2,23.9,43.0
13.8,5.25,272.0,Birni-N'Konni,2019,11,29.8,39.2,20.4,0.0
13.8,5.25,272.0,Birni-N'Konni,2019,12,25.5,33.7,17.4,0.0
13.8,5.25,272.0,Birni-N'Konni,2020,1,24.3,31.3,17.2,0.0
13.8,5.25,272.0,Birni-N'Konni,2020,2,26.8,34.2,18.9,0.0
13.8,5.25,272.0,Birni-N'Konni,2020,3,32.4,41.1,23.7,0.0
13.8,5.25,272.0,Birni-N'Konni,2020,4,35.8,43.7,28.7,8.0
13.8,5.25,272.0,Birni-N'Konni,2020,5,34.7,42.1,28.7,20.0
13.8,5.25,272.0,Birni-N'Konni,2020,6,32.6,39.1,27.1,97.0
13.8,5.25,272.0,Birni-N'Konni,2020,7,29.1,34.2,25.5,239.0
13.8,5.25,272.0,Birni-N'Konni,2020,8,27.9,32.8,23.7,223.0
13.8,5.25,272.0,Birni-N'Konni,2020,9,28.5,34.3,23.8,177.0
13.8,5.25,272.0,Birni-N'Konni,2020,10,29.8,37.3,22.6,33.0
13.8,5.25,272.0,Birni-N'Konni,2020,11,28.0,36.4,20.2,0.0
13.8,5.25,272.0,Birni-N'Konni,2020,12,27.1,36.4,18.3,0.0
13.8,5.25,272.0,Birni-N'Konni,2021,1,26.6,35.8,17.9,0.0
13.8,5.25,272.0,Birni-N'Konni,2021,2,26.7,35.0,18.6,0.0
13.8,5.25,272.0,Birni-N'Konni,2021,3,31.6,40.0,23.0,0.0
13.8,5.25,272.0,Birni-N'Konni,2021,4,34.3,43.3,24.7,0.0
13.8,5.25,272.0,Birni-N'Konni,2021,5,35.0,43.3,27.2,21.0
13.8,5.25,272.0,Birni-N'Konni,2021,6,33.3,39.8,27.2,51.0
13.8,5.25,272.0,Birni-N'Konni,2021,7,29.5,34.9,24.1,134.0
13.8,5.25,272.0,Birni-N'Konni,2021,8,28.2,33.7,22.7,117.0
13.8,5.25,272.0,Birni-N'Konni,2021,9,29.7,36.5,24.4,69.0
13.8,5.25,272.0,Birni-N'Konni,2021,10,31.4,39.8,23.7,22.0
13.8,5.25,272.0,Birni-N'Konni,2021,11,30.3,40.0,20.5,0.0
13.8,5.25,272.0,Birni-N'Konni,2021,12,26.1,33.9,18.7,0.0
13.8,5.25,272.0,Birni-N'Konni,2022,1,23.9,31.5,16.2,0.0
13.8,5.25,272.0,Birni-N'Konni,2022,2,26.5,35.0,18.3,0.0
13.8,5.25,272.0,Birni-N'Konni,2022,3,33.2,41.9,24.4,0.0
13.8,5.25,272.0,Birni-N'Konni,2022,4,34.8,43.3,25.9,0.0
13.8,5.25,272.0,Birni-N'Konni,2022,5,35.3,44.0,29.3,7.0
13.8,5.25,272.0,Birni-N'Konni,2022,6,31.8,38.2,25.6,73.0
13.8,5.25,272.0,Birni-N'Konni,2022,7,29.8,35.0,24.7,105.0
13.8,5.25,272.0,Birni-N'Konni,2022,8,27.5,32.9,22.8,188.0
13.8,5.25,272.0,Birni-N'Konni,2022,9,28.9,34.9,23.8,82.0
13.8,5.25,272.0,Birni-N'Konni,2022,10,30.3,38.2,23.1,6.0
13.8,5.25,272.0,Birni-N'Konni,2022,11,28.0,36.7,19.9,0.0
13.8,5.25,272.0,Birni-N'Konni,2022,12,25.7,33.7,18.2,0.0
13.8,5.25,272.0,Birni-N'Konni,2023,1,25.3,33.9,17.0,0.0
13.8,5.25,272.0,Birni-N'Konni,2023,2,27.9,36.4,20.0,0.0
13.8,5.25,272.0,Birni-N'Konni,2023,3,32.5,41.0,23.7,0.5
13.8,5.25,272.0,Birni-N'Konni,2023,4,34.6,42.8,26.5,0.0
13.8,5.25,272.0,Birni-N'Konni,2023,5,34.7,42.4,28.1,38.0
13.8,5.25,272.0,Birni-N'Konni,2023,6,33.4,39.6,26.3,31.0
13.8,5.25,272.0,Birni-N'Konni,2023,7,30.8,36.8,25.0,211.0
13.8,5.25,272.0,Birni-N'Konni,2023,8,28.7,34.0,24.0,134.0
13.8,5.25,272.0,Birni-N'Konni,2023,9,30.3,36.8,24.8,80.0
13.8,5.25,272.0,Birni-N'Konni,2023,10,32.0,40.3,23.7,2.0
13.8,5.25,272.0,Birni-N'Konni,2023,11,30.3,38.8,23.0,0.0
13.8,5.25,272.0,Birni-N'Konni,2023,12,25.2,33.8,17.7,0.0
13.8,5.25,272.0,Birni-N'Konni,2024,1,25.1,33.2,17.4,0.0
13.8,5.25,272.0,Birni-N'Konni,2024,2,27.1,35.5,19.6,0.0
13.8,5.25,272.0,Birni-N'Konni,2024,3,33.6,42.1,25.4,0.0
13.8,5.25,272.0,Birni-N'Konni,2024,4,36.0,43.7,29.1,14.0
13.8,5.25,272.0,Birni-N'Konni,2024,5,36.3,43.0,30.2,9.0
13.8,5.25,272.0,Birni-N'Konni,2024,6,32.8,38.7,26.7,126.0
13.8,5.25,272.0,Birni-N'Konni,2024,7,29.0,33.9,24.7,198.0
13.8,5.25,272.0,Birni-N'Konni,2024,8,27.4,32.1,24.5,119.0
13.8,5.25,272.0,Birni-N'Konni,2024,9,29.2,34.4,23.9,151.0
13.8,5.25,272.0,Birni-N'Konni,2024,10,30.0,37.3,24.3,6.0
13.8,5.25,272.0,Birni-N'Konni,2024,11,26.7,34.5,19.7,0.0
13.8,5.25,272.0,Birni-N'Konni,2024,12,23.6,32.4,16.1,0.0
13.8,5.25,272.0,Birni-N'Konni,2025,1,25.1,33.8,17.8,0.0
13.8,5.25,272.0,Birni-N'Konni,2025,2,28.2,36.3,20.2,0.0
13.8,5.25,272.0,Birni-N'Konni,2025,3,33.2,42.4,24.0,0.0
13.8,5.25,272.0,Birni-N'Konni,2025,4,33.4,41.7,25.2,0.0
13.8,5.25,272.0,Birni-N'Konni,2025,5,34.8,42.1,28.1,22.0
13.8,5.25,272.0,Birni-N'Konni,2025,6,33.0,39.4,27.6,35.0
13.8,5.25,272.0,Birni-N'Konni,2025,7,29.8,34.9,25.0,78.9
13.4667,7.0833,372.0,Maradi,1994,1,22.0,29.9,,0.0
13.4667,7.0833,372.0,Maradi,1994,2,23.8,,,0.0
13.4667,7.0833,372.0,Maradi,1994,3,30.5,,,0.0
13.4667,7.0833,372.0,Maradi,1994,4,33.0,,,2.0
13.4667,7.0833,372.0,Maradi,1994,5,33.5,,,4.0
13.4667,7.0833,372.0,Maradi,1994,6,31.2,,,47.0
13.4667,7.0833,372.0,Maradi,1994,7,28.0,,,159.0
13.4667,7.0833,372.0,Maradi,1994,8,26.1,,,192.0
13.4667,7.0833,372.0,Maradi,1994,9,26.9,,,118.0
13.4667,7.0833,372.0,Maradi,1994,10,28.7,35.7,,10.0
13.4667,7.0833,372.0,Maradi,1994,11,24.6,,,0.0
13.4667,7.0833,372.0,Maradi,1994,12,20.2,,,0.0
13.4667,7.0833,372.0,Maradi,1995,1,19.9,,,0.0
13.4667,7.0833,372.0,Maradi,1995,2,22.8,31.1,,0.0
13.4667,7.0833,372.0,Maradi,1995,3,30.1,,,0.0
13.4667,7.0833,372.0,Maradi,1995,4,32.6,40.1,,3.0
13.4667,7.0833,372.0,Maradi,1995,5,32.8,,,6.0
13.4667,7.0833,372.0,Maradi,1995,6,,,,55.0
13.4667,7.0833,372.0,Maradi,1995,7,28.8,,,166.0
13.4667,7.0833,372.0,Maradi,1995,8,26.9,,,206.0
13.4667,7.0833,372.0,Maradi,1995,9,28.1,34.2,,54.0
13.4667,7.0833,372.0,Maradi,1995,10,29.2,37.4,,1.0
13.4667,7.0833,372.0,Maradi,1995,11,25.0,33.7,,0.0
13.4667,7.0833,372.0,Maradi,1995,12,23.8,33.0,,0.0
13.4667,7.0833,372.0,Maradi,1996,1,23.3,33.2,,0.0
13.4667,7.0833,372.0,Maradi,1996,2,26.3,35.4,,0.0
13.4667,7.0833,372.0,Maradi,1996,3,30.1,38.5,,0.0
13.4667,7.0833,372.0,Maradi,1996,4,31.9,40.4,,0.0
13.4667,7.0833,372.0,Maradi,1996,5,32.7,40.1,,13.0
13.4667,7.0833,372.0,Maradi,1996,6,29.5,35.6,,100.0
13.4667,7.0833,372.0,Maradi,1996,7,29.0,,,52.0
13.4667,7.0833,372.0,Maradi,1996,8,27.3,,,190.0
13.4667,7.0833,372.0,Maradi,1996,9,27.5,,,123.0
13.4667,7.0833,372.0,Maradi,1996,10,28.5,36.4,,0.0
13.4667,7.0833,372.0,Maradi,1996,11,23.5,32.2,15.5,0.0
13.4667,7.0833,372.0,Maradi,1996,12,22.7,32.5,,0.0
13.4667,7.0833,372.0,Maradi,1997,1,22.9,31.9,,0.0
13.4667,7.0833,372.0,Maradi,1997,2,21.9,29.5,,0.0
13.4667,7.0833,372.0,Maradi,1997,3,28.9,,,0.0
13.4667,7.0833,372.0,Maradi,1997,4,32.0,,,1.0
13.4667,7.0833,372.0,Maradi,1997,5,32.2,39.0,,11.0
13.4667,7.0833,372.0,Maradi,1997,6,30.8,,,145.0
13.4667,7.0833,372.0,Maradi,1997,7,,,,210.0
13.4667,7.0833,372.0,Maradi,1997,8,27.2,32.5,23.1,177.0
13.4667,7.0833,372.0,Maradi,1997,9,29.0,35.5,24.2,46.0
13.4667,7.0833,372.0,Maradi,1997,10,30.8,38.6,24.4,1.0
13.4667,7.0833,372.0,Maradi,1997,11,27.7,36.8,18.9,0.0
13.4667,7.0833,372.0,Maradi,1997,12,22.7,31.5,16.0,0.0
13.4667,7.0833,372.0,Maradi,1998,1,21.9,30.4,14.0,0.0
13.4667,7.0833,372.0,Maradi,1998,2,26.5,,,0.0
13.4667,7.0833,372.0,Maradi,1998,3,26.9,34.7,19.0,0.0
13.4667,7.0833,372.0,Maradi,1998,4,33.7,41.6,26.1,4.0
13.4667,7.0833,372.0,Maradi,1998,5,34.6,,,10.0
13.4667,7.0833,372.0,Maradi,1998,6,31.6,,,
13.4667,7.0833,372.0,Maradi,1998,7,28.7,,,71.0
13.4667,7.0833,372.0,Maradi,1998,8,27.3,31.8,23.5,250.0
13.4667,7.0833,372.0,Maradi,1998,9,27.6,32.9,23.2,108.0
13.4667,7.0833,372.0,Maradi,1998,10,29.6,36.7,23.4,0.0
13.4667,7.0833,372.0,Maradi,1998,11,27.0,35.8,18.6,0.0
13.4667,7.0833,372.0,Maradi,1998,12,23.0,,,0.0
13.4667,7.0833,372.0,Maradi,1999,1,22.7,31.5,14.0,0.0
13.4667,7.0833,372.0,Maradi,1999,2,26.4,34.8,17.9,0.0
13.4667,7.0833,372.0,Maradi,1999,3,31.0,40.2,,0.0
13.4667,7.0833,372.0,Maradi,1999,4,32.8,40.6,24.9,0.0
13.4667,7.0833,372.0,Maradi,1999,5,32.9,40.1,26.1,4.0
13.4667,7.0833,372.0,Maradi,1999,6,32.4,39.4,26.3,18.0
13.4667,7.0833,372.0,Maradi,1999,7,28.0,32.9,23.7,206.0
13.4667,7.0833,372.0,Maradi,1999,8,,,,213.0
13.4667,7.0833,372.0,Maradi,1999,9,27.2,32.9,22.6,142.0
13.4667,7.0833,372.0,Maradi,1999,10,27.8,35.4,21.7,8.0
13.4667,7.0833,372.0,Maradi,1999,11,26.3,35.1,18.0,0.0
13.4667,7.0833,372.0,Maradi,1999,12,22.0,31.2,13.5,0.0
13.4667,7.0833,372.0,Maradi,2000,1,,,,0.0
13.4667,7.0833,372.0,Maradi,2000,2,21.7,29.3,14.2,0.0
13.4667,7.0833,372.0,Maradi,2000,3,27.5,35.9,21.2,0.0
13.4667,7.0833,372.0,Maradi,2000,4,32.7,,,0.0
13.4667,7.0833,372.0,Maradi,2000,6,30.6,36.6,25.8,49.0
13.4667,7.0833,372.0,Maradi,2000,7,27.8,32.8,23.6,148.0
13.4667,7.0833,372.0,Maradi,2000,8,27.1,32.1,22.7,197.0
13.4667,7.0833,372.0,Maradi,2000,9,28.4,34.3,23.5,39.0
13.4667,7.0833,372.0,Maradi,2000,10,28.3,36.0,21.7,18.0
13.4667,7.0833,372.0,Maradi,2000,11,26.0,,,0.0
13.4667,7.0833,372.0,Maradi,2000,12,21.8,30.6,13.6,0.0
13.4667,7.0833,372.0,Maradi,2001,1,21.1,30.5,12.1,0.0
13.4667,7.0833,372.0,Maradi,2001,2,23.1,31.4,14.7,0.0
13.4667,7.0833,372.0,Maradi,2001,3,28.9,38.0,19.3,0.0
13.4667,7.0833,372.0,Maradi,2001,4,32.8,39.9,25.5,4.0
13.4667,7.0833,372.0,Maradi,2001,5,33.2,40.0,,16.0
13.4667,7.0833,372.0,Maradi,2001,6,30.8,36.8,25.6,62.0
13.4667,7.0833,372.0,Maradi,2001,7,28.4,33.4,24.2,210.0
13.4667,7.0833,372.0,Maradi,2001,8,26.8,31.3,22.7,247.0
13.4667,7.0833,372.0,Maradi,2001,9,28.0,33.7,23.5,68.0
13.4667,7.0833,372.0,Maradi,2001,10,28.8,38.3,21.4,0.0
13.4667,7.0833,372.0,Maradi,2001,11,25.4,34.5,16.9,0.0
13.4667,7.0833,372.0,Maradi,2001,12,23.4,32.5,14.9,0.0
13.4667,7.0833,372.0,Maradi,2002,1,20.0,,,0.0
13.4667,7.0833,372.0,Maradi,2002,2,23.6,32.2,15.1,0.0
13.4667,7.0833,372.0,Maradi,2002,3,29.8,37.9,21.9,8.0
13.4667,7.0833,372.0,Maradi,2002,4,33.6,40.9,26.2,3.0
13.4667,7.0833,372.0,Maradi,2002,5,34.3,41.7,27.0,3.0
13.4667,7.0833,372.0,Maradi,2002,6,,,,26.0
13.4667,7.0833,372.0,Maradi,2002,7,28.9,34.2,24.2,96.0
13.4667,7.0833,372.0,Maradi,2002,8,27.2,32.0,22.3,205.0
13.4667,7.0833,372.0,Maradi,2002,9,28.3,33.8,23.5,76.0
13.4667,7.0833,372.0,Maradi,2002,10,,,,2.0
13.4667,7.0833,372.0,Maradi,2002,11,25.8,,,0.0
13.4667,7.0833,372.0,Maradi,2002,12,22.7,31.8,14.1,0.0
13.4667,7.0833,372.0,Maradi,2003,1,22.4,31.6,,0.0
13.4667,7.0833,372.0,Maradi,2003,2,27.2,35.7,,0.0
13.4667,7.0833,372.0,Maradi,2003,3,28.3,36.1,,0.0
13.4667,7.0833,372.0,Maradi,2003,4,33.0,37.4,25.9,21.0
13.4667,7.0833,372.0,Maradi,2003,5,32.8,40.6,25.3,5.0
13.4667,7.0833,372.0,Maradi,2003,6,30.6,36.2,25.9,57.0
13.4667,7.0833,372.0,Maradi,2003,7,,,,78.0
13.4667,7.0833,372.0,Maradi,2003,8,26.6,31.4,22.5,342.0
13.4667,7.0833,372.0,Maradi,2003,9,27.5,33.2,23.1,82.0
13.4667,7.0833,372.0,Maradi,2003,10,29.4,37.2,22.5,0.5
13.4667,7.0833,372.0,Maradi,2003,11,26.8,35.6,18.1,0.0
13.4667,7.0833,372.0,Maradi,2003,12,22.1,30.9,13.9,0.0
13.4667,7.0833,372.0,Maradi,2004,1,22.9,31.6,14.9,0.0
13.4667,7.0833,372.0,Maradi,2004,2,24.5,32.6,16.7,0.0
13.4667,7.0833,372.0,Maradi,2004,3,27.6,35.4,20.1,0.0
13.4667,7.0833,372.0,Maradi,2004,4,33.3,41.0,25.2,0.0
13.4667,7.0833,372.0,Maradi,2004,5,32.6,39.0,27.6,52.0
13.4667,7.0833,372.0,Maradi,2004,6,30.9,36.5,,63.0
13.4667,7.0833,372.0,Maradi,2004,7,28.1,33.4,23.8,79.0
13.4667,7.0833,372.0,Maradi,2004,8,,27.4,,209.0
13.4667,7.0833,372.0,Maradi,2004,9,29.6,36.1,24.1,18.0
13.4667,7.0833,372.0,Maradi,2004,10,30.3,38.5,22.4,3.0
13.4667,7.0833,372.0,Maradi,2004,11,27.3,36.1,19.2,0.0
13.4667,7.0833,372.0,Maradi,2004,12,24.1,33.4,15.4,0.0
13.4667,7.0833,372.0,Maradi,2005,1,21.6,29.2,14.6,0.0
13.4667,7.0833,372.0,Maradi,2005,2,29.5,,,0.0
13.4667,7.0833,372.0,Maradi,2005,3,31.9,39.7,23.8,0.0
13.4667,7.0833,372.0,Maradi,2005,4,32.9,41.1,25.0,0.0
13.4667,7.0833,372.0,Maradi,2005,5,32.9,39.8,26.3,8.0
13.4667,7.0833,372.0,Maradi,2005,6,30.6,36.2,25.4,119.0
13.4667,7.0833,372.0,Maradi,2005,7,28.3,33.2,24.0,135.0
13.4667,7.0833,372.0,Maradi,2005,8,27.0,31.8,23.8,147.0
13.4667,7.0833,372.0,Maradi,2005,9,,,,131.0
13.4667,7.0833,372.0,Maradi,2005,10,28.3,,,17.0
13.4667,7.0833,372.0,Maradi,2005,11,26.0,35.2,17.3,0.0
13.4667,7.0833,372.0,Maradi,2005,12,24.1,33.1,15.5,0.0
13.4667,7.0833,372.0,Maradi,2006,1,,,,0.0
13.4667,7.0833,372.0,Maradi,2006,2,27.8,36.8,19.0,0.0
13.4667,7.0833,372.0,Maradi,2006,3,29.9,38.3,21.2,0.0
13.4667,7.0833,372.0,Maradi,2006,4,31.8,40.2,,0.0
13.4667,7.0833,372.0,Maradi,2006,5,32.7,39.7,26.9,3.0
13.4667,7.0833,372.0,Maradi,2006,6,32.0,38.0,,23.0
13.4667,7.0833,372.0,Maradi,2006,7,29.7,35.5,,109.0
13.4667,7.0833,372.0,Maradi,2006,8,27.3,,,
13.4667,7.0833,372.0,Maradi,2006,9,27.6,32.7,23.5,164.0
13.4667,7.0833,372.0,Maradi,2006,10,29.1,,,0.5
13.4667,7.0833,372.0,Maradi,2006,11,24.7,32.8,17.0,0.0
13.4667,7.0833,372.0,Maradi,2006,12,21.1,29.6,13.3,0.0
13.4667,7.0833,372.0,Maradi,2007,1,,,,0.0
13.4667,7.0833,372.0,Maradi,2007,2,25.6,34.4,16.7,0.0
13.4667,7.0833,372.0,Maradi,2007,3,28.7,,,0.0
13.4667,7.0833,372.0,Maradi,2007,4,33.6,,,0.5
13.4667,7.0833,372.0,Maradi,2007,5,33.3,40.3,27.6,11.0
13.4667,7.0833,372.0,Maradi,2007,6,,,,83.0
13.4667,7.0833,372.0,Maradi,2007,7,28.5,33.5,24.4,155.0
13.4667,7.0833,372.0,Maradi,2007,8,,,,227.0
13.4667,7.0833,372.0,Maradi,2007,9,27.7,34.0,22.6,112.0
13.4667,7.0833,372.0,Maradi,2007,10,27.9,,,0.0
13.4667,7.0833,372.0,Maradi,2007,11,26.9,,18.5,0.0
13.4667,7.0833,372.0,Maradi,2007,12,23.3,32.5,15.4,0.0
13.4667,7.0833,372.0,Maradi,2008,1,19.6,27.5,12.3,0.0
13.4667,7.0833,372.0,Maradi,2008,2,22.7,,,0.0
13.4667,7.0833,372.0,Maradi,2008,3,29.9,39.0,20.7,0.0
13.4667,7.0833,372.0,Maradi,2008,4,31.6,40.1,23.5,0.0
13.4667,7.0833,372.0,Maradi,2008,5,32.7,40.1,26.6,29.0
13.4667,7.0833,372.0,Maradi,2008,6,31.3,38.3,25.8,72.0
13.4667,7.0833,372.0,Maradi,2008,7,27.8,33.2,22.8,88.0
13.4667,7.0833,372.0,Maradi,2008,8,27.0,32.6,22.6,157.0
13.4667,7.0833,372.0,Maradi,2008,9,28.7,34.9,23.9,50.0
13.4667,7.0833,372.0,Maradi,2008,10,29.1,37.3,22.0,0.0
13.4667,7.0833,372.0,Maradi,2008,11,25.9,35.7,17.0,0.0
13.4667,7.0833,372.0,Maradi,2008,12,24.1,33.3,15.8,0.0
13.4667,7.0833,372.0,Maradi,2009,1,23.9,,,0.0
13.4667,7.0833,372.0,Maradi,2009,2,27.5,36.6,19.0,0.0
13.4667,7.0833,372.0,Maradi,2009,3,29.7,38.5,21.3,0.0
13.4667,7.0833,372.0,Maradi,2009,4,33.6,41.6,26.0,2.0
13.4667,7.0833,372.0,Maradi,2009,5,32.6,40.1,26.2,29.0
13.4667,7.0833,372.0,Maradi,2009,6,31.7,38.5,25.7,38.0
13.4667,7.0833,372.0,Maradi,2009,7,29.4,35.4,24.1,129.0
13.4667,7.0833,372.0,Maradi,2009,8,27.9,33.6,23.5,141.0
13.4667,7.0833,372.0,Maradi,2009,9,28.4,34.8,23.6,108.0
13.4667,7.0833,372.0,Maradi,2009,10,30.0,37.5,,50.0
13.4667,7.0833,372.0,Maradi,2009,11,26.0,34.3,18.4,0.0
13.4667,7.0833,372.0,Maradi,2009,12,23.7,33.1,14.8,0.0
13.4667,7.0833,372.0,Maradi,2010,1,23.4,33.4,13.7,0.0
13.4667,7.0833,372.0,Maradi,2010,2,28.3,37.6,19.4,0.0
13.4667,7.0833,372.0,Maradi,2010,3,30.1,38.5,22.2,0.0
13.4667,7.0833,372.0,Maradi,2010,4,33.7,41.8,,0.0
13.4667,7.0833,372.0,Maradi,2010,5,33.9,40.7,28.4,12.0
13.4667,7.0833,372.0,Maradi,2010,6,31.2,37.3,26.1,56.0
13.4667,7.0833,372.0,Maradi,2010,7,28.0,32.6,,147.0
13.4667,7.0833,372.0,Maradi,2010,8,26.9,31.9,22.5,214.0
13.4667,7.0833,372.0,Maradi,2010,9,27.6,33.2,23.1,125.0
13.4667,7.0833,372.0,Maradi,2010,10,29.0,35.9,23.3,15.0
13.4667,7.0833,372.0,Maradi,2010,11,27.6,37.0,18.6,0.0
13.4667,7.0833,372.0,Maradi,2010,12,22.7,32.1,14.0,0.0
13.4667,7.0833,372.0,Maradi,2011,1,21.4,30.3,13.5,0.0
13.4667,7.0833,372.0,Maradi,2011,2,28.1,36.5,,0.0
13.4667,7.0833,372.0,Maradi,2011,3,30.8,,,0.0
13.4667,7.0833,372.0,Maradi,2011,4,32.5,40.4,24.5,0.0
13.4667,7.0833,372.0,Maradi,2011,5,33.2,40.7,,15.0
13.4667,7.0833,372.0,Maradi,2011,6,30.9,37.1,25.5,75.0
13.4667,7.0833,372.0,Maradi,2011,7,29.1,34.5,24.1,97.0
13.4667,7.0833,372.0,Maradi,2011,8,27.0,32.0,22.7,142.0
13.4667,7.0833,372.0,Maradi,2011,9,28.5,34.9,23.5,85.0
13.4667,7.0833,372.0,Maradi,2011,10,29.4,37.4,22.4,12.0
13.4667,7.0833,372.0,Maradi,2011,11,25.8,35.4,16.6,0.0
13.4667,7.0833,372.0,Maradi,2011,12,21.8,30.4,14.0,0.0
13.4667,7.0833,372.0,Maradi,2012,1,22.3,30.8,13.6,0.0
13.4667,7.0833,372.0,Maradi,2012,2,27.2,36.1,19.6,0.0
13.4667,7.0833,372.0,Maradi,2012,3,28.2,36.6,20.9,0.0
13.4667,7.0833,372.0,Maradi,2012,4,33.3,41.8,26.1,0.0
13.4667,7.0833,372.0,Maradi,2012,5,32.4,39.4,27.2,42.0
13.4667,7.0833,372.0,Maradi,2012,6,29.9,36.0,25.0,121.0
13.4667,7.0833,372.0,Maradi,2012,7,26.9,31.8,23.4,152.0
13.4667,7.0833,372.0,Maradi,2012,8,26.4,31.2,22.8,173.0
13.4667,7.0833,372.0,Maradi,2012,9,27.8,34.2,23.4,41.0
13.4667,7.0833,372.0,Maradi,2012,10,29.6,37.6,22.5,18.0
13.4667,7.0833,372.0,Maradi,2012,11,27.5,37.2,18.9,0.0
13.4667,7.0833,372.0,Maradi,2012,12,23.6,32.9,14.9,0.0
13.4667,7.0833,372.0,Maradi,2013,1,23.2,31.9,15.8,0.0
13.4667,7.0833,372.0,Maradi,2013,2,26.7,35.5,18.5,0.0
13.4667,7.0833,372.0,Maradi,2013,3,32.1,41.6,23.0,0.0
13.4667,7.0833,372.0,Maradi,2013,4,32.0,39.6,25.4,18.0
13.4667,7.0833,372.0,Maradi,2013,5,33.2,40.6,27.7,13.0
13.4667,7.0833,372.0,Maradi,2013,6,31.5,38.2,26.5,24.0
13.4667,7.0833,372.0,Maradi,2013,7,28.7,34.4,23.9,103.0
13.4667,7.0833,372.0,Maradi,2013,8,26.2,30.9,24.4,282.0
13.4667,7.0833,372.0,Maradi,2013,9,27.9,33.6,23.4,105.0
13.4667,7.0833,372.0,Maradi,2013,10,28.7,37.1,21.6,8.0
13.4667,7.0833,372.0,Maradi,2013,11,26.7,36.6,18.0,0.0
13.4667,7.0833,372.0,Maradi,2013,12,23.6,32.3,16.4,0.0
13.4667,7.0833,372.0,Maradi,2014,1,23.5,32.3,15.8,0.0
13.4667,7.0833,372.0,Maradi,2014,2,25.2,33.6,17.7,0.0
13.4667,7.0833,372.0,Maradi,2014,3,29.9,38.9,21.6,0.0
13.4667,7.0833,372.0,Maradi,2014,4,33.3,41.2,26.6,9.0
13.4667,7.0833,372.0,Maradi,2014,5,32.1,39.3,26.9,26.0
13.4667,7.0833,372.0,Maradi,2014,6,32.0,39.0,26.8,20.0
13.4667,7.0833,372.0,Maradi,2014,7,29.2,34.9,24.2,173.0
13.4667,7.0833,372.0,Maradi,2014,8,27.0,32.1,23.1,142.0
13.4667,7.0833,372.0,Maradi,2014,9,28.1,34.2,23.6,60.0
13.4667,7.0833,372.0,Maradi,2014,10,29.2,39.9,21.8,0.0
13.4667,7.0833,372.0,Maradi,2014,11,26.8,36.4,18.6,0.0
13.4667,7.0833,372.0,Maradi,2014,12,22.9,31.6,15.3,0.0
13.4667,7.0833,372.0,Maradi,2015,1,21.1,29.1,14.0,0.0
13.4667,7.0833,372.0,Maradi,2015,2,27.0,36.4,18.5,0.0
13.4667,7.0833,372.0,Maradi,2015,3,29.4,37.4,23.2,0.0
13.4667,7.0833,372.0,Maradi,2015,4,30.9,39.0,23.5,0.0
13.4667,7.0833,372.0,Maradi,2015,5,33.9,41.9,27.6,0.0
13.4667,7.0833,372.0,Maradi,2015,6,32.4,39.3,27.3,18.0
13.4667,7.0833,372.0,Maradi,2015,7,28.7,34.9,24.3,124.0
13.4667,7.0833,372.0,Maradi,2015,8,26.9,32.1,23.1,231.0
13.4667,7.0833,372.0,Maradi,2015,9,28.0,,,65.0
13.4667,7.0833,372.0,Maradi,2015,10,30.9,38.0,24.0,1.0
13.4667,7.0833,372.0,Maradi,2015,11,26.3,34.6,18.9,0.0
13.4667,7.0833,372.0,Maradi,2015,12,20.4,27.5,14.3,0.0
13.4667,7.0833,372.0,Maradi,2016,1,22.2,29.1,14.6,0.0
13.4667,7.0833,372.0,Maradi,2016,2,25.2,33.5,16.4,0.0
13.4667,7.0833,372.0,Maradi,2016,3,32.4,39.6,25.2,3.0
13.4667,7.0833,372.0,Maradi,2016,4,34.3,41.9,26.8,0.0
13.4667,7.0833,372.0,Maradi,2016,5,33.8,40.7,27.7,39.0
13.4667,7.0833,372.0,Maradi,2016,6,31.5,37.1,26.2,36.0
13.4667,7.0833,372.0,Maradi,2016,7,28.7,33.7,24.4,198.0
13.4667,7.0833,372.0,Maradi,2016,8,27.4,30.2,23.5,217.0
13.4667,7.0833,372.0,Maradi,2016,9,28.6,34.1,23.9,66.0
13.4667,7.0833,372.0,Maradi,2016,10,30.2,37.5,22.8,0.0
13.4667,7.0833,372.0,Maradi,2016,11,28.0,36.3,19.6,0.0
13.4667,7.0833,372.0,Maradi,2016,12,24.4,32.1,15.6,0.0
13.4667,7.0833,372.0,Maradi,2017,1,23.5,31.2,16.2,0.0
13.4667,7.0833,372.0,Maradi,2017,2,24.6,32.3,17.1,0.0
13.4667,7.0833,372.0,Maradi,2017,3,30.2,38.7,21.3,0.0
13.4667,7.0833,372.0,Maradi,2017,4,33.7,40.7,26.5,0.5
13.4667,7.0833,372.0,Maradi,2017,5,33.7,40.2,28.0,21.0
13.4667,7.0833,372.0,Maradi,2017,6,30.3,35.7,25.5,116.0
13.4667,7.0833,372.0,Maradi,2017,7,27.9,32.6,23.9,270.0
13.4667,7.0833,372.0,Maradi,2017,8,27.3,31.7,23.3,128.0
13.4667,7.0833,372.0,Maradi,2017,9,28.9,34.9,24.3,
13.4667,7.0833,372.0,Maradi,2017,10,28.9,37.2,20.8,0.0
13.4667,7.0833,372.0,Maradi,2017,11,26.3,35.3,17.9,0.0
13.4667,7.0833,372.0,Maradi,2017,12,23.6,31.1,15.4,0.0
13.4667,7.0833,372.0,Maradi,2018,1,21.4,29.1,12.5,0.0
13.4667,7.0833,372.0,Maradi,2018,2,27.3,35.8,18.3,0.0
13.4667,7.0833,372.0,Maradi,2018,3,30.8,39.4,20.8,0.0
13.4667,7.0833,372.0,Maradi,2018,4,33.4,41.4,24.6,5.0
13.4667,7.0833,372.0,Maradi,2018,5,33.7,40.4,27.7,13.0
13.4667,7.0833,372.0,Maradi,2018,6,31.1,37.2,25.2,91.0
13.4667,7.0833,372.0,Maradi,2018,7,27.8,31.9,22.4,162.0
13.4667,7.0833,372.0,Maradi,2018,8,26.6,31.5,22.5,186.0
13.4667,7.0833,372.0,Maradi,2018,9,27.9,33.7,23.0,203.0
13.4667,7.0833,372.0,Maradi,2018,10,30.4,37.8,23.3,1.0
13.4667,7.0833,372.0,Maradi,2018,11,26.9,35.7,17.1,0.0
13.4667,7.0833,372.0,Maradi,2018,12,21.8,29.8,14.3,0.0
13.4667,7.0833,372.0,Maradi,2019,1,22.7,31.4,14.3,0.0
13.4667,7.0833,372.0,Maradi,2019,2,24.5,32.6,16.1,0.0
13.4667,7.0833,372.0,Maradi,2019,3,30.7,38.7,22.5,0.0
13.4667,7.0833,372.0,Maradi,2019,4,33.8,41.7,25.4,0.0
13.4667,7.0833,372.0,Maradi,2019,5,33.4,40.0,27.5,35.0
13.4667,7.0833,372.0,Maradi,2019,6,30.9,36.9,26.1,59.0
13.4667,7.0833,372.0,Maradi,2019,7,28.8,34.1,24.3,108.0
13.4667,7.0833,372.0,Maradi,2019,8,26.8,31.5,23.2,252.0
13.4667,7.0833,372.0,Maradi,2019,9,28.7,35.0,23.8,110.0
13.4667,7.0833,372.0,Maradi,2019,10,28.5,35.3,23.2,46.0
13.4667,7.0833,372.0,Maradi,2019,11,28.8,37.4,19.2,0.0
13.4667,7.0833,372.0,Maradi,2019,12,22.7,31.8,14.1,0.0
13.4667,7.0833,372.0,Maradi,2020,1,21.6,29.6,14.4,0.0
13.4667,7.0833,372.0,Maradi,2020,2,23.9,32.2,15.8,0.0
13.4667,7.0833,372.0,Maradi,2020,3,30.6,39.0,22.5,0.0
13.4667,7.0833,372.0,Maradi,2020,4,34.2,42.0,27.1,0.0
13.4667,7.0833,372.0,Maradi,2020,5,33.7,40.4,27.9,27.0
13.4667,7.0833,372.0,Maradi,2020,6,31.7,37.7,26.0,78.0
13.4667,7.0833,372.0,Maradi,2020,7,28.2,33.7,23.9,209.0
13.4667,7.0833,372.0,Maradi,2020,8,26.3,30.8,22.9,238.0
13.4667,7.0833,372.0,Maradi,2020,9,27.6,32.8,23.4,110.0
13.4667,7.0833,372.0,Maradi,2020,10,28.5,36.1,22.3,24.0
13.4667,7.0833,372.0,Maradi,2020,11,25.9,34.1,17.7,0.0
13.4667,7.0833,372.0,Maradi,2020,12,24.9,33.8,16.3,0.0
13.4667,7.0833,372.0,Maradi,2021,1,23.9,33.0,15.4,0.0
13.4667,7.0833,372.0,Maradi,2021,2,23.9,32.1,16.0,0.0
13.4667,7.0833,372.0,Maradi,2021,3,29.5,37.7,22.1,0.0
13.4667,7.0833,372.0,Maradi,2021,4,32.5,41.0,23.9,0.0
13.4667,7.0833,372.0,Maradi,2021,5,34.0,41.9,26.6,0.5
13.4667,7.0833,372.0,Maradi,2021,6,31.6,37.8,26.1,46.0
13.4667,7.0833,372.0,Maradi,2021,7,27.9,33.3,23.2,161.0
13.4667,7.0833,372.0,Maradi,2021,8,26.7,31.7,22.7,194.0
13.4667,7.0833,372.0,Maradi,2021,9,27.3,33.5,22.9,82.1
13.4667,7.0833,372.0,Maradi,2021,10,30.5,37.6,21.8,16.0
13.4667,7.0833,372.0,Maradi,2021,11,28.2,37.6,19.0,0.0
13.4667,7.0833,372.0,Maradi,2021,12,23.1,31.2,15.2,0.0
13.4667,7.0833,372.0,Maradi,2022,1,21.3,28.8,14.0,0.0
13.4667,7.0833,372.0,Maradi,2022,2,23.5,32.0,15.1,0.0
13.4667,7.0833,372.0,Maradi,2022,3,29.6,37.6,21.7,0.0
13.4667,7.0833,372.0,Maradi,2022,4,32.8,41.0,26.0,20.0
13.4667,7.0833,372.0,Maradi,2022,5,33.7,40.8,27.5,6.0
13.4667,7.0833,372.0,Maradi,2022,6,30.6,37.5,24.9,53.0
13.4667,7.0833,372.0,Maradi,2022,7,27.4,33.0,23.5,103.0
13.4667,7.0833,372.0,Maradi,2022,8,25.8,30.8,22.5,271.0
13.4667,7.0833,372.0,Maradi,2022,9,26.7,32.9,22.5,165.0
13.4667,7.0833,372.0,Maradi,2022,10,28.3,36.0,21.3,2.0
13.4667,7.0833,372.0,Maradi,2022,11,25.3,33.7,17.0,0.0
13.4667,7.0833,372.0,Maradi,2022,12,23.0,31.0,15.4,0.0
13.4667,7.0833,372.0,Maradi,2023,1,22.7,31.1,14.8,0.0
13.4667,7.0833,372.0,Maradi,2023,2,25.0,33.0,17.6,0.0
13.4667,7.0833,372.0,Maradi,2023,3,32.1,38.5,22.8,4.0
13.4667,7.0833,372.0,Maradi,2023,4,33.0,40.5,25.7,0.5
13.4667,7.0833,372.0,Maradi,2023,5,34.0,40.8,27.8,22.0
13.4667,7.0833,372.0,Maradi,2023,6,30.6,36.9,25.6,73.0
13.4667,7.0833,372.0,Maradi,2023,7,29.0,34.6,24.3,163.0
13.4667,7.0833,372.0,Maradi,2023,8,27.1,32.3,23.0,129.0
13.4667,7.0833,372.0,Maradi,2023,9,28.2,33.9,23.7,211.0
13.4667,7.0833,372.0,Maradi,2023,10,28.8,37.1,22.2,6.0
13.4667,7.0833,372.0,Maradi,2023,11,28.3,36.4,20.6,2.0
13.4667,7.0833,372.0,Maradi,2023,12,23.4,31.5,15.3,0.0
13.4667,7.0833,372.0,Maradi,2024,1,22.6,31.0,14.4,0.0
13.4667,7.0833,372.0,Maradi,2024,2,25.5,33.3,17.8,0.5
13.4667,7.0833,372.0,Maradi,2024,3,31.9,40.3,23.6,0.5
13.4667,7.0833,372.0,Maradi,2024,4,34.9,42.3,27.8,24.0
13.4667,7.0833,372.0,Maradi,2024,5,34.3,41.6,28.3,42.0
13.4667,7.0833,372.0,Maradi,2024,6,30.9,36.7,26.4,42.7
13.4667,7.0833,372.0,Maradi,2024,7,27.8,32.6,23.8,199.0
13.4667,7.0833,372.0,Maradi,2024,8,25.9,30.2,23.0,303.0
13.4667,7.0833,372.0,Maradi,2024,9,26.8,32.9,23.3,194.0
13.4667,7.0833,372.0,Maradi,2024,10,28.3,35.5,22.5,11.0
13.4667,7.0833,372.0,Maradi,2024,11,24.6,32.8,16.4,0.0
13.4667,7.0833,372.0,Maradi,2024,12,21.4,30.2,13.8,
13.4667,7.0833,372.0,Maradi,2025,1,23.1,31.8,15.5,0.0
13.4667,7.0833,372.0,Maradi,2025,2,26.1,34.0,18.2,0.0
13.4667,7.0833,372.0,Maradi,2025,3,31.4,40.4,22.0,0.0
13.4667,7.0833,372.0,Maradi,2025,4,33.0,41.1,24.7,0.0
13.4667,7.0833,372.0,Maradi,2025,5,33.6,40.8,27.0,2.0
13.4667,7.0833,372.0,Maradi,2025,6,31.6,37.5,26.7,95.0
13.4667,7.0833,372.0,Maradi,2025,7,27.4,32.4,23.0,198.9
13.4167,12.7833,303.0,Diffa,1994,2,,,,0.0
13.4167,12.7833,303.0,Diffa,1994,3,,,,0.0
13.4167,12.7833,303.0,Diffa,1994,4,,,,0.5
13.4167,12.7833,303.0,Diffa,1994,5,33.0,41.5,,5.0
13.4167,12.7833,303.0,Diffa,1994,6,33.0,,,7.0
13.4167,12.7833,303.0,Diffa,1994,7,,,,308.0
13.4167,12.7833,303.0,Diffa,1994,8,26.3,,,174.0
13.4167,12.7833,303.0,Diffa,1994,9,29.0,,,76.0
13.4167,12.7833,303.0,Diffa,1994,10,,,,0.5
13.4167,12.7833,303.0,Diffa,1994,11,24.9,,,0.0
13.4167,12.7833,303.0,Diffa,1994,12,,,,0.0
13.4167,12.7833,303.0,Diffa,1995,1,,,,0.0
13.4167,12.7833,303.0,Diffa,1995,2,22.2,,,0.0
13.4167,12.7833,303.0,Diffa,1995,3,,,,0.0
13.4167,12.7833,303.0,Diffa,1995,4,32.4,40.6,,1.0
13.4167,12.7833,303.0,Diffa,1995,5,,,,2.0
13.4167,12.7833,303.0,Diffa,1995,6,,,,0.5
13.4167,12.7833,303.0,Diffa,1995,7,,,,221.0
13.4167,12.7833,303.0,Diffa,1995,8,28.6,,,126.0
13.4167,12.7833,303.0,Diffa,1995,9,30.3,,,41.0
13.4167,12.7833,303.0,Diffa,1995,10,30.0,38.3,,0.0
13.4167,12.7833,303.0,Diffa,1995,11,,,,0.0
13.4167,12.7833,303.0,Diffa,1995,12,23.8,,,0.0
13.4167,12.7833,303.0,Diffa,1996,1,22.6,33.4,13.0,0.0
13.4167,12.7833,303.0,Diffa,1996,2,25.4,,,0.0
13.4167,12.7833,303.0,Diffa,1996,3,30.3,,,0.0
13.4167,12.7833,303.0,Diffa,1996,4,32.4,,,0.0
13.4167,12.7833,303.0,Diffa,1996,5,,,,27.0
13.4167,12.7833,303.0,Diffa,1996,7,30.1,,,65.0
13.4167,12.7833,303.0,Diffa,1996,8,28.3,,,70.0
13.4167,12.7833,303.0,Diffa,1996,9,29.1,,,35.0
13.4167,12.7833,303.0,Diffa,1996,10,29.9,,,28.0
13.4167,12.7833,303.0,Diffa,1997,9,30.7,38.0,24.6,48.0
13.4167,12.7833,303.0,Diffa,1997,10,30.4,39.4,22.7,7.0
13.4167,12.7833,303.0,Diffa,1997,11,27.0,36.8,18.5,0.0
13.4167,12.7833,303.0,Diffa,1999,7,29.7,35.5,23.9,211.0
13.4167,12.7833,303.0,Diffa,1999,9,29.5,36.3,22.7,67.0
13.4167,12.7833,303.0,Diffa,2000,3,27.8,36.8,18.8,0.0
13.4167,12.7833,303.0,Diffa,2000,6,34.6,42.3,27.0,10.0
13.4167,12.7833,303.0,Diffa,2000,7,30.9,37.0,24.8,118.0
13.4167,12.7833,303.0,Diffa,2000,8,29.7,36.4,23.0,86.0
13.4167,12.7833,303.0,Diffa,2001,2,22.7,,,
13.4167,12.7833,303.0,Diffa,2001,3,27.8,38.1,17.4,0.0
13.4167,12.7833,303.0,Diffa,2001,4,32.9,42.1,,1.0
13.4167,12.7833,303.0,Diffa,2001,5,34.1,,,
13.4167,12.7833,303.0,Diffa,2001,6,32.2,,,
13.4167,12.7833,303.0,Diffa,2001,7,29.9,,,
13.4167,12.7833,303.0,Diffa,2001,8,28.2,,,55.0
13.4167,12.7833,303.0,Diffa,2001,9,29.5,,,
13.4167,12.7833,303.0,Diffa,2001,11,28.5,35.8,17.4,0.0
13.4167,12.7833,303.0,Diffa,2001,12,23.3,,,0.0
13.4167,12.7833,303.0,Diffa,2002,1,20.0,,,0.0
13.4167,12.7833,303.0,Diffa,2002,2,23.9,,,0.0
13.4167,12.7833,303.0,Diffa,2002,3,29.0,,,0.0
13.4167,12.7833,303.0,Diffa,2002,4,33.7,,,0.0
13.4167,12.7833,303.0,Diffa,2002,5,33.9,,,0.0
13.4167,12.7833,303.0,Diffa,2002,6,,,,3.0
13.4167,12.7833,303.0,Diffa,2002,7,31.1,,,60.0
13.4167,12.7833,303.0,Diffa,2002,8,28.6,,,74.0
13.4167,12.7833,303.0,Diffa,2002,9,31.0,38.1,23.9,27.0
13.4167,12.7833,303.0,Diffa,2002,11,25.8,34.8,,0.0
13.4167,12.7833,303.0,Diffa,2003,1,21.4,,,0.0
13.4167,12.7833,303.0,Diffa,2003,2,25.3,35.5,,0.0
13.4167,12.7833,303.0,Diffa,2003,3,27.5,,,0.0
13.4167,12.7833,303.0,Diffa,2003,4,32.8,42.2,24.6,14.0
13.4167,12.7833,303.0,Diffa,2003,5,32.0,42.1,,7.0
13.4167,12.7833,303.0,Diffa,2003,6,31.2,,,106.0
13.4167,12.7833,303.0,Diffa,2003,8,27.3,,,127.0
13.4167,12.7833,303.0,Diffa,2003,9,29.3,,,69.0
13.4167,12.7833,303.0,Diffa,2003,10,29.6,,,2.0
13.4167,12.7833,303.0,Diffa,2003,11,26.5,,,16.0
13.4167,12.7833,303.0,Diffa,2003,12,21.2,,,0.0
13.4167,12.7833,303.0,Diffa,2004,1,21.5,31.5,,0.0
13.4167,12.7833,303.0,Diffa,2004,2,23.5,,,0.0
13.4167,12.7833,303.0,Diffa,2004,3,27.0,,,0.0
13.4167,12.7833,303.0,Diffa,2004,4,31.8,42.6,21.6,0.0
13.4167,12.7833,303.0,Diffa,2004,5,34.2,,,2.0
13.4167,12.7833,303.0,Diffa,2004,6,32.6,40.6,,21.0
13.4167,12.7833,303.0,Diffa,2004,7,29.7,,,70.0
13.4167,12.7833,303.0,Diffa,2004,8,28.8,,,160.0
13.4167,12.7833,303.0,Diffa,2004,9,29.9,,,20.0
13.4167,12.7833,303.0,Diffa,2004,10,29.9,39.6,,3.0
13.4167,12.7833,303.0,Diffa,2004,11,26.4,,,0.0
13.4167,12.7833,303.0,Diffa,2004,12,22.6,,,0.0
13.4167,12.7833,303.0,Diffa,2005,1,20.7,,,
13.4167,12.7833,303.0,Diffa,2005,2,27.9,38.4,,0.0
13.4167,12.7833,303.0,Diffa,2005,3,30.7,,,0.0
13.4167,12.7833,303.0,Diffa,2005,4,33.7,42.6,,0.5
13.4167,12.7833,303.0,Diffa,2005,5,33.5,,,9.0
13.4167,12.7833,303.0,Diffa,2005,12,22.9,,,0.0
13.4167,12.7833,303.0,Diffa,2006,1,24.0,,,0.0
13.4167,12.7833,303.0,Diffa,2006,4,31.8,41.3,,0.0
13.4167,12.7833,303.0,Diffa,2006,5,34.2,,,0.5
13.4167,12.7833,303.0,Diffa,2006,6,33.6,,,
13.4167,12.7833,303.0,Diffa,2006,7,30.8,,,57.0
13.4167,12.7833,303.0,Diffa,2006,9,,,,65.0
13.4167,12.7833,303.0,Diffa,2006,11,24.9,,,0.0
13.4167,12.7833,303.0,Diffa,2007,1,20.3,,,0.0
13.4167,12.7833,303.0,Diffa,2007,2,,,,0.0
13.4167,12.7833,303.0,Diffa,2007,3,,,,7.0
13.4167,12.7833,303.0,Diffa,2007,5,34.4,43.2,27.0,5.0
13.4167,12.7833,303.0,Diffa,2007,7,30.1,36.6,24.5,172.0
13.4167,12.7833,303.0,Diffa,2007,8,,,,201.0
13.4167,12.7833,303.0,Diffa,2007,12,23.2,33.4,14.8,0.0
13.4167,12.7833,303.0,Diffa,2008,1,19.9,28.1,12.5,0.0
13.4167,12.7833,303.0,Diffa,2008,3,29.4,40.2,19.9,0.0
13.4167,12.7833,303.0,Diffa,2008,5,33.4,41.4,25.7,3.0
13.4167,12.7833,303.0,Diffa,2008,6,32.9,,,
13.4167,12.7833,303.0,Diffa,2008,7,28.9,35.4,23.6,192.0
13.4167,12.7833,303.0,Diffa,2008,9,29.6,37.6,24.0,43.0
13.4167,12.7833,303.0,Diffa,2008,10,29.8,39.4,22.4,2.0
13.4167,12.7833,303.0,Diffa,2008,11,26.1,36.7,17.3,0.0
13.4167,12.7833,303.0,Diffa,2008,12,24.7,34.5,15.6,0.0
13.4167,12.7833,303.0,Diffa,2009,2,26.7,36.8,17.7,0.0
13.4167,12.7833,303.0,Diffa,2009,3,29.5,38.7,20.2,0.0
13.4167,12.7833,303.0,Diffa,2009,4,32.8,43.6,24.0,0.0
13.4167,12.7833,303.0,Diffa,2009,5,32.8,42.4,24.7,3.0
13.4167,12.7833,303.0,Diffa,2009,6,33.7,42.0,26.7,1.0
13.4167,12.7833,303.0,Diffa,2009,7,30.2,36.8,25.0,104.0
13.4167,12.7833,303.0,Diffa,2009,8,28.6,34.7,23.8,133.0
13.4167,12.7833,303.0,Diffa,2009,9,30.0,33.3,24.2,29.0
13.4167,12.7833,303.0,Diffa,2009,10,30.5,,,
13.4167,12.7833,303.0,Diffa,2009,11,26.6,35.6,18.4,0.0
13.4167,12.7833,303.0,Diffa,2009,12,22.9,33.4,13.4,0.0
13.4167,12.7833,303.0,Diffa,2010,1,22.7,32.2,13.0,0.0
13.4167,12.7833,303.0,Diffa,2010,2,27.8,,,
13.4167,12.7833,303.0,Diffa,2010,3,29.3,39.0,19.6,0.0
13.4167,12.7833,303.0,Diffa,2010,4,34.4,,,
13.4167,12.7833,303.0,Diffa,2010,5,34.9,44.3,27.0,0.0
13.4167,12.7833,303.0,Diffa,2010,6,33.6,,,
13.4167,12.7833,303.0,Diffa,2010,7,29.7,,,
13.4167,12.7833,303.0,Diffa,2010,8,28.0,,,
13.4167,12.7833,303.0,Diffa,2010,9,28.0,34.4,23.2,59.0
13.4167,12.7833,303.0,Diffa,2010,10,30.7,,,
13.4167,12.7833,303.0,Diffa,2010,11,28.2,,,
13.4167,12.7833,303.0,Diffa,2010,12,23.1,,,
13.4167,12.7833,303.0,Diffa,2011,1,21.4,,,
13.4167,12.7833,303.0,Diffa,2011,2,27.3,,,
13.4167,12.7833,303.0,Diffa,2011,3,29.8,,,0.0
13.4167,12.7833,303.0,Diffa,2011,4,32.4,,,
13.4167,12.7833,303.0,Diffa,2011,5,33.4,,,
13.4167,12.7833,303.0,Diffa,2011,6,32.9,40.2,26.8,14.0
13.4167,12.7833,303.0,Diffa,2011,7,31.0,,,
13.4167,12.7833,303.0,Diffa,2011,8,28.2,,,0.0
13.4167,12.7833,303.0,Diffa,2011,9,29.3,36.9,22.9,16.0
13.4167,12.7833,303.0,Diffa,2011,10,30.2,,,
13.4167,12.7833,303.0,Diffa,2011,11,25.7,,,
13.4167,12.7833,303.0,Diffa,2011,12,22.5,,,
13.4167,12.7833,303.0,Diffa,2012,1,22.1,,,
13.4167,12.7833,303.0,Diffa,2012,2,27.1,,,
13.4167,12.7833,303.0,Diffa,2012,3,28.6,,,
13.4167,12.7833,303.0,Diffa,2012,4,34.1,,,
13.4167,12.7833,303.0,Diffa,2012,5,33.4,,,
13.4167,12.7833,303.0,Diffa,2012,6,31.3,,,
13.4167,12.7833,303.0,Diffa,2012,7,28.8,,,
13.4167,12.7833,303.0,Diffa,2012,8,26.9,32.3,23.4,140.0
13.4167,12.7833,303.0,Diffa,2012,9,28.1,35.0,23.3,83.0
13.4167,12.7833,303.0,Diffa,2012,10,29.7,39.7,21.2,0.5
13.4167,12.7833,303.0,Diffa,2012,11,26.9,37.5,18.0,0.0
13.4167,12.7833,303.0,Diffa,2012,12,22.4,32.3,13.5,0.0
13.4167,12.7833,303.0,Diffa,2013,1,22.9,32.3,15.3,0.0
13.4167,12.7833,303.0,Diffa,2013,2,26.3,35.6,17.5,0.0
13.4167,12.7833,303.0,Diffa,2013,3,30.4,41.8,20.7,0.0
13.4167,12.7833,303.0,Diffa,2013,4,32.0,41.7,23.7,0.5
13.4167,12.7833,303.0,Diffa,2013,5,33.4,43.1,25.1,0.0
13.4167,12.7833,303.0,Diffa,2013,6,32.8,40.7,26.8,22.0
13.4167,12.7833,303.0,Diffa,2013,7,29.8,36.4,24.5,83.0
13.4167,12.7833,303.0,Diffa,2013,8,26.5,32.4,23.0,156.0
13.4167,12.7833,303.0,Diffa,2013,9,29.0,36.5,23.5,30.0
13.4167,12.7833,303.0,Diffa,2013,10,29.5,39.2,21.3,0.0
13.4167,12.7833,303.0,Diffa,2013,11,26.3,37.2,17.3,0.0
13.4167,12.7833,303.0,Diffa,2013,12,23.8,33.1,14.9,0.0
13.4167,12.7833,303.0,Diffa,2014,1,21.6,32.1,13.2,0.0
13.4167,12.7833,303.0,Diffa,2014,2,24.7,34.1,16.6,0.0
13.4167,12.7833,303.0,Diffa,2014,3,29.2,39.3,20.2,0.0
13.4167,12.7833,303.0,Diffa,2014,4,32.6,42.2,24.7,4.0
13.4167,12.7833,303.0,Diffa,2014,5,33.1,41.8,25.8,13.0
13.4167,12.7833,303.0,Diffa,2014,6,34.1,41.8,27.9,2.0
13.4167,12.7833,303.0,Diffa,2014,7,30.6,36.7,25.2,64.0
13.4167,12.7833,303.0,Diffa,2014,8,27.4,32.9,23.2,162.0
13.4167,12.7833,303.0,Diffa,2014,9,30.6,37.2,24.0,2.0
13.4167,12.7833,303.0,Diffa,2014,10,29.2,38.8,21.6,28.0
13.4167,12.7833,303.0,Diffa,2014,11,26.2,36.3,17.9,0.0
13.4167,12.7833,303.0,Diffa,2014,12,22.2,31.4,14.4,0.0
13.4167,12.7833,303.0,Diffa,2015,1,20.2,29.3,12.2,0.0
13.4167,12.7833,303.0,Diffa,2015,2,25.5,36.4,17.0,0.0
13.4167,12.7833,303.0,Diffa,2015,3,29.3,38.0,21.8,0.0
13.4167,12.7833,303.0,Diffa,2015,4,30.3,38.7,22.0,0.0
13.4167,12.7833,303.0,Diffa,2015,5,33.3,43.2,24.8,0.0
13.4167,12.7833,303.0,Diffa,2015,6,33.6,41.2,27.6,9.0
13.4167,12.7833,303.0,Diffa,2015,7,31.2,37.6,26.0,42.0
13.4167,12.7833,303.0,Diffa,2015,8,28.6,34.3,24.5,163.0
13.4167,12.7833,303.0,Diffa,2015,9,29.1,34.8,24.1,20.0
13.4167,12.7833,303.0,Diffa,2015,10,30.1,39.7,22.3,30.0
13.4167,12.7833,303.0,Diffa,2015,11,26.1,34.6,18.3,0.0
13.4167,12.7833,303.0,Diffa,2015,12,20.4,26.7,14.0,0.0
13.4167,12.7833,303.0,Diffa,2016,1,20.8,29.1,12.9,0.0
13.4167,12.7833,303.0,Diffa,2016,2,24.1,33.7,15.2,0.0
13.4167,12.7833,303.0,Diffa,2016,3,32.0,40.4,24.2,0.0
13.4167,12.7833,303.0,Diffa,2016,4,32.8,43.2,23.5,2.0
13.4167,12.7833,303.0,Diffa,2016,5,33.9,42.3,27.3,3.0
13.4167,12.7833,303.0,Diffa,2016,6,32.2,39.1,26.5,88.0
13.4167,12.7833,303.0,Diffa,2016,7,29.0,34.8,25.3,106.0
13.4167,12.7833,303.0,Diffa,2016,8,27.7,33.2,23.4,157.0
13.4167,12.7833,303.0,Diffa,2016,9,29.6,37.5,23.9,17.0
13.4167,12.7833,303.0,Diffa,2016,10,30.7,39.5,21.9,0.0
13.4167,12.7833,303.0,Diffa,2016,11,27.7,37.2,19.6,0.0
13.4167,12.7833,303.0,Diffa,2016,12,24.4,32.5,16.5,0.0
13.4167,12.7833,303.0,Diffa,2017,1,23.0,32.2,15.4,0.0
13.4167,12.7833,303.0,Diffa,2017,2,23.8,32.1,15.6,0.0
13.4167,12.7833,303.0,Diffa,2017,3,28.5,38.2,19.0,0.0
13.4167,12.7833,303.0,Diffa,2017,4,33.0,41.6,25.4,0.5
13.4167,12.7833,303.0,Diffa,2017,5,34.1,42.6,26.6,4.0
13.4167,12.7833,303.0,Diffa,2017,6,31.9,38.8,26.6,72.0
13.4167,12.7833,303.0,Diffa,2017,7,29.7,35.5,24.8,89.0
13.4167,12.7833,303.0,Diffa,2017,8,28.1,33.6,23.7,138.0
13.4167,12.7833,303.0,Diffa,2017,9,29.7,37.8,23.7,71.0
13.4167,12.7833,303.0,Diffa,2017,10,29.9,39.3,21.9,0.0
13.4167,12.7833,303.0,Diffa,2017,11,26.3,36.2,18.2,0.0
13.4167,12.7833,303.0,Diffa,2017,12,23.5,32.6,15.7,0.0
13.4167,12.7833,303.0,Diffa,2018,1,20.7,30.0,12.4,0.0
13.4167,12.7833,303.0,Diffa,2018,2,26.8,37.3,17.5,0.0
13.4167,12.7833,303.0,Diffa,2018,3,29.4,40.7,19.4,0.0
13.4167,12.7833,303.0,Diffa,2018,4,32.1,42.9,22.9,0.0
13.4167,12.7833,303.0,Diffa,2018,5,34.2,43.3,27.6,0.0
13.4167,12.7833,303.0,Diffa,2018,6,32.2,39.7,26.4,72.0
13.4167,12.7833,303.0,Diffa,2018,7,29.6,34.0,24.6,24.0
13.4167,12.7833,303.0,Diffa,2018,8,27.2,32.9,23.3,226.0
13.4167,12.7833,303.0,Diffa,2018,9,28.8,36.1,24.0,51.0
13.4167,12.7833,303.0,Diffa,2018,10,30.6,40.3,21.5,0.5
13.4167,12.7833,303.0,Diffa,2018,11,26.4,36.9,17.7,0.0
13.4167,12.7833,303.0,Diffa,2018,12,22.1,30.4,14.9,0.0
13.4167,12.7833,303.0,Diffa,2019,1,21.9,31.6,13.2,0.0
13.4167,12.7833,303.0,Diffa,2019,2,23.6,32.0,15.5,0.5
13.4167,12.7833,303.0,Diffa,2019,3,30.0,39.2,22.4,0.0
13.4167,12.7833,303.0,Diffa,2019,4,33.2,42.5,24.8,0.0
13.4167,12.7833,303.0,Diffa,2019,5,34.1,42.9,27.2,8.0
13.4167,12.7833,303.0,Diffa,2019,6,32.4,39.8,27.1,41.0
13.4167,12.7833,303.0,Diffa,2019,7,29.4,35.4,24.6,139.0
13.4167,12.7833,303.0,Diffa,2019,8,27.0,32.5,23.0,160.0
13.4167,12.7833,303.0,Diffa,2019,9,29.3,36.4,24.4,60.0
13.4167,12.7833,303.0,Diffa,2019,10,28.7,36.0,23.3,80.0
13.4167,12.7833,303.0,Diffa,2019,11,27.5,38.5,19.2,0.0
13.4167,12.7833,303.0,Diffa,2019,12,21.7,31.6,13.5,0.0
13.4167,12.7833,303.0,Diffa,2020,1,20.9,29.1,14.0,0.0
13.4167,12.7833,303.0,Diffa,2020,2,23.1,31.7,15.6,0.0
13.4167,12.7833,303.0,Diffa,2020,3,28.8,38.7,20.2,0.0
13.4167,12.7833,303.0,Diffa,2020,4,,,,0.0
13.4167,12.7833,303.0,Diffa,2020,5,33.9,42.9,26.3,0.5
13.4167,12.7833,303.0,Diffa,2020,6,33.6,41.6,27.4,0.0
13.4167,12.7833,303.0,Diffa,2020,7,29.3,35.6,24.5,156.0
13.4167,12.7833,303.0,Diffa,2020,8,27.3,32.2,23.5,225.0
13.4167,12.7833,303.0,Diffa,2020,9,28.1,34.7,23.4,66.0
13.4167,12.7833,303.0,Diffa,2020,10,29.3,39.8,22.8,1.0
13.4167,12.7833,303.0,Diffa,2020,11,25.6,34.6,17.8,0.0
13.4167,12.7833,303.0,Diffa,2020,12,23.6,33.6,15.6,0.0
13.4167,12.7833,303.0,Diffa,2021,1,23.2,32.9,15.3,0.0
13.4167,12.7833,303.0,Diffa,2021,2,23.0,32.1,14.9,0.0
13.4167,12.7833,303.0,Diffa,2021,3,28.4,39.6,21.7,0.0
13.4167,12.7833,303.0,Diffa,2021,4,30.5,41.6,22.2,0.0
13.4167,12.7833,303.0,Diffa,2021,5,33.3,43.2,24.8,0.0
13.4167,12.7833,303.0,Diffa,2021,6,32.8,40.1,27.1,13.0
13.4167,12.7833,303.0,Diffa,2021,7,29.0,35.1,24.4,173.0
13.4167,12.7833,303.0,Diffa,2021,8,28.0,33.7,23.9,106.0
13.4167,12.7833,303.0,Diffa,2021,9,28.7,36.2,24.2,67.0
13.4167,12.7833,303.0,Diffa,2021,10,30.0,38.9,21.9,6.0
13.4167,12.7833,303.0,Diffa,2021,11,27.7,37.7,19.5,0.0
13.4167,12.7833,303.0,Diffa,2021,12,22.6,30.8,15.8,0.0
13.4167,12.7833,303.0,Diffa,2022,1,20.4,28.6,13.3,0.0
13.4167,12.7833,303.0,Diffa,2022,2,22.5,31.7,13.3,0.0
13.4167,12.7833,303.0,Diffa,2022,3,28.2,37.5,19.8,0.0
13.4167,12.7833,303.0,Diffa,2022,4,32.7,42.7,25.5,0.0
13.4167,12.7833,303.0,Diffa,2022,5,34.0,42.8,26.5,0.0
13.4167,12.7833,303.0,Diffa,2022,6,32.3,38.3,25.6,36.0
13.4167,12.7833,303.0,Diffa,2022,7,28.7,34.4,24.2,185.0
13.4167,12.7833,303.0,Diffa,2022,8,26.9,31.7,23.1,234.0
13.4167,12.7833,303.0,Diffa,2022,9,27.7,33.5,23.7,55.0
13.4167,12.7833,303.0,Diffa,2022,10,28.8,36.8,22.5,8.0
13.4167,12.7833,303.0,Diffa,2022,11,24.5,31.9,16.4,0.0
13.4167,12.7833,303.0,Diffa,2022,12,22.1,30.4,14.2,0.0
13.4167,12.7833,303.0,Diffa,2023,1,21.7,30.4,13.9,0.0
13.4167,12.7833,303.0,Diffa,2023,2,25.5,32.6,16.3,0.0
13.4167,12.7833,303.0,Diffa,2023,3,32.4,38.3,20.9,0.0
13.4167,12.7833,303.0,Diffa,2023,4,32.9,41.1,25.0,0.0
13.4167,12.7833,303.0,Diffa,2023,5,34.9,42.5,27.1,0.0
13.4167,12.7833,303.0,Diffa,2023,6,30.6,36.6,25.3,70.0
13.4167,12.7833,303.0,Diffa,2023,7,31.7,37.4,26.0,53.0
13.4167,12.7833,303.0,Diffa,2023,8,29.1,34.6,24.5,165.0
13.4167,12.7833,303.0,Diffa,2023,9,30.7,36.7,24.7,57.0
13.4167,12.7833,303.0,Diffa,2023,10,30.8,37.9,23.8,0.0
13.4167,12.7833,303.0,Diffa,2023,11,28.1,36.0,20.8,0.0
13.4167,12.7833,303.0,Diffa,2023,12,22.7,31.3,14.8,0.0
13.4167,12.7833,303.0,Diffa,2024,1,21.5,29.7,12.7,0.0
13.4167,12.7833,303.0,Diffa,2024,2,24.5,31.8,16.9,0.5
13.4167,12.7833,303.0,Diffa,2024,3,31.3,40.3,23.1,0.0
13.4167,12.7833,303.0,Diffa,2024,4,33.7,43.4,24.7,0.0
13.4167,12.7833,303.0,Diffa,2024,5,35.6,44.0,27.6,2.0
13.4167,12.7833,303.0,Diffa,2024,6,34.4,39.6,27.6,111.0
13.4167,12.7833,303.0,Diffa,2024,7,29.0,33.9,24.5,157.0
13.4167,12.7833,303.0,Diffa,2024,8,26.9,31.3,23.0,246.0
13.4167,12.7833,303.0,Diffa,2024,9,29.2,33.7,24.8,96.0
13.4167,12.7833,303.0,Diffa,2024,10,29.5,36.5,22.5,29.0
13.4167,12.7833,303.0,Diffa,2024,11,23.9,31.9,16.3,0.0
13.4167,12.7833,303.0,Diffa,2024,12,21.1,29.2,13.0,0.0
13.4167,12.7833,303.0,Diffa,2025,1,24.6,31.2,13.6,0.0
13.4167,12.7833,303.0,Diffa,2025,2,24.5,33.4,16.5,0.0
13.4167,12.7833,303.0,Diffa,2025,3,29.2,39.3,19.9,0.0
13.4167,12.7833,303.0,Diffa,2025,4,32.0,40.7,22.9,0.0
13.4167,12.7833,303.0,Diffa,2025,5,33.4,41.9,25.7,0.0
13.4167,12.7833,303.0,Diffa,2025,6,32.9,39.7,26.3,89.0
13.4167,12.7833,303.0,Diffa,2025,7,30.0,34.5,24.2,58.7
13.7833,8.9833,452.0,Zinder,1994,1,21.8,,,0.0
13.7833,8.9833,452.0,Zinder,1994,2,23.7,31.5,,0.0
13.7833,8.9833,452.0,Zinder,1994,3,30.9,,,0.0
13.7833,8.9833,452.0,Zinder,1994,4,33.0,,,0.0
13.7833,8.9833,452.0,Zinder,1994,5,33.8,40.7,,0.0
13.7833,8.9833,452.0,Zinder,1994,6,32.2,,,55.0
13.7833,8.9833,452.0,Zinder,1994,7,28.6,,,135.0
13.7833,8.9833,452.0,Zinder,1994,8,26.6,,,174.0
13.7833,8.9833,452.0,Zinder,1994,9,27.7,,,172.0
13.7833,8.9833,452.0,Zinder,1994,10,29.9,36.6,,22.0
13.7833,8.9833,452.0,Zinder,1994,11,25.4,,,0.0
13.7833,8.9833,452.0,Zinder,1994,12,20.7,,,0.0
13.7833,8.9833,452.0,Zinder,1995,1,20.3,,,0.0
13.7833,8.9833,452.0,Zinder,1995,2,22.9,30.5,,0.0
13.7833,8.9833,452.0,Zinder,1995,3,30.4,,,0.0
13.7833,8.9833,452.0,Zinder,1995,4,33.0,39.9,25.8,0.0
13.7833,8.9833,452.0,Zinder,1995,5,33.6,41.0,,17.0
13.7833,8.9833,452.0,Zinder,1995,6,32.3,39.2,,43.0
13.7833,8.9833,452.0,Zinder,1995,7,29.6,,,114.0
13.7833,8.9833,452.0,Zinder,1995,8,28.1,34.0,,80.0
13.7833,8.9833,452.0,Zinder,1995,9,29.0,35.7,,66.0
13.7833,8.9833,452.0,Zinder,1995,10,30.7,37.9,,0.0
13.7833,8.9833,452.0,Zinder,1995,11,25.6,32.9,,0.0
13.7833,8.9833,452.0,Zinder,1995,12,24.6,,,0.0
13.7833,8.9833,452.0,Zinder,1996,1,23.8,32.4,,0.0
13.7833,8.9833,452.0,Zinder,1996,2,26.3,34.7,18.2,0.0
13.7833,8.9833,452.0,Zinder,1996,3,30.8,38.1,,0.0
13.7833,8.9833,452.0,Zinder,1996,4,32.5,39.8,,0.0
13.7833,8.9833,452.0,Zinder,1996,5,33.9,,,7.0
13.7833,8.9833,452.0,Zinder,1996,6,31.1,38.5,,40.0
13.7833,8.9833,452.0,Zinder,1996,7,29.9,,,71.0
13.7833,8.9833,452.0,Zinder,1996,8,27.1,33.8,,102.0
13.7833,8.9833,452.0,Zinder,1996,9,28.1,,,61.0
13.7833,8.9833,452.0,Zinder,1996,10,30.0,37.3,,0.0
13.7833,8.9833,452.0,Zinder,1996,11,24.6,31.6,,0.0
13.7833,8.9833,452.0,Zinder,1996,12,23.4,,,0.0
13.7833,8.9833,452.0,Zinder,1997,1,23.5,,,0.0
13.7833,8.9833,452.0,Zinder,1997,2,22.1,28.7,,0.0
13.7833,8.9833,452.0,Zinder,1997,3,28.9,,,0.0
13.7833,8.9833,452.0,Zinder,1997,4,32.0,,,0.0
13.7833,8.9833,452.0,Zinder,1997,5,32.4,,,25.0
13.7833,8.9833,452.0,Zinder,1997,6,32.5,,,4.0
13.7833,8.9833,452.0,Zinder,1997,7,30.1,,,117.0
13.7833,8.9833,452.0,Zinder,1997,8,28.6,34.3,23.8,84.0
13.7833,8.9833,452.0,Zinder,1997,9,30.1,36.9,24.8,31.0
13.7833,8.9833,452.0,Zinder,1997,10,31.5,38.6,26.0,14.0
13.7833,8.9833,452.0,Zinder,1997,11,28.4,36.0,21.0,0.0
13.7833,8.9833,452.0,Zinder,1997,12,22.7,30.1,15.7,0.0
13.7833,8.9833,452.0,Zinder,1998,1,22.8,29.3,14.3,0.0
13.7833,8.9833,452.0,Zinder,1998,2,26.2,33.3,19.2,0.0
13.7833,8.9833,452.0,Zinder,1998,3,26.4,37.5,17.6,0.0
13.7833,8.9833,452.0,Zinder,1998,4,33.8,,,
13.7833,8.9833,452.0,Zinder,1998,5,35.1,42.1,29.0,20.0
13.7833,8.9833,452.0,Zinder,1998,6,32.5,39.1,27.1,19.0
13.7833,8.9833,452.0,Zinder,1998,7,29.6,,,190.0
13.7833,8.9833,452.0,Zinder,1998,8,29.1,34.4,24.6,189.0
13.7833,8.9833,452.0,Zinder,1998,9,28.1,34.2,22.3,86.0
13.7833,8.9833,452.0,Zinder,1998,10,30.6,37.5,24.4,1.0
13.7833,8.9833,452.0,Zinder,1998,11,27.7,35.2,20.9,0.0
13.7833,8.9833,452.0,Zinder,1998,12,23.1,30.5,16.2,0.0
13.7833,8.9833,452.0,Zinder,1999,1,22.5,30.4,15.4,0.0
13.7833,8.9833,452.0,Zinder,1999,2,26.0,,,0.0
13.7833,8.9833,452.0,Zinder,1999,3,30.9,39.4,22.5,0.0
13.7833,8.9833,452.0,Zinder,1999,4,32.7,40.2,25.2,0.0
13.7833,8.9833,452.0,Zinder,1999,5,33.1,40.5,26.3,0.0
13.7833,8.9833,452.0,Zinder,1999,6,32.9,40.3,26.8,15.0
13.7833,8.9833,452.0,Zinder,1999,7,28.5,34.6,,89.0
13.7833,8.9833,452.0,Zinder,1999,8,,,,198.0
13.7833,8.9833,452.0,Zinder,1999,9,27.8,34.2,23.0,128.0
13.7833,8.9833,452.0,Zinder,1999,10,29.8,36.1,22.7,3.0
13.7833,8.9833,452.0,Zinder,1999,11,27.3,34.6,20.7,0.0
13.7833,8.9833,452.0,Zinder,1999,12,22.1,29.8,15.3,0.0
13.7833,8.9833,452.0,Zinder,2000,1,,,,0.0
13.7833,8.9833,452.0,Zinder,2000,2,21.3,28.2,15.2,0.0
13.7833,8.9833,452.0,Zinder,2000,3,27.2,35.4,21.0,0.0
13.7833,8.9833,452.0,Zinder,2000,4,33.3,,,0.0
13.7833,8.9833,452.0,Zinder,2000,6,31.9,,,28.0
13.7833,8.9833,452.0,Zinder,2000,7,28.5,34.3,23.9,109.0
13.7833,8.9833,452.0,Zinder,2000,8,28.0,33.4,23.3,132.0
13.7833,8.9833,452.0,Zinder,2000,9,29.4,36.0,24.3,10.0
13.7833,8.9833,452.0,Zinder,2000,10,29.0,36.8,20.2,2.0
13.7833,8.9833,452.0,Zinder,2000,11,26.4,,,0.0
13.7833,8.9833,452.0,Zinder,2000,12,21.9,29.6,14.5,0.0
13.7833,8.9833,452.0,Zinder,2001,1,21.2,29.2,13.7,0.0
13.7833,8.9833,452.0,Zinder,2001,2,22.9,30.4,16.1,0.0
13.7833,8.9833,452.0,Zinder,2001,3,28.8,37.2,20.6,0.0
13.7833,8.9833,452.0,Zinder,2001,4,32.7,39.7,26.3,3.0
13.7833,8.9833,452.0,Zinder,2001,5,33.4,,,27.0
13.7833,8.9833,452.0,Zinder,2001,6,31.2,38.0,25.8,34.0
13.7833,8.9833,452.0,Zinder,2001,7,28.3,,,180.0
13.7833,8.9833,452.0,Zinder,2001,8,27.0,32.4,22.6,166.0
13.7833,8.9833,452.0,Zinder,2001,9,28.8,35.5,23.9,47.0
13.7833,8.9833,452.0,Zinder,2001,10,29.8,38.7,23.4,0.0
13.7833,8.9833,452.0,Zinder,2001,11,26.4,32.2,18.4,0.0
13.7833,8.9833,452.0,Zinder,2001,12,23.8,29.9,16.0,0.0
13.7833,8.9833,452.0,Zinder,2002,1,20.1,26.6,,0.0
13.7833,8.9833,452.0,Zinder,2002,2,23.8,31.7,16.1,0.0
13.7833,8.9833,452.0,Zinder,2002,3,29.9,37.5,,0.0
13.7833,8.9833,452.0,Zinder,2002,4,33.8,41.1,26.4,0.0
13.7833,8.9833,452.0,Zinder,2002,5,33.5,42.1,26.6,0.0
13.7833,8.9833,452.0,Zinder,2002,6,32.5,,,16.0
13.7833,8.9833,452.0,Zinder,2002,7,29.6,36.8,23.8,118.0
13.7833,8.9833,452.0,Zinder,2002,8,27.9,,,118.0
13.7833,8.9833,452.0,Zinder,2002,9,28.7,35.2,22.6,84.0
13.7833,8.9833,452.0,Zinder,2002,10,28.9,,,24.0
13.7833,8.9833,452.0,Zinder,2002,11,26.6,,,0.0
13.7833,8.9833,452.0,Zinder,2002,12,23.3,31.1,15.5,0.0
13.7833,8.9833,452.0,Zinder,2003,1,22.7,,,0.0
13.7833,8.9833,452.0,Zinder,2003,2,26.5,,,0.0
13.7833,8.9833,452.0,Zinder,2003,3,28.1,35.3,21.0,0.0
13.7833,8.9833,452.0,Zinder,2003,4,33.0,41.6,25.8,8.0
13.7833,8.9833,452.0,Zinder,2003,5,33.7,40.6,24.1,71.0
13.7833,8.9833,452.0,Zinder,2003,6,30.8,37.0,25.3,71.0
13.7833,8.9833,452.0,Zinder,2003,8,27.2,32.0,22.7,190.0
13.7833,8.9833,452.0,Zinder,2003,9,28.8,35.4,23.6,60.0
13.7833,8.9833,452.0,Zinder,2003,10,30.4,36.8,23.6,6.0
13.7833,8.9833,452.0,Zinder,2003,11,27.4,35.1,20.0,0.0
13.7833,8.9833,452.0,Zinder,2003,12,22.3,,,0.0
13.7833,8.9833,452.0,Zinder,2004,1,22.8,33.4,15.3,0.0
13.7833,8.9833,452.0,Zinder,2004,2,24.2,31.6,16.7,0.0
13.7833,8.9833,452.0,Zinder,2004,3,27.6,34.8,20.7,0.0
13.7833,8.9833,452.0,Zinder,2004,4,33.5,40.9,25.7,0.0
13.7833,8.9833,452.0,Zinder,2004,5,33.3,40.5,26.7,19.0
13.7833,8.9833,452.0,Zinder,2004,6,31.5,38.6,,28.0
13.7833,8.9833,452.0,Zinder,2004,7,28.2,34.4,22.7,111.0
13.7833,8.9833,452.0,Zinder,2004,8,28.1,,,169.0
13.7833,8.9833,452.0,Zinder,2004,9,30.1,37.2,24.3,25.0
13.7833,8.9833,452.0,Zinder,2004,10,30.8,38.3,23.8,0.5
13.7833,8.9833,452.0,Zinder,2004,11,27.3,35.1,19.4,0.0
13.7833,8.9833,452.0,Zinder,2004,12,24.0,,,0.0
13.7833,8.9833,452.0,Zinder,2005,1,21.1,,,0.0
13.7833,8.9833,452.0,Zinder,2005,2,29.0,,,0.0
13.7833,8.9833,452.0,Zinder,2005,3,31.5,,,0.0
13.7833,8.9833,452.0,Zinder,2005,4,33.6,40.8,,0.5
13.7833,8.9833,452.0,Zinder,2005,5,33.0,39.7,,54.0
13.7833,8.9833,452.0,Zinder,2005,6,30.6,,,153.0
13.7833,8.9833,452.0,Zinder,2005,7,28.3,,,125.0
13.7833,8.9833,452.0,Zinder,2005,8,27.4,33.0,,144.0
13.7833,8.9833,452.0,Zinder,2005,9,28.7,36.1,,83.0
13.7833,8.9833,452.0,Zinder,2005,10,29.1,37.3,21.7,3.0
13.7833,8.9833,452.0,Zinder,2005,11,27.1,,,0.0
13.7833,8.9833,452.0,Zinder,2005,12,24.4,,,0.0
13.7833,8.9833,452.0,Zinder,2006,1,25.1,,,0.0
13.7833,8.9833,452.0,Zinder,2006,3,29.5,37.5,,0.0
13.7833,8.9833,452.0,Zinder,2006,4,32.1,39.8,24.3,0.0
13.7833,8.9833,452.0,Zinder,2006,5,33.5,,,4.0
13.7833,8.9833,452.0,Zinder,2006,6,32.9,39.8,,12.0
13.7833,8.9833,452.0,Zinder,2006,7,30.1,36.9,24.8,96.0
13.7833,8.9833,452.0,Zinder,2006,8,27.7,,,221.0
13.7833,8.9833,452.0,Zinder,2006,9,28.2,34.5,23.5,73.0
13.7833,8.9833,452.0,Zinder,2006,10,29.6,,,2.0
13.7833,8.9833,452.0,Zinder,2006,11,25.1,32.0,18.7,0.0
13.7833,8.9833,452.0,Zinder,2006,12,21.1,28.7,14.0,0.0
13.7833,8.9833,452.0,Zinder,2007,1,20.6,27.7,13.9,0.0
13.7833,8.9833,452.0,Zinder,2007,2,25.5,35.5,17.6,0.0
13.7833,8.9833,452.0,Zinder,2007,3,28.7,,,0.0
13.7833,8.9833,452.0,Zinder,2007,4,33.3,41.2,,0.0
13.7833,8.9833,452.0,Zinder,2007,5,34.1,40.7,28.1,7.0
13.7833,8.9833,452.0,Zinder,2007,6,31.5,,,22.0
13.7833,8.9833,452.0,Zinder,2007,7,29.0,34.8,24.0,119.0
13.7833,8.9833,452.0,Zinder,2007,8,27.0,,,209.0
13.7833,8.9833,452.0,Zinder,2007,9,29.0,,,49.0
13.7833,8.9833,452.0,Zinder,2007,10,29.6,,,0.0
13.7833,8.9833,452.0,Zinder,2007,11,27.7,,,0.0
13.7833,8.9833,452.0,Zinder,2007,12,23.5,31.0,16.6,0.0
13.7833,8.9833,452.0,Zinder,2008,1,19.5,25.7,13.5,0.0
13.7833,8.9833,452.0,Zinder,2008,2,22.2,,,0.0
13.7833,8.9833,452.0,Zinder,2008,3,29.9,38.1,21.5,0.0
13.7833,8.9833,452.0,Zinder,2008,4,32.2,,,0.0
13.7833,8.9833,452.0,Zinder,2008,5,33.3,40.5,26.7,20.0
13.7833,8.9833,452.0,Zinder,2008,6,32.2,,,19.0
13.7833,8.9833,452.0,Zinder,2008,7,28.5,33.9,23.2,207.0
13.7833,8.9833,452.0,Zinder,2008,8,28.0,33.5,,163.0
13.7833,8.9833,452.0,Zinder,2008,9,29.2,35.7,24.0,59.0
13.7833,8.9833,452.0,Zinder,2008,10,30.2,37.3,23.2,0.5
13.7833,8.9833,452.0,Zinder,2008,11,26.9,34.5,18.6,0.0
13.7833,8.9833,452.0,Zinder,2008,12,24.5,31.8,17.2,0.0
13.7833,8.9833,452.0,Zinder,2009,1,24.3,,,0.0
13.7833,8.9833,452.0,Zinder,2009,2,27.6,35.3,19.7,0.0
13.7833,8.9833,452.0,Zinder,2009,3,29.8,37.4,22.2,0.0
13.7833,8.9833,452.0,Zinder,2009,4,33.8,41.5,25.5,0.0
13.7833,8.9833,452.0,Zinder,2009,5,32.8,40.0,24.8,25.0
13.7833,8.9833,452.0,Zinder,2009,6,32.4,39.1,25.8,74.0
13.7833,8.9833,452.0,Zinder,2009,7,29.8,36.4,24.1,58.0
13.7833,8.9833,452.0,Zinder,2009,8,28.7,34.8,23.9,136.0
13.7833,8.9833,452.0,Zinder,2009,9,30.1,36.9,24.3,33.0
13.7833,8.9833,452.0,Zinder,2009,10,31.0,38.4,,2.0
13.7833,8.9833,452.0,Zinder,2009,11,26.6,33.8,19.4,0.0
13.7833,8.9833,452.0,Zinder,2009,12,24.3,32.1,16.4,0.0
13.7833,8.9833,452.0,Zinder,2010,1,24.2,32.3,,0.0
13.7833,8.9833,452.0,Zinder,2010,2,28.4,36.7,20.1,0.0
13.7833,8.9833,452.0,Zinder,2010,3,30.4,37.6,25.2,0.0
13.7833,8.9833,452.0,Zinder,2010,4,34.5,41.8,,0.0
13.7833,8.9833,452.0,Zinder,2010,5,35.1,42.0,28.7,9.0
13.7833,8.9833,452.0,Zinder,2010,6,31.7,38.4,,65.0
13.7833,8.9833,452.0,Zinder,2010,7,28.9,,,134.0
13.7833,8.9833,452.0,Zinder,2010,8,27.9,33.2,23.7,184.0
13.7833,8.9833,452.0,Zinder,2010,9,28.9,35.0,23.7,96.0
13.7833,8.9833,452.0,Zinder,2010,10,30.4,37.6,24.9,6.0
13.7833,8.9833,452.0,Zinder,2010,11,28.8,36.6,20.8,0.0
13.7833,8.9833,452.0,Zinder,2010,12,23.2,31.2,15.8,0.0
13.7833,8.9833,452.0,Zinder,2011,1,22.0,29.3,14.8,0.0
13.7833,8.9833,452.0,Zinder,2011,2,27.9,35.6,21.3,0.0
13.7833,8.9833,452.0,Zinder,2011,3,31.2,,,0.0
13.7833,8.9833,452.0,Zinder,2011,4,32.5,40.1,25.4,0.0
13.7833,8.9833,452.0,Zinder,2011,5,33.8,41.2,,1.0
13.7833,8.9833,452.0,Zinder,2011,6,31.6,38.6,25.4,80.0
13.7833,8.9833,452.0,Zinder,2011,7,30.2,36.5,24.7,68.0
13.7833,8.9833,452.0,Zinder,2011,8,27.9,33.3,23.4,186.0
13.7833,8.9833,452.0,Zinder,2011,9,29.3,36.0,24.1,29.0
13.7833,8.9833,452.0,Zinder,2011,10,30.5,37.6,24.1,32.0
13.7833,8.9833,452.0,Zinder,2011,11,26.3,34.4,18.6,0.0
13.7833,8.9833,452.0,Zinder,2011,12,22.1,29.5,15.5,0.0
13.7833,8.9833,452.0,Zinder,2012,1,21.7,29.4,14.5,0.0
13.7833,8.9833,452.0,Zinder,2012,2,27.3,35.2,20.2,0.0
13.7833,8.9833,452.0,Zinder,2012,3,28.3,35.9,21.2,0.0
13.7833,8.9833,452.0,Zinder,2012,4,34.0,42.0,26.5,0.0
13.7833,8.9833,452.0,Zinder,2012,5,33.2,40.2,26.7,61.0
13.7833,8.9833,452.0,Zinder,2012,6,31.0,37.9,25.5,55.0
13.7833,8.9833,452.0,Zinder,2012,7,28.3,34.1,23.7,188.0
13.7833,8.9833,452.0,Zinder,2012,8,26.9,32.2,22.6,260.0
13.7833,8.9833,452.0,Zinder,2012,9,28.5,35.2,23.2,67.0
13.7833,8.9833,452.0,Zinder,2012,10,30.5,38.5,23.2,0.0
13.7833,8.9833,452.0,Zinder,2012,11,27.7,36.2,19.8,0.0
13.7833,8.9833,452.0,Zinder,2012,12,23.3,31.6,15.5,0.0
13.7833,8.9833,452.0,Zinder,2013,1,23.2,31.0,16.4,0.0
13.7833,8.9833,452.0,Zinder,2013,2,26.3,34.7,19.1,0.0
13.7833,8.9833,452.0,Zinder,2013,3,32.0,40.5,22.8,0.0
13.7833,8.9833,452.0,Zinder,2013,4,32.1,39.7,24.8,9.0
13.7833,8.9833,452.0,Zinder,2013,5,34.5,41.6,27.4,1.0
13.7833,8.9833,452.0,Zinder,2013,6,32.3,39.0,26.4,54.0
13.7833,8.9833,452.0,Zinder,2013,7,29.8,35.9,24.6,72.0
13.7833,8.9833,452.0,Zinder,2013,8,26.9,32.1,22.7,256.0
13.7833,8.9833,452.0,Zinder,2013,9,29.4,35.9,24.1,49.0
13.7833,8.9833,452.0,Zinder,2013,10,29.8,37.3,23.2,7.0
13.7833,8.9833,452.0,Zinder,2013,11,27.5,35.7,19.2,0.0
13.7833,8.9833,452.0,Zinder,2013,12,24.1,31.6,17.2,0.0
13.7833,8.9833,452.0,Zinder,2014,1,23.4,31.3,15.7,0.0
13.7833,8.9833,452.0,Zinder,2014,2,25.3,32.5,23.3,0.0
13.7833,8.9833,452.0,Zinder,2014,3,30.0,40.6,22.0,0.0
13.7833,8.9833,452.0,Zinder,2014,4,33.6,41.2,26.3,7.0
13.7833,8.9833,452.0,Zinder,2014,5,33.9,40.4,27.3,2.0
13.7833,8.9833,452.0,Zinder,2014,6,33.0,37.8,26.9,43.0
13.7833,8.9833,452.0,Zinder,2014,7,29.9,35.6,24.8,195.0
13.7833,8.9833,452.0,Zinder,2014,8,27.6,33.1,23.0,178.0
13.7833,8.9833,452.0,Zinder,2014,9,29.1,35.9,23.9,37.0
13.7833,8.9833,452.0,Zinder,2014,10,30.2,37.9,22.8,20.0
13.7833,8.9833,452.0,Zinder,2014,11,27.8,35.6,19.4,0.0
13.7833,8.9833,452.0,Zinder,2014,12,22.8,30.8,15.5,0.0
13.7833,8.9833,452.0,Zinder,2015,1,20.9,28.4,13.9,0.0
13.7833,8.9833,452.0,Zinder,2015,2,27.2,35.4,18.9,0.0
13.7833,8.9833,452.0,Zinder,2015,3,29.7,36.9,23.1,0.0
13.7833,8.9833,452.0,Zinder,2015,4,31.2,37.9,23.9,0.0
13.7833,8.9833,452.0,Zinder,2015,5,34.8,42.2,27.5,0.0
13.7833,8.9833,452.0,Zinder,2015,6,33.4,39.4,27.3,39.0
13.7833,8.9833,452.0,Zinder,2015,7,29.7,35.2,23.9,94.0
13.7833,8.9833,452.0,Zinder,2015,8,28.0,33.3,23.3,178.0
13.7833,8.9833,452.0,Zinder,2015,9,28.7,34.3,24.0,117.0
13.7833,8.9833,452.0,Zinder,2015,10,30.5,38.9,23.1,27.0
13.7833,8.9833,452.0,Zinder,2015,11,26.6,33.5,20.8,0.0
13.7833,8.9833,452.0,Zinder,2015,12,20.3,26.6,14.1,0.0
13.7833,8.9833,452.0,Zinder,2016,1,21.6,29.0,14.3,0.0
13.7833,8.9833,452.0,Zinder,2016,2,25.1,33.0,16.7,0.0
13.7833,8.9833,452.0,Zinder,2016,3,32.2,39.3,24.8,0.5
13.7833,8.9833,452.0,Zinder,2016,4,34.4,41.9,26.9,0.5
13.7833,8.9833,452.0,Zinder,2016,5,34.3,41.6,26.5,3.0
13.7833,8.9833,452.0,Zinder,2016,6,32.2,38.2,25.3,31.0
13.7833,8.9833,452.0,Zinder,2016,7,29.3,34.9,24.2,91.0
13.7833,8.9833,452.0,Zinder,2016,8,28.0,33.4,23.6,131.0
13.7833,8.9833,452.0,Zinder,2016,9,30.0,36.6,24.8,14.0
13.7833,8.9833,452.0,Zinder,2016,10,31.1,38.2,24.5,0.0
13.7833,8.9833,452.0,Zinder,2016,11,28.7,36.0,22.0,0.0
13.7833,8.9833,452.0,Zinder,2016,12,24.5,31.3,18.5,0.0
13.7833,8.9833,452.0,Zinder,2017,1,23.4,30.8,16.8,0.0
13.7833,8.9833,452.0,Zinder,2017,2,24.6,31.6,17.8,0.0
13.7833,8.9833,452.0,Zinder,2017,3,29.9,37.8,21.7,0.0
13.7833,8.9833,452.0,Zinder,2017,4,33.4,40.3,26.5,0.0
13.7833,8.9833,452.0,Zinder,2017,5,34.4,41.0,28.2,5.0
13.7833,8.9833,452.0,Zinder,2017,6,31.7,37.0,26.1,77.0
13.7833,8.9833,452.0,Zinder,2017,7,28.5,33.8,23.6,132.0
13.7833,8.9833,452.0,Zinder,2017,8,27.7,32.7,23.7,249.0
13.7833,8.9833,452.0,Zinder,2017,9,29.3,35.8,23.9,22.0
13.7833,8.9833,452.0,Zinder,2017,10,29.7,37.3,22.4,0.0
13.7833,8.9833,452.0,Zinder,2017,11,26.4,34.3,18.6,0.0
13.7833,8.9833,452.0,Zinder,2017,12,23.1,29.9,16.8,0.0
13.7833,8.9833,452.0,Zinder,2018,1,20.9,27.9,13.9,0.0
13.7833,8.9833,452.0,Zinder,2018,2,27.2,35.0,19.1,0.0
13.7833,8.9833,452.0,Zinder,2018,3,30.3,38.5,21.5,0.0
13.7833,8.9833,452.0,Zinder,2018,4,33.5,41.0,26.0,0.0
13.7833,8.9833,452.0,Zinder,2018,5,34.0,41.1,27.3,19.0
13.7833,8.9833,452.0,Zinder,2018,6,32.1,38.5,26.4,47.0
13.7833,8.9833,452.0,Zinder,2018,7,29.2,35.0,24.2,245.0
13.7833,8.9833,452.0,Zinder,2018,8,27.4,32.7,22.8,215.0
13.7833,8.9833,452.0,Zinder,2018,9,28.7,34.8,23.8,160.0
13.7833,8.9833,452.0,Zinder,2018,10,31.1,38.6,23.8,13.0
13.7833,8.9833,452.0,Zinder,2018,11,26.9,35.0,18.8,0.0
13.7833,8.9833,452.0,Zinder,2018,12,21.9,28.7,15.8,0.0
13.7833,8.9833,452.0,Zinder,2019,1,22.4,30.3,15.4,0.0
13.7833,8.9833,452.0,Zinder,2019,2,24.4,31.3,17.4,0.0
13.7833,8.9833,452.0,Zinder,2019,3,30.5,37.7,23.9,0.0
13.7833,8.9833,452.0,Zinder,2019,4,33.7,41.1,26.4,0.0
13.7833,8.9833,452.0,Zinder,2019,5,34.0,40.9,28.2,34.0
13.7833,8.9833,452.0,Zinder,2019,6,31.8,38.1,26.0,104.0
13.7833,8.9833,452.0,Zinder,2019,7,29.6,35.4,24.8,131.0
13.7833,8.9833,452.0,Zinder,2019,8,27.2,32.3,22.9,222.0
13.7833,8.9833,452.0,Zinder,2019,9,30.2,36.8,24.8,13.0
13.7833,8.9833,452.0,Zinder,2019,10,29.3,36.1,23.7,45.0
13.7833,8.9833,452.0,Zinder,2019,11,28.6,36.8,20.4,0.0
13.7833,8.9833,452.0,Zinder,2019,12,23.0,30.6,15.8,0.0
13.7833,8.9833,452.0,Zinder,2020,1,21.5,28.2,15.3,0.0
13.7833,8.9833,452.0,Zinder,2020,2,23.9,30.8,17.1,1.0
13.7833,8.9833,452.0,Zinder,2020,3,30.5,38.1,23.2,0.0
13.7833,8.9833,452.0,Zinder,2020,4,34.8,42.1,27.2,0.0
13.7833,8.9833,452.0,Zinder,2020,5,34.6,41.6,28.3,3.0
13.7833,8.9833,452.0,Zinder,2020,6,33.2,40.1,27.5,22.0
13.7833,8.9833,452.0,Zinder,2020,7,28.9,35.0,24.2,265.0
13.7833,8.9833,452.0,Zinder,2020,8,27.1,32.0,23.2,179.0
13.7833,8.9833,452.0,Zinder,2020,9,28.3,34.5,23.4,145.0
13.7833,8.9833,452.0,Zinder,2020,10,29.9,37.4,23.2,2.0
13.7833,8.9833,452.0,Zinder,2020,11,27.0,33.6,20.0,0.0
13.7833,8.9833,452.0,Zinder,2020,12,24.8,32.8,16.8,0.0
13.7833,8.9833,452.0,Zinder,2021,1,24.4,32.8,16.0,0.0
13.7833,8.9833,452.0,Zinder,2021,2,24.1,31.9,17.4,0.0
13.7833,8.9833,452.0,Zinder,2021,3,29.8,37.7,23.0,0.0
13.7833,8.9833,452.0,Zinder,2021,4,33.0,41.2,24.9,0.0
13.7833,8.9833,452.0,Zinder,2021,5,34.5,42.5,26.7,2.0
13.7833,8.9833,452.0,Zinder,2021,6,33.7,40.3,27.2,19.0
13.7833,8.9833,452.0,Zinder,2021,7,30.3,34.8,24.4,208.0
13.7833,8.9833,452.0,Zinder,2021,8,27.9,33.8,23.6,143.0
13.7833,8.9833,452.0,Zinder,2021,9,29.7,36.1,23.4,105.0
13.7833,8.9833,452.0,Zinder,2021,10,32.1,38.1,21.9,19.0
13.7833,8.9833,452.0,Zinder,2021,11,28.9,38.2,20.9,0.0
13.7833,8.9833,452.0,Zinder,2021,12,23.2,30.8,16.7,0.0
13.7833,8.9833,452.0,Zinder,2022,1,21.3,28.6,14.9,0.0
13.7833,8.9833,452.0,Zinder,2022,2,23.6,31.7,16.3,0.0
13.7833,8.9833,452.0,Zinder,2022,3,29.3,37.3,22.3,0.0
13.7833,8.9833,452.0,Zinder,2022,4,34.3,42.2,26.3,0.0
13.7833,8.9833,452.0,Zinder,2022,5,34.9,42.2,28.6,0.0
13.7833,8.9833,452.0,Zinder,2022,6,31.9,39.8,26.1,51.0
13.7833,8.9833,452.0,Zinder,2022,7,28.8,34.6,24.3,185.0
13.7833,8.9833,452.0,Zinder,2022,8,26.9,32.7,22.7,279.0
13.7833,8.9833,452.0,Zinder,2022,9,29.2,34.2,23.5,140.0
13.7833,8.9833,452.0,Zinder,2022,10,29.0,36.4,22.8,28.0
13.7833,8.9833,452.0,Zinder,2022,11,25.7,33.7,18.9,0.0
13.7833,8.9833,452.0,Zinder,2022,12,23.4,31.0,17.0,0.0
13.7833,8.9833,452.0,Zinder,2023,1,22.9,31.1,15.8,0.0
13.7833,8.9833,452.0,Zinder,2023,2,26.7,33.5,18.1,0.0
13.7833,8.9833,452.0,Zinder,2023,3,32.4,38.4,23.1,0.0
13.7833,8.9833,452.0,Zinder,2023,4,33.3,41.2,25.9,0.0
13.7833,8.9833,452.0,Zinder,2023,5,34.8,42.2,27.9,4.0
13.7833,8.9833,452.0,Zinder,2023,6,31.3,38.2,25.7,93.0
13.7833,8.9833,452.0,Zinder,2023,7,29.9,36.7,24.3,255.0
13.7833,8.9833,452.0,Zinder,2023,8,28.6,34.5,24.2,93.0
13.7833,8.9833,452.0,Zinder,2023,9,29.6,37.2,23.7,106.0
13.7833,8.9833,452.0,Zinder,2023,10,30.6,37.9,23.3,0.0
13.7833,8.9833,452.0,Zinder,2023,11,28.5,36.5,21.5,5.0
13.7833,8.9833,452.0,Zinder,2023,12,23.1,31.0,16.0,0.0
13.7833,8.9833,452.0,Zinder,2024,1,22.6,30.5,15.4,0.0
13.7833,8.9833,452.0,Zinder,2024,2,24.9,32.6,17.8,0.5
13.7833,8.9833,452.0,Zinder,2024,3,32.5,39.8,24.0,0.0
13.7833,8.9833,452.0,Zinder,2024,4,35.1,42.9,27.6,0.0
13.7833,8.9833,452.0,Zinder,2024,5,35.2,42.7,28.7,107.0
13.7833,8.9833,452.0,Zinder,2024,6,32.5,37.9,26.6,62.0
13.7833,8.9833,452.0,Zinder,2024,7,28.2,33.9,23.8,211.0
13.7833,8.9833,452.0,Zinder,2024,8,26.0,30.7,23.1,419.0
13.7833,8.9833,452.0,Zinder,2024,9,27.6,34.2,23.6,235.0
13.7833,8.9833,452.0,Zinder,2024,10,28.7,36.7,22.1,7.0
13.7833,8.9833,452.0,Zinder,2024,11,24.4,32.3,17.8,0.0
13.7833,8.9833,452.0,Zinder,2024,12,21.8,29.5,14.1,0.0
13.7833,8.9833,452.0,Zinder,2025,1,23.5,31.1,15.7,0.0
13.7833,8.9833,452.0,Zinder,2025,2,25.6,33.7,18.3,0.0
13.7833,8.9833,452.0,Zinder,2025,3,31.0,39.9,22.2,0.0
13.7833,8.9833,452.0,Zinder,2025,4,32.5,41.0,23.7,0.0
13.7833,8.9833,452.0,Zinder,2025,5,33.9,41.8,26.7,3.0
13.7833,8.9833,452.0,Zinder,2025,6,32.3,38.8,26.7,41.0
13.7833,8.9833,452.0,Zinder,2025,7,28.4,33.4,23.5,237.6
12.9833,8.9333,402.0,Magaria,1994,1,20.4,,,0.0
12.9833,8.9333,402.0,Magaria,1994,2,22.2,,,0.0
12.9833,8.9333,402.0,Magaria,1994,3,28.4,,,0.0
12.9833,8.9333,402.0,Magaria,1994,4,31.9,,,2.0
12.9833,8.9333,402.0,Magaria,1994,5,32.4,,,5.0
12.9833,8.9333,402.0,Magaria,1994,6,30.8,,,42.0
12.9833,8.9333,402.0,Magaria,1994,7,27.8,,,185.0
12.9833,8.9333,402.0,Magaria,1994,8,25.9,,,261.0
12.9833,8.9333,402.0,Magaria,1994,9,27.0,33.8,,145.0
12.9833,8.9333,402.0,Magaria,1994,10,28.3,,,12.0
12.9833,8.9333,402.0,Magaria,1994,11,22.7,,,0.0
12.9833,8.9333,402.0,Magaria,1994,12,19.0,,,0.0
12.9833,8.9333,402.0,Magaria,1995,1,18.0,,,0.0
12.9833,8.9333,402.0,Magaria,1995,2,21.1,31.2,11.0,0.0
12.9833,8.9333,402.0,Magaria,1995,3,28.5,,,0.0
12.9833,8.9333,402.0,Magaria,1995,4,31.6,,,0.0
12.9833,8.9333,402.0,Magaria,1995,5,32.2,40.5,,5.0
12.9833,8.9333,402.0,Magaria,1995,6,30.9,,,63.0
12.9833,8.9333,402.0,Magaria,1995,9,27.9,,,132.0
12.9833,8.9333,402.0,Magaria,1995,10,28.2,37.6,,0.0
12.9833,8.9333,402.0,Magaria,1995,11,22.9,,,0.0
12.9833,8.9333,402.0,Magaria,1995,12,21.6,,,0.0
12.9833,8.9333,402.0,Magaria,1996,1,21.1,32.7,,0.0
12.9833,8.9333,402.0,Magaria,1996,2,24.1,35.3,,0.0
12.9833,8.9333,402.0,Magaria,1996,3,29.2,38.7,,0.0
12.9833,8.9333,402.0,Magaria,1996,4,30.9,40.3,,0.0
12.9833,8.9333,402.0,Magaria,1996,5,32.8,,,28.0
12.9833,8.9333,402.0,Magaria,1996,6,30.2,36.6,,72.0
12.9833,8.9333,402.0,Magaria,1996,7,28.9,,,193.0
12.9833,8.9333,402.0,Magaria,1996,8,26.9,,,118.0
12.9833,8.9333,402.0,Magaria,1996,9,27.7,,,103.0
12.9833,8.9333,402.0,Magaria,1996,10,27.6,,,0.0
12.9833,8.9333,402.0,Magaria,1996,11,22.0,,,0.0
12.9833,8.9333,402.0,Magaria,1996,12,20.8,,,0.0
12.9833,8.9333,402.0,Magaria,1997,1,21.5,,,0.0
12.9833,8.9333,402.0,Magaria,1997,2,21.1,,,0.0
12.9833,8.9333,402.0,Magaria,1997,3,27.7,,,0.0
12.9833,8.9333,402.0,Magaria,1997,4,31.3,,,6.0
12.9833,8.9333,402.0,Magaria,1997,5,31.6,,,31.0
12.9833,8.9333,402.0,Magaria,1997,8,27.8,33.9,22.5,158.0
12.9833,8.9333,402.0,Magaria,1997,10,29.4,40.5,18.3,15.0
12.9833,8.9333,402.0,Magaria,1997,11,25.2,36.6,14.8,0.0
12.9833,8.9333,402.0,Magaria,1997,12,20.4,31.0,9.8,0.0
12.9833,8.9333,402.0,Magaria,1998,1,21.3,,,
12.9833,8.9333,402.0,Magaria,1998,2,24.6,34.3,14.8,0.0
12.9833,8.9333,402.0,Magaria,1998,3,25.6,34.5,16.3,0.0
12.9833,8.9333,402.0,Magaria,1998,4,32.5,41.6,23.2,5.0
12.9833,8.9333,402.0,Magaria,1998,5,34.2,42.0,26.9,6.0
12.9833,8.9333,402.0,Magaria,1998,6,31.8,,,
12.9833,8.9333,402.0,Magaria,1998,7,28.7,,,
12.9833,8.9333,402.0,Magaria,1998,8,27.2,32.6,22.8,254.0
12.9833,8.9333,402.0,Magaria,1998,9,27.6,33.9,22.4,238.0
12.9833,8.9333,402.0,Magaria,1998,10,28.2,37.4,21.4,9.0
12.9833,8.9333,402.0,Magaria,1999,1,20.6,31.6,10.1,0.0
12.9833,8.9333,402.0,Magaria,1999,2,24.5,35.3,14.6,0.0
12.9833,8.9333,402.0,Magaria,1999,3,29.7,,,
12.9833,8.9333,402.0,Magaria,1999,4,30.8,40.7,21.1,0.0
12.9833,8.9333,402.0,Magaria,1999,7,28.2,33.9,23.3,126.0
12.9833,8.9333,402.0,Magaria,2000,3,26.5,36.2,16.6,0.0
12.9833,8.9333,402.0,Magaria,2000,4,32.1,,,
12.9833,8.9333,402.0,Magaria,2000,6,31.3,38.4,25.4,36.0
12.9833,8.9333,402.0,Magaria,2000,7,28.4,,,
12.9833,8.9333,402.0,Magaria,2000,8,27.3,33.4,21.9,194.0
12.9833,8.9333,402.0,Magaria,2000,9,29.2,,,
12.9833,8.9333,402.0,Magaria,2000,10,27.7,,,
12.9833,8.9333,402.0,Magaria,2000,11,24.2,,,
12.9833,8.9333,402.0,Magaria,2000,12,19.5,30.4,9.4,0.0
12.9833,8.9333,402.0,Magaria,2001,1,18.8,30.1,,0.0
12.9833,8.9333,402.0,Magaria,2001,2,21.8,31.2,11.6,0.0
12.9833,8.9333,402.0,Magaria,2001,3,27.1,38.1,16.0,0.0
12.9833,8.9333,402.0,Magaria,2001,4,31.9,40.4,23.4,3.0
12.9833,8.9333,402.0,Magaria,2001,6,30.2,,,
12.9833,8.9333,402.0,Magaria,2001,7,27.6,,,
12.9833,8.9333,402.0,Magaria,2001,8,27.0,32.8,21.9,252.0
12.9833,8.9333,402.0,Magaria,2001,9,27.6,,,
12.9833,8.9333,402.0,Magaria,2001,10,27.7,37.1,,
12.9833,8.9333,402.0,Magaria,2001,11,23.5,35.4,13.5,0.0
12.9833,8.9333,402.0,Magaria,2001,12,21.4,32.5,,0.0
12.9833,8.9333,402.0,Magaria,2002,1,18.6,,,0.0
12.9833,8.9333,402.0,Magaria,2002,2,22.4,,,0.0
12.9833,8.9333,402.0,Magaria,2002,3,28.3,38.2,18.4,0.0
12.9833,8.9333,402.0,Magaria,2002,4,33.1,41.7,24.4,0.5
12.9833,8.9333,402.0,Magaria,2002,5,32.9,42.3,23.7,11.0
12.9833,8.9333,402.0,Magaria,2002,6,32.8,,,23.0
12.9833,8.9333,402.0,Magaria,2002,7,28.6,,,264.0
12.9833,8.9333,402.0,Magaria,2002,8,27.6,34.3,,137.0
12.9833,8.9333,402.0,Magaria,2002,9,28.0,,,134.0
12.9833,8.9333,402.0,Magaria,2002,10,27.5,,,15.0
12.9833,8.9333,402.0,Magaria,2002,11,24.2,,,0.0
12.9833,8.9333,402.0,Magaria,2002,12,21.1,,,0.0
12.9833,8.9333,402.0,Magaria,2003,1,20.4,,,0.0
12.9833,8.9333,402.0,Magaria,2003,2,24.5,35.3,,0.0
12.9833,8.9333,402.0,Magaria,2003,3,26.7,,,0.0
12.9833,8.9333,402.0,Magaria,2003,4,31.7,40.8,23.3,22.0
12.9833,8.9333,402.0,Magaria,2003,5,30.9,40.8,,21.0
12.9833,8.9333,402.0,Magaria,2003,6,29.7,,,197.0
12.9833,8.9333,402.0,Magaria,2003,7,27.8,,,251.0
12.9833,8.9333,402.0,Magaria,2003,8,26.8,32.8,,261.0
12.9833,8.9333,402.0,Magaria,2003,9,28.2,35.2,22.6,92.0
12.9833,8.9333,402.0,Magaria,2003,10,28.8,,,2.0
12.9833,8.9333,402.0,Magaria,2003,11,24.9,35.8,,0.0
12.9833,8.9333,402.0,Magaria,2003,12,20.2,,,0.0
12.9833,8.9333,402.0,Magaria,2004,1,20.8,31.2,,0.0
12.9833,8.9333,402.0,Magaria,2004,2,22.8,,,0.0
12.9833,8.9333,402.0,Magaria,2004,3,26.6,36.0,,0.0
12.9833,8.9333,402.0,Magaria,2004,4,31.5,41.7,21.7,0.0
12.9833,8.9333,402.0,Magaria,2004,5,32.7,,,62.0
12.9833,8.9333,402.0,Magaria,2004,6,30.6,38.4,,70.0
12.9833,8.9333,402.0,Magaria,2004,7,27.7,,,123.0
12.9833,8.9333,402.0,Magaria,2004,9,28.5,,,63.0
12.9833,8.9333,402.0,Magaria,2004,10,28.6,39.1,,12.0
12.9833,8.9333,402.0,Magaria,2004,11,25.1,,,0.0
12.9833,8.9333,402.0,Magaria,2004,12,21.7,33.5,11.0,0.0
12.9833,8.9333,402.0,Magaria,2005,1,20.3,29.7,11.5,0.0
12.9833,8.9333,402.0,Magaria,2005,2,28.0,38.0,18.5,0.0
12.9833,8.9333,402.0,Magaria,2005,3,30.0,40.4,20.6,0.0
12.9833,8.9333,402.0,Magaria,2005,4,32.0,41.8,22.4,2.0
12.9833,8.9333,402.0,Magaria,2005,5,32.2,40.4,24.3,32.0
12.9833,8.9333,402.0,Magaria,2005,6,30.5,37.3,24.7,159.0
12.9833,8.9333,402.0,Magaria,2005,7,28.0,34.2,23.0,188.0
12.9833,8.9333,402.0,Magaria,2005,8,27.0,32.9,22.4,119.0
12.9833,8.9333,402.0,Magaria,2005,9,,,,95.0
12.9833,8.9333,402.0,Magaria,2005,10,,,,15.0
12.9833,8.9333,402.0,Magaria,2005,11,24.3,35.9,14.1,0.0
12.9833,8.9333,402.0,Magaria,2005,12,22.4,34.0,12.3,0.0
12.9833,8.9333,402.0,Magaria,2006,1,23.2,,,0.0
12.9833,8.9333,402.0,Magaria,2006,2,26.3,36.7,15.9,0.0
12.9833,8.9333,402.0,Magaria,2006,3,28.3,39.1,18.0,0.0
12.9833,8.9333,402.0,Magaria,2006,4,30.2,41.0,19.3,0.0
12.9833,8.9333,402.0,Magaria,2006,5,32.4,40.7,25.1,26.0
12.9833,8.9333,402.0,Magaria,2006,6,31.7,,,34.0
12.9833,8.9333,402.0,Magaria,2006,7,29.7,,,77.0
12.9833,8.9333,402.0,Magaria,2006,8,27.4,,,235.0
12.9833,8.9333,402.0,Magaria,2006,9,27.7,,,143.0
12.9833,8.9333,402.0,Magaria,2006,10,27.8,,,33.0
12.9833,8.9333,402.0,Magaria,2006,11,23.5,,,0.0
12.9833,8.9333,402.0,Magaria,2006,12,19.0,,,0.0
12.9833,8.9333,402.0,Magaria,2007,1,19.5,,,0.0
12.9833,8.9333,402.0,Magaria,2007,2,24.3,35.5,,0.0
12.9833,8.9333,402.0,Magaria,2007,3,27.5,,,0.0
12.9833,8.9333,402.0,Magaria,2007,4,32.4,,,12.0
12.9833,8.9333,402.0,Magaria,2007,5,33.3,41.3,26.5,42.0
12.9833,8.9333,402.0,Magaria,2007,6,,,,64.0
12.9833,8.9333,402.0,Magaria,2007,7,28.2,34.2,23.2,125.0
12.9833,8.9333,402.0,Magaria,2007,8,26.8,32.9,22.9,215.0
12.9833,8.9333,402.0,Magaria,2007,9,28.0,35.9,22.0,53.0
12.9833,8.9333,402.0,Magaria,2007,10,26.9,,,0.0
12.9833,8.9333,402.0,Magaria,2007,11,25.4,37.0,15.7,0.0
12.9833,8.9333,402.0,Magaria,2007,12,21.8,32.6,12.3,0.0
12.9833,8.9333,402.0,Magaria,2008,1,18.8,27.9,10.2,0.0
12.9833,8.9333,402.0,Magaria,2008,2,21.5,,,
12.9833,8.9333,402.0,Magaria,2008,3,28.6,39.7,18.2,0.0
12.9833,8.9333,402.0,Magaria,2008,4,31.3,40.5,22.9,0.5
12.9833,8.9333,402.0,Magaria,2008,5,33.1,41.4,25.9,8.0
12.9833,8.9333,402.0,Magaria,2008,6,31.3,38.9,25.1,44.0
12.9833,8.9333,402.0,Magaria,2008,7,27.7,33.2,22.6,147.0
12.9833,8.9333,402.0,Magaria,2008,8,26.4,32.3,22.1,258.0
12.9833,8.9333,402.0,Magaria,2008,9,28.2,35.1,22.9,51.0
12.9833,8.9333,402.0,Magaria,2008,10,28.4,37.7,19.9,0.0
12.9833,8.9333,402.0,Magaria,2008,11,24.1,35.4,13.7,0.0
12.9833,8.9333,402.0,Magaria,2008,12,22.7,32.8,13.5,3.0
12.9833,8.9333,402.0,Magaria,2009,1,22.5,,,0.0
12.9833,8.9333,402.0,Magaria,2009,2,25.6,36.0,15.0,0.5
12.9833,8.9333,402.0,Magaria,2009,3,28.5,38.1,18.6,0.0
12.9833,8.9333,402.0,Magaria,2009,4,33.2,,,
12.9833,8.9333,402.0,Magaria,2009,5,31.3,39.4,26.0,56.0
12.9833,8.9333,402.0,Magaria,2009,6,31.5,38.9,24.4,36.0
12.9833,8.9333,402.0,Magaria,2009,7,28.4,34.4,22.8,217.0
12.9833,8.9333,402.0,Magaria,2009,8,27.8,33.7,22.7,201.0
12.9833,8.9333,402.0,Magaria,2009,9,29.0,36.2,22.7,63.0
12.9833,8.9333,402.0,Magaria,2009,10,29.5,,,12.0
12.9833,8.9333,402.0,Magaria,2009,11,24.8,34.4,15.0,0.0
12.9833,8.9333,402.0,Magaria,2009,12,21.9,32.8,11.3,0.0
12.9833,8.9333,402.0,Magaria,2010,1,21.7,33.1,9.6,0.0
12.9833,8.9333,402.0,Magaria,2010,2,27.2,,,0.0
12.9833,8.9333,402.0,Magaria,2010,3,29.4,38.2,20.5,0.0
12.9833,8.9333,402.0,Magaria,2010,4,33.2,42.0,,5.0
12.9833,8.9333,402.0,Magaria,2010,5,34.2,41.6,26.6,21.0
12.9833,8.9333,402.0,Magaria,2010,6,30.8,37.2,,57.0
12.9833,8.9333,402.0,Magaria,2010,7,28.2,,,85.0
12.9833,8.9333,402.0,Magaria,2010,8,27.3,32.8,,217.0
12.9833,8.9333,402.0,Magaria,2010,9,27.9,34.7,21.4,128.0
12.9833,8.9333,402.0,Magaria,2010,10,29.2,36.9,21.8,28.0
12.9833,8.9333,402.0,Magaria,2010,11,26.3,37.2,14.7,
12.9833,8.9333,402.0,Magaria,2010,12,21.1,32.0,,
12.9833,8.9333,402.0,Magaria,2011,1,20.2,30.0,10.2,0.0
12.9833,8.9333,402.0,Magaria,2011,2,27.4,36.4,,0.0
12.9833,8.9333,402.0,Magaria,2011,3,29.7,,,0.0
12.9833,8.9333,402.0,Magaria,2011,4,31.5,40.2,21.6,0.0
12.9833,8.9333,402.0,Magaria,2011,5,32.7,41.0,24.4,23.0
12.9833,8.9333,402.0,Magaria,2011,6,31.3,38.2,25.2,81.0
12.9833,8.9333,402.0,Magaria,2011,7,28.9,35.3,23.4,126.0
12.9833,8.9333,402.0,Magaria,2011,8,27.1,32.5,21.7,288.0
12.9833,8.9333,402.0,Magaria,2011,9,28.4,35.5,22.7,120.0
12.9833,8.9333,402.0,Magaria,2011,10,28.8,37.9,20.2,0.5
12.9833,8.9333,402.0,Magaria,2011,11,24.7,35.1,12.3,0.0
12.9833,8.9333,402.0,Magaria,2011,12,20.4,30.2,,0.0
12.9833,8.9333,402.0,Magaria,2012,1,20.8,30.6,10.3,0.0
12.9833,8.9333,402.0,Magaria,2012,2,25.9,35.9,16.0,0.0
12.9833,8.9333,402.0,Magaria,2012,3,27.7,36.5,18.2,0.0
12.9833,8.9333,402.0,Magaria,2012,4,32.8,42.1,23.8,0.0
12.9833,8.9333,402.0,Magaria,2012,5,32.3,39.7,25.5,68.0
12.9833,8.9333,402.0,Magaria,2012,6,29.9,36.2,23.8,235.0
12.9833,8.9333,402.0,Magaria,2012,7,27.7,33.4,22.4,200.0
12.9833,8.9333,402.0,Magaria,2012,8,26.4,32.1,21.7,256.0
12.9833,8.9333,402.0,Magaria,2012,9,27.8,34.8,22.5,78.0
12.9833,8.9333,402.0,Magaria,2012,10,29.4,38.8,,3.0
12.9833,8.9333,402.0,Magaria,2012,11,25.4,37.0,14.5,0.0
12.9833,8.9333,402.0,Magaria,2012,12,21.4,32.0,10.7,0.0
12.9833,8.9333,402.0,Magaria,2013,1,22.2,31.8,13.1,0.0
12.9833,8.9333,402.0,Magaria,2013,2,25.5,35.2,14.8,0.0
12.9833,8.9333,402.0,Magaria,2013,3,30.0,41.1,21.8,0.0
12.9833,8.9333,402.0,Magaria,2013,4,31.2,40.1,22.3,34.0
12.9833,8.9333,402.0,Magaria,2013,5,33.3,41.6,25.7,3.0
12.9833,8.9333,402.0,Magaria,2013,6,31.3,38.2,24.8,98.0
12.9833,8.9333,402.0,Magaria,2013,7,28.6,34.6,23.4,131.0
12.9833,8.9333,402.0,Magaria,2013,8,26.9,32.1,22.2,217.0
12.9833,8.9333,402.0,Magaria,2013,9,28.5,35.8,22.7,90.0
12.9833,8.9333,402.0,Magaria,2013,10,28.0,37.5,19.5,7.0
12.9833,8.9333,402.0,Magaria,2013,11,25.3,36.7,14.4,0.0
12.9833,8.9333,402.0,Magaria,2013,12,22.4,32.4,13.1,0.0
12.9833,8.9333,402.0,Magaria,2014,1,21.4,32.0,11.3,0.0
12.9833,8.9333,402.0,Magaria,2014,2,23.8,32.8,14.1,0.0
12.9833,8.9333,402.0,Magaria,2014,3,28.7,38.9,18.5,0.0
12.9833,8.9333,402.0,Magaria,2014,4,32.7,41.8,24.2,3.0
12.9833,8.9333,402.0,Magaria,2014,5,32.6,39.9,25.9,22.0
12.9833,8.9333,402.0,Magaria,2014,6,32.5,33.6,26.0,9.0
12.9833,8.9333,402.0,Magaria,2014,7,29.7,35.7,24.6,128.0
12.9833,8.9333,402.0,Magaria,2014,8,27.3,32.8,22.6,161.0
12.9833,8.9333,402.0,Magaria,2014,9,28.2,35.1,22.5,118.0
12.9833,8.9333,402.0,Magaria,2014,10,28.1,38.0,19.4,15.0
12.9833,8.9333,402.0,Magaria,2014,11,25.0,36.0,15.1,0.0
12.9833,8.9333,402.0,Magaria,2014,12,21.2,31.5,11.6,0.0
12.9833,8.9333,402.0,Magaria,2015,1,19.7,29.2,10.6,0.0
12.9833,8.9333,402.0,Magaria,2015,2,26.2,36.5,14.9,0.0
12.9833,8.9333,402.0,Magaria,2015,3,29.2,37.7,20.6,0.0
12.9833,8.9333,402.0,Magaria,2015,4,30.5,39.2,21.4,0.0
12.9833,8.9333,402.0,Magaria,2015,5,33.6,42.7,25.0,0.0
12.9833,8.9333,402.0,Magaria,2015,6,32.6,40.0,26.1,33.0
12.9833,8.9333,402.0,Magaria,2015,7,29.0,35.2,23.2,216.0
12.9833,8.9333,402.0,Magaria,2015,8,27.5,33.2,22.5,194.0
12.9833,8.9333,402.0,Magaria,2015,9,,,,77.0
12.9833,8.9333,402.0,Magaria,2015,10,29.5,39.0,21.6,19.0
12.9833,8.9333,402.0,Magaria,2015,11,25.2,35.6,13.8,0.0
12.9833,8.9333,402.0,Magaria,2015,12,19.2,27.6,12.1,0.0
12.9833,8.9333,402.0,Magaria,2016,1,20.3,29.7,11.6,0.0
12.9833,8.9333,402.0,Magaria,2016,2,23.7,33.8,14.3,0.0
12.9833,8.9333,402.0,Magaria,2016,3,31.7,40.3,23.2,0.5
12.9833,8.9333,402.0,Magaria,2016,4,33.6,42.9,24.6,0.0
12.9833,8.9333,402.0,Magaria,2016,5,33.2,41.2,26.1,61.0
12.9833,8.9333,402.0,Magaria,2016,6,30.7,37.1,24.4,156.0
12.9833,8.9333,402.0,Magaria,2016,7,28.4,34.2,23.4,124.0
12.9833,8.9333,402.0,Magaria,2016,8,27.4,33.3,22.4,138.0
12.9833,8.9333,402.0,Magaria,2016,9,28.6,35.4,23.0,101.0
12.9833,8.9333,402.0,Magaria,2016,10,28.9,38.5,20.1,9.0
12.9833,8.9333,402.0,Magaria,2016,11,26.5,36.8,16.8,0.0
12.9833,8.9333,402.0,Magaria,2016,12,22.5,31.9,13.6,0.0
12.9833,8.9333,402.0,Magaria,2017,1,22.1,32.0,12.7,0.0
12.9833,8.9333,402.0,Magaria,2017,2,23.1,32.3,13.8,0.0
12.9833,8.9333,402.0,Magaria,2017,3,28.1,38.9,17.2,0.0
12.9833,8.9333,402.0,Magaria,2017,4,32.6,41.1,24.0,7.0
12.9833,8.9333,402.0,Magaria,2017,5,33.7,41.3,26.6,0.5
12.9833,8.9333,402.0,Magaria,2017,6,31.0,37.3,25.2,139.0
12.9833,8.9333,402.0,Magaria,2017,7,28.2,34.6,23.5,135.0
12.9833,8.9333,402.0,Magaria,2017,8,27.7,33.5,23.1,232.0
12.9833,8.9333,402.0,Magaria,2017,9,28.6,35.9,23.3,57.0
12.9833,8.9333,402.0,Magaria,2017,10,28.0,38.2,19.5,1.0
12.9833,8.9333,402.0,Magaria,2017,11,24.5,35.3,14.7,0.0
12.9833,8.9333,402.0,Magaria,2017,12,22.1,31.3,14.0,0.0
12.9833,8.9333,402.0,Magaria,2018,1,19.5,29.4,11.0,0.0
12.9833,8.9333,402.0,Magaria,2018,2,26.1,36.2,16.9,1.0
12.9833,8.9333,402.0,Magaria,2018,3,28.7,39.4,18.0,0.0
12.9833,8.9333,402.0,Magaria,2018,4,32.3,41.7,23.2,0.0
12.9833,8.9333,402.0,Magaria,2018,5,33.1,40.6,26.5,41.0
12.9833,8.9333,402.0,Magaria,2018,6,31.3,37.9,25.5,117.0
12.9833,8.9333,402.0,Magaria,2018,7,28.0,33.8,23.2,228.0
12.9833,8.9333,402.0,Magaria,2018,8,26.8,32.1,22.5,206.0
12.9833,8.9333,402.0,Magaria,2018,9,28.4,35.3,23.1,60.0
12.9833,8.9333,402.0,Magaria,2018,10,29.7,39.0,21.7,8.0
12.9833,8.9333,402.0,Magaria,2018,11,24.8,36.0,14.5,0.0
12.9833,8.9333,402.0,Magaria,2018,12,20.4,29.3,12.7,0.0
12.9833,8.9333,402.0,Magaria,2019,1,21.0,31.3,11.3,0.0
12.9833,8.9333,402.0,Magaria,2019,2,23.3,32.3,14.1,0.0
12.9833,8.9333,402.0,Magaria,2019,3,29.5,38.8,20.5,0.0
12.9833,8.9333,402.0,Magaria,2019,4,32.3,41.5,23.0,0.0
12.9833,8.9333,402.0,Magaria,2019,5,33.1,40.4,26.9,38.0
12.9833,8.9333,402.0,Magaria,2019,6,30.6,37.2,25.6,64.0
12.9833,8.9333,402.0,Magaria,2019,7,28.4,34.0,23.7,226.0
12.9833,8.9333,402.0,Magaria,2019,8,26.6,32.0,22.6,251.0
12.9833,8.9333,402.0,Magaria,2019,9,29.4,36.5,24.0,38.0
12.9833,8.9333,402.0,Magaria,2019,10,28.5,35.9,22.7,33.0
12.9833,8.9333,402.0,Magaria,2019,11,26.7,37.7,16.9,0.0
12.9833,8.9333,402.0,Magaria,2019,12,20.7,31.7,10.8,0.0
12.9833,8.9333,402.0,Magaria,2020,1,20.1,29.8,12.2,0.0
12.9833,8.9333,402.0,Magaria,2020,2,22.4,31.8,13.5,0.0
12.9833,8.9333,402.0,Magaria,2020,3,28.6,38.8,18.8,0.0
12.9833,8.9333,402.0,Magaria,2020,4,33.4,42.2,25.2,0.5
12.9833,8.9333,402.0,Magaria,2020,5,33.7,41.5,26.7,21.0
12.9833,8.9333,402.0,Magaria,2020,6,32.2,39.3,26.1,28.0
12.9833,8.9333,402.0,Magaria,2020,7,28.2,34.2,23.6,321.0
12.9833,8.9333,402.0,Magaria,2020,8,26.6,31.7,22.8,260.0
12.9833,8.9333,402.0,Magaria,2020,9,28.1,34.6,23.2,115.0
12.9833,8.9333,402.0,Magaria,2020,10,28.3,36.9,21.2,29.0
12.9833,8.9333,402.0,Magaria,2020,11,24.5,34.6,15.6,0.0
12.9833,8.9333,402.0,Magaria,2020,12,22.8,34.2,12.9,0.0
12.9833,8.9333,402.0,Magaria,2021,1,22.1,33.5,12.5,0.0
12.9833,8.9333,402.0,Magaria,2021,2,22.3,32.3,13.1,0.0
12.9833,8.9333,402.0,Magaria,2021,3,28.3,38.0,19.3,0.0
12.9833,8.9333,402.0,Magaria,2021,4,30.4,41.6,21.0,0.0
12.9833,8.9333,402.0,Magaria,2021,5,33.1,42.4,24.5,0.0
12.9833,8.9333,402.0,Magaria,2021,6,32.5,39.6,26.2,24.0
12.9833,8.9333,402.0,Magaria,2021,7,28.5,34.1,24.1,175.0
12.9833,8.9333,402.0,Magaria,2021,8,27.4,33.8,22.9,206.0
12.9833,8.9333,402.0,Magaria,2021,9,27.8,35.4,23.0,92.0
12.9833,8.9333,402.0,Magaria,2021,10,27.8,38.2,20.3,36.0
12.9833,8.9333,402.0,Magaria,2021,11,26.3,38.2,16.0,0.0
12.9833,8.9333,402.0,Magaria,2021,12,21.5,31.4,12.3,0.0
12.9833,8.9333,402.0,Magaria,2022,1,19.7,29.3,10.9,0.0
12.9833,8.9333,402.0,Magaria,2022,2,21.9,32.4,12.2,0.0
12.9833,8.9333,402.0,Magaria,2022,3,28.1,37.8,19.5,0.0
12.9833,8.9333,402.0,Magaria,2022,4,32.1,42.0,24.4,5.0
12.9833,8.9333,402.0,Magaria,2022,5,33.8,41.8,26.4,0.0
12.9833,8.9333,402.0,Magaria,2022,6,31.0,38.0,24.8,84.0
12.9833,8.9333,402.0,Magaria,2022,7,27.9,33.3,23.6,177.0
12.9833,8.9333,402.0,Magaria,2022,8,26.2,31.1,22.3,311.0
12.9833,8.9333,402.0,Magaria,2022,9,28.3,34.3,22.8,137.0
12.9833,8.9333,402.0,Magaria,2022,10,27.7,36.7,20.5,29.0
12.9833,8.9333,402.0,Magaria,2022,11,23.7,34.7,14.2,0.0
12.9833,8.9333,402.0,Magaria,2022,12,21.4,31.6,12.7,0.0
12.9833,8.9333,402.0,Magaria,2023,1,21.0,31.8,11.7,0.0
12.9833,8.9333,402.0,Magaria,2023,2,22.8,33.4,15.1,0.0
12.9833,8.9333,402.0,Magaria,2023,3,28.0,39.0,19.5,0.0
12.9833,8.9333,402.0,Magaria,2023,4,31.9,41.0,23.4,0.0
12.9833,8.9333,402.0,Magaria,2023,5,33.6,41.8,26.5,13.0
12.9833,8.9333,402.0,Magaria,2023,6,30.3,37.1,24.8,113.0
12.9833,8.9333,402.0,Magaria,2023,7,29.4,36.1,24.1,207.0
12.9833,8.9333,402.0,Magaria,2023,8,27.7,33.9,23.2,167.0
12.9833,8.9333,402.0,Magaria,2023,9,28.8,36.1,23.4,186.0
12.9833,8.9333,402.0,Magaria,2023,10,27.6,38.0,20.8,0.5
12.9833,8.9333,402.0,Magaria,2023,11,26.7,37.2,18.1,2.0
12.9833,8.9333,402.0,Magaria,2023,12,21.5,32.7,12.3,0.0
12.9833,8.9333,402.0,Magaria,2024,1,20.8,31.9,11.1,0.0
12.9833,8.9333,402.0,Magaria,2024,2,23.9,33.8,15.3,0.0
12.9833,8.9333,402.0,Magaria,2024,3,30.4,40.9,20.7,0.0
12.9833,8.9333,402.0,Magaria,2024,4,33.8,43.6,24.8,0.0
12.9833,8.9333,402.0,Magaria,2024,5,34.0,42.4,27.1,83.0
12.9833,8.9333,402.0,Magaria,2024,6,31.9,37.3,26.0,30.0
12.9833,8.9333,402.0,Magaria,2024,7,28.3,33.9,23.7,174.0
12.9833,8.9333,402.0,Magaria,2024,8,26.1,31.1,22.9,363.0
12.9833,8.9333,402.0,Magaria,2024,9,27.7,35.2,23.3,150.0
12.9833,8.9333,402.0,Magaria,2024,10,28.1,36.9,21.5,40.0
12.9833,8.9333,402.0,Magaria,2024,11,23.1,33.7,13.7,0.0
12.9833,8.9333,402.0,Magaria,2024,12,19.3,30.9,10.8,0.0
12.9833,8.9333,402.0,Magaria,2025,1,22.4,32.6,12.2,0.0
12.9833,8.9333,402.0,Magaria,2025,2,24.2,35.1,14.5,0.0
12.9833,8.9333,402.0,Magaria,2025,3,29.5,40.9,18.8,0.0
12.9833,8.9333,402.0,Magaria,2025,4,31.2,41.9,21.4,0.0
12.9833,8.9333,402.0,Magaria,2025,5,32.9,42.0,25.3,34.0
12.9833,8.9333,402.0,Magaria,2025,6,31.7,39.4,25.9,83.0
12.9833,8.9333,402.0,Magaria,2025,7,28.4,34.0,24.0,239.5
13.2333,11.9833,338.0,Maine-Soroa,1994,1,22.0,,,0.0
13.2333,11.9833,338.0,Maine-Soroa,1994,2,23.9,,,0.0
13.2333,11.9833,338.0,Maine-Soroa,1994,3,29.9,,,0.0
13.2333,11.9833,338.0,Maine-Soroa,1994,4,33.3,,,0.0
13.2333,11.9833,338.0,Maine-Soroa,1994,5,33.6,,,41.0
13.2333,11.9833,338.0,Maine-Soroa,1994,6,32.3,,,48.0
13.2333,11.9833,338.0,Maine-Soroa,1994,7,28.5,,,225.0
13.2333,11.9833,338.0,Maine-Soroa,1994,8,26.0,31.0,,124.0
13.2333,11.9833,338.0,Maine-Soroa,1994,9,27.9,34.9,,115.0
13.2333,11.9833,338.0,Maine-Soroa,1994,10,29.7,38.3,22.6,16.0
13.2333,11.9833,338.0,Maine-Soroa,1994,11,27.0,,,0.0
13.2333,11.9833,338.0,Maine-Soroa,1994,12,20.6,,,0.0
13.2333,11.9833,338.0,Maine-Soroa,1995,1,20.4,28.9,,0.0
13.2333,11.9833,338.0,Maine-Soroa,1995,2,22.6,31.3,,0.0
13.2333,11.9833,338.0,Maine-Soroa,1995,3,30.2,,,0.0
13.2333,11.9833,338.0,Maine-Soroa,1995,4,32.9,40.7,24.6,7.0
13.2333,11.9833,338.0,Maine-Soroa,1995,5,33.9,41.7,25.7,3.0
13.2333,11.9833,338.0,Maine-Soroa,1995,6,32.9,,,11.0
13.2333,11.9833,338.0,Maine-Soroa,1995,7,29.6,35.5,,101.0
13.2333,11.9833,338.0,Maine-Soroa,1995,8,27.9,,,143.0
13.2333,11.9833,338.0,Maine-Soroa,1995,9,29.4,36.3,,58.0
13.2333,11.9833,338.0,Maine-Soroa,1995,10,30.5,38.5,22.5,0.5
13.2333,11.9833,338.0,Maine-Soroa,1995,11,25.4,33.5,,0.0
13.2333,11.9833,338.0,Maine-Soroa,1995,12,23.9,32.6,,0.0
13.2333,11.9833,338.0,Maine-Soroa,1996,1,23.4,33.0,,0.0
13.2333,11.9833,338.0,Maine-Soroa,1996,2,26.4,35.2,17.3,0.0
13.2333,11.9833,338.0,Maine-Soroa,1996,3,30.8,,,0.0
13.2333,11.9833,338.0,Maine-Soroa,1996,4,32.2,41.0,,0.0
13.2333,11.9833,338.0,Maine-Soroa,1996,5,33.9,41.9,,21.0
13.2333,11.9833,338.0,Maine-Soroa,1996,6,31.5,38.9,,71.0
13.2333,11.9833,338.0,Maine-Soroa,1996,7,30.1,,,118.0
13.2333,11.9833,338.0,Maine-Soroa,1996,8,27.8,33.6,,115.0
13.2333,11.9833,338.0,Maine-Soroa,1996,9,28.6,,,98.0
13.2333,11.9833,338.0,Maine-Soroa,1996,10,29.6,37.6,,8.0
13.2333,11.9833,338.0,Maine-Soroa,1996,11,24.4,32.5,,0.0
13.2333,11.9833,338.0,Maine-Soroa,1996,12,22.6,,,0.0
13.2333,11.9833,338.0,Maine-Soroa,1997,1,23.0,31.9,,0.0
13.2333,11.9833,338.0,Maine-Soroa,1997,2,22.1,29.6,14.0,0.0
13.2333,11.9833,338.0,Maine-Soroa,1997,3,28.7,36.0,,0.0
13.2333,11.9833,338.0,Maine-Soroa,1997,4,32.3,,,41.0
13.2333,11.9833,338.0,Maine-Soroa,1997,5,32.3,,,5.0
13.2333,11.9833,338.0,Maine-Soroa,1997,6,32.3,,,13.0
13.2333,11.9833,338.0,Maine-Soroa,1997,7,,,,152.0
13.2333,11.9833,338.0,Maine-Soroa,1997,8,28.8,35.0,23.8,85.0
13.2333,11.9833,338.0,Maine-Soroa,1997,9,31.0,38.3,24.4,2.0
13.2333,11.9833,338.0,Maine-Soroa,1997,10,31.2,39.6,23.5,0.5
13.2333,11.9833,338.0,Maine-Soroa,1997,11,27.8,36.7,18.8,0.0
13.2333,11.9833,338.0,Maine-Soroa,1997,12,22.2,30.7,13.5,0.0
13.2333,11.9833,338.0,Maine-Soroa,1998,1,21.9,,,0.0
13.2333,11.9833,338.0,Maine-Soroa,1998,2,26.1,34.0,17.5,0.0
13.2333,11.9833,338.0,Maine-Soroa,1998,3,27.0,34.6,18.7,0.0
13.2333,11.9833,338.0,Maine-Soroa,1998,4,34.4,42.3,26.0,0.5
13.2333,11.9833,338.0,Maine-Soroa,1998,5,35.1,41.1,27.8,23.0
13.2333,11.9833,338.0,Maine-Soroa,1998,6,32.9,39.8,26.8,30.0
13.2333,11.9833,338.0,Maine-Soroa,1998,7,30.2,,,53.0
13.2333,11.9833,338.0,Maine-Soroa,1998,8,27.9,33.0,23.4,120.0
13.2333,11.9833,338.0,Maine-Soroa,1998,9,28.4,34.5,22.9,156.0
13.2333,11.9833,338.0,Maine-Soroa,1998,10,30.7,39.9,23.4,0.5
13.2333,11.9833,338.0,Maine-Soroa,1998,11,27.8,36.8,19.5,0.0
13.2333,11.9833,338.0,Maine-Soroa,1998,12,23.6,32.3,15.0,0.0
13.2333,11.9833,338.0,Maine-Soroa,1999,1,22.8,31.9,13.8,0.0
13.2333,11.9833,338.0,Maine-Soroa,1999,2,26.3,,,0.0
13.2333,11.9833,338.0,Maine-Soroa,1999,3,31.2,40.7,21.2,0.0
13.2333,11.9833,338.0,Maine-Soroa,1999,4,33.0,,,0.5
13.2333,11.9833,338.0,Maine-Soroa,1999,5,32.4,,,40.0
13.2333,11.9833,338.0,Maine-Soroa,1999,6,32.3,40.9,25.6,4.0
13.2333,11.9833,338.0,Maine-Soroa,1999,7,28.8,35.2,23.6,219.0
13.2333,11.9833,338.0,Maine-Soroa,1999,8,,,,174.0
13.2333,11.9833,338.0,Maine-Soroa,1999,9,28.3,35.2,23.1,75.0
13.2333,11.9833,338.0,Maine-Soroa,1999,10,30.1,37.9,22.0,2.0
13.2333,11.9833,338.0,Maine-Soroa,1999,11,27.5,35.9,19.3,0.0
13.2333,11.9833,338.0,Maine-Soroa,1999,12,22.5,,,0.0
13.2333,11.9833,338.0,Maine-Soroa,2000,2,22.3,29.8,14.8,0.0
13.2333,11.9833,338.0,Maine-Soroa,2000,3,27.9,36.7,19.3,0.0
13.2333,11.9833,338.0,Maine-Soroa,2000,4,33.4,,,0.0
13.2333,11.9833,338.0,Maine-Soroa,2000,6,33.1,40.7,26.6,31.0
13.2333,11.9833,338.0,Maine-Soroa,2000,7,29.3,35.9,24.2,55.0
13.2333,11.9833,338.0,Maine-Soroa,2000,8,28.2,35.4,22.9,79.0
13.2333,11.9833,338.0,Maine-Soroa,2000,9,29.4,37.7,23.7,74.0
13.2333,11.9833,338.0,Maine-Soroa,2000,10,28.8,37.8,21.4,16.0
13.2333,11.9833,338.0,Maine-Soroa,2000,11,26.4,,,0.0
13.2333,11.9833,338.0,Maine-Soroa,2000,12,21.5,30.3,13.3,0.0
13.2333,11.9833,338.0,Maine-Soroa,2001,1,21.2,,,0.0
13.2333,11.9833,338.0,Maine-Soroa,2001,2,23.2,31.6,15.1,0.0
13.2333,11.9833,338.0,Maine-Soroa,2001,3,28.8,,,0.0
13.2333,11.9833,338.0,Maine-Soroa,2001,4,33.3,41.6,25.7,0.0
13.2333,11.9833,338.0,Maine-Soroa,2001,5,34.1,42.2,,2.0
13.2333,11.9833,338.0,Maine-Soroa,2001,6,31.7,39.0,25.9,88.0
13.2333,11.9833,338.0,Maine-Soroa,2001,7,29.2,35.7,24.4,89.0
13.2333,11.9833,338.0,Maine-Soroa,2001,8,27.4,,,173.0
13.2333,11.9833,338.0,Maine-Soroa,2001,9,28.4,36.4,23.0,55.0
13.2333,11.9833,338.0,Maine-Soroa,2001,10,30.4,,,0.5
13.2333,11.9833,338.0,Maine-Soroa,2001,11,26.5,35.9,18.0,0.0
13.2333,11.9833,338.0,Maine-Soroa,2001,12,23.8,33.1,15.4,0.0
13.2333,11.9833,338.0,Maine-Soroa,2002,1,20.2,,,0.0
13.2333,11.9833,338.0,Maine-Soroa,2002,2,24.2,33.1,15.9,0.0
13.2333,11.9833,338.0,Maine-Soroa,2002,3,29.8,38.7,21.2,0.0
13.2333,11.9833,338.0,Maine-Soroa,2002,4,34.4,,,0.0
13.2333,11.9833,338.0,Maine-Soroa,2002,5,34.7,43.4,26.0,0.0
13.2333,11.9833,338.0,Maine-Soroa,2002,6,33.5,,,8.0
13.2333,11.9833,338.0,Maine-Soroa,2002,7,30.5,,,74.0
13.2333,11.9833,338.0,Maine-Soroa,2002,8,28.2,34.3,23.3,116.0
13.2333,11.9833,338.0,Maine-Soroa,2002,10,29.4,,,28.0
13.2333,11.9833,338.0,Maine-Soroa,2003,2,26.1,,,0.0
13.2333,11.9833,338.0,Maine-Soroa,2003,3,28.2,36.4,22.0,0.0
13.2333,11.9833,338.0,Maine-Soroa,2003,4,33.6,41.8,25.9,3.0
13.2333,11.9833,338.0,Maine-Soroa,2003,5,33.1,41.7,24.7,6.0
13.2333,11.9833,338.0,Maine-Soroa,2003,6,30.4,37.0,25.1,65.0
13.2333,11.9833,338.0,Maine-Soroa,2003,8,27.1,33.5,23.0,152.0
13.2333,11.9833,338.0,Maine-Soroa,2003,9,29.2,36.8,23.6,59.0
13.2333,11.9833,338.0,Maine-Soroa,2003,10,30.8,39.7,23.1,2.0
13.2333,11.9833,338.0,Maine-Soroa,2003,11,27.6,36.4,19.8,0.0
13.2333,11.9833,338.0,Maine-Soroa,2003,12,22.1,31.0,,0.0
13.2333,11.9833,338.0,Maine-Soroa,2004,1,22.5,31.5,14.4,0.0
13.2333,11.9833,338.0,Maine-Soroa,2004,2,24.3,33.2,16.0,0.0
13.2333,11.9833,338.0,Maine-Soroa,2004,3,28.0,36.4,20.1,0.0
13.2333,11.9833,338.0,Maine-Soroa,2004,4,33.3,42.6,24.6,0.0
13.2333,11.9833,338.0,Maine-Soroa,2004,5,34.2,42.3,27.5,4.0
13.2333,11.9833,338.0,Maine-Soroa,2004,6,32.4,40.0,,22.0
13.2333,11.9833,338.0,Maine-Soroa,2004,7,29.2,35.8,23.9,65.0
13.2333,11.9833,338.0,Maine-Soroa,2004,8,28.3,34.8,23.7,126.0
13.2333,11.9833,338.0,Maine-Soroa,2004,9,29.2,38.3,23.6,43.0
13.2333,11.9833,338.0,Maine-Soroa,2004,10,31.1,39.6,23.5,0.0
13.2333,11.9833,338.0,Maine-Soroa,2004,11,28.2,36.4,,0.0
13.2333,11.9833,338.0,Maine-Soroa,2004,12,23.6,33.3,14.8,0.0
13.2333,11.9833,338.0,Maine-Soroa,2005,1,21.4,29.3,14.2,0.0
13.2333,11.9833,338.0,Maine-Soroa,2005,2,29.2,38.0,21.3,0.0
13.2333,11.9833,338.0,Maine-Soroa,2005,3,31.4,40.0,23.3,0.0
13.2333,11.9833,338.0,Maine-Soroa,2005,4,33.5,42.0,25.6,0.5
13.2333,11.9833,338.0,Maine-Soroa,2005,5,33.7,41.2,26.9,12.0
13.2333,11.9833,338.0,Maine-Soroa,2005,6,31.1,37.9,25.9,91.0
13.2333,11.9833,338.0,Maine-Soroa,2005,8,27.8,34.3,23.5,233.0
13.2333,11.9833,338.0,Maine-Soroa,2005,9,29.0,,,40.0
13.2333,11.9833,338.0,Maine-Soroa,2005,11,26.6,35.9,18.2,0.0
13.2333,11.9833,338.0,Maine-Soroa,2005,12,24.4,33.9,16.1,0.0
13.2333,11.9833,338.0,Maine-Soroa,2006,1,24.9,,,0.0
13.2333,11.9833,338.0,Maine-Soroa,2006,2,28.2,37.9,19.3,0.0
13.2333,11.9833,338.0,Maine-Soroa,2006,3,29.9,38.8,21.2,0.0
13.2333,11.9833,338.0,Maine-Soroa,2006,4,31.9,41.0,23.2,0.0
13.2333,11.9833,338.0,Maine-Soroa,2006,5,34.2,41.8,27.5,0.5
13.2333,11.9833,338.0,Maine-Soroa,2006,6,32.9,40.7,,16.0
13.2333,11.9833,338.0,Maine-Soroa,2006,7,30.2,37.6,24.8,47.0
13.2333,11.9833,338.0,Maine-Soroa,2006,9,29.2,36.8,23.5,69.0
13.2333,11.9833,338.0,Maine-Soroa,2006,10,30.1,,,6.0
13.2333,11.9833,338.0,Maine-Soroa,2006,11,25.7,33.7,18.2,0.0
13.2333,11.9833,338.0,Maine-Soroa,2006,12,21.1,,,0.0
13.2333,11.9833,338.0,Maine-Soroa,2007,1,21.4,29.0,13.2,0.0
13.2333,11.9833,338.0,Maine-Soroa,2007,2,26.2,35.1,17.5,0.0
13.2333,11.9833,338.0,Maine-Soroa,2007,3,29.0,,,12.0
13.2333,11.9833,338.0,Maine-Soroa,2007,4,34.0,42.2,26.2,3.0
13.2333,11.9833,338.0,Maine-Soroa,2007,5,34.0,,,0.0
13.2333,11.9833,338.0,Maine-Soroa,2007,6,32.2,,,9.0
13.2333,11.9833,338.0,Maine-Soroa,2007,7,29.9,35.8,24.8,150.0
13.2333,11.9833,338.0,Maine-Soroa,2007,8,26.9,35.5,22.7,127.0
13.2333,11.9833,338.0,Maine-Soroa,2007,9,28.8,40.2,22.5,67.0
13.2333,11.9833,338.0,Maine-Soroa,2007,10,29.6,,,0.0
13.2333,11.9833,338.0,Maine-Soroa,2007,11,28.1,,19.8,0.0
13.2333,11.9833,338.0,Maine-Soroa,2007,12,24.1,,16.1,0.0
13.2333,11.9833,338.0,Maine-Soroa,2008,1,20.5,,13.3,0.0
13.2333,11.9833,338.0,Maine-Soroa,2008,2,23.1,,,0.0
13.2333,11.9833,338.0,Maine-Soroa,2008,3,30.4,39.6,21.5,0.0
13.2333,11.9833,338.0,Maine-Soroa,2008,4,32.4,40.4,24.7,0.5
13.2333,11.9833,338.0,Maine-Soroa,2008,5,33.6,41.8,26.7,3.0
13.2333,11.9833,338.0,Maine-Soroa,2008,6,32.8,40.0,26.7,23.0
13.2333,11.9833,338.0,Maine-Soroa,2008,8,27.5,,,127.0
13.2333,11.9833,338.0,Maine-Soroa,2008,9,29.2,36.7,23.6,41.0
13.2333,11.9833,338.0,Maine-Soroa,2008,10,30.3,38.7,23.0,6.0
13.2333,11.9833,338.0,Maine-Soroa,2008,11,27.0,36.3,18.4,0.0
13.2333,11.9833,338.0,Maine-Soroa,2008,12,25.1,,,0.0
13.2333,11.9833,338.0,Maine-Soroa,2009,1,25.0,,,0.0
13.2333,11.9833,338.0,Maine-Soroa,2009,2,27.4,36.6,18.6,0.0
13.2333,11.9833,338.0,Maine-Soroa,2009,3,29.9,38.5,21.7,0.0
13.2333,11.9833,338.0,Maine-Soroa,2009,4,34.0,42.7,25.9,0.5
13.2333,11.9833,338.0,Maine-Soroa,2009,5,32.9,41.2,,15.0
13.2333,11.9833,338.0,Maine-Soroa,2009,6,33.5,41.1,27.1,3.0
13.2333,11.9833,338.0,Maine-Soroa,2009,7,29.9,36.4,24.7,186.0
13.2333,11.9833,338.0,Maine-Soroa,2009,8,29.1,34.2,24.1,88.0
13.2333,11.9833,338.0,Maine-Soroa,2009,9,30.2,37.7,24.2,35.0
13.2333,11.9833,338.0,Maine-Soroa,2009,10,30.9,38.9,,10.0
13.2333,11.9833,338.0,Maine-Soroa,2009,11,27.1,35.4,19.2,0.0
13.2333,11.9833,338.0,Maine-Soroa,2009,12,23.9,33.0,15.2,0.0
13.2333,11.9833,338.0,Maine-Soroa,2010,1,24.0,33.6,14.9,0.0
13.2333,11.9833,338.0,Maine-Soroa,2010,2,28.3,37.7,,0.0
13.2333,11.9833,338.0,Maine-Soroa,2010,3,30.3,38.5,21.9,0.0
13.2333,11.9833,338.0,Maine-Soroa,2010,4,34.7,43.1,27.0,0.0
13.2333,11.9833,338.0,Maine-Soroa,2010,5,35.7,43.6,28.7,0.5
13.2333,11.9833,338.0,Maine-Soroa,2010,6,32.1,39.2,,64.0
13.2333,11.9833,338.0,Maine-Soroa,2010,7,29.4,35.7,,174.0
13.2333,11.9833,338.0,Maine-Soroa,2010,8,28.1,33.6,23.7,162.0
13.2333,11.9833,338.0,Maine-Soroa,2010,9,28.5,35.3,23.2,94.0
13.2333,11.9833,338.0,Maine-Soroa,2010,10,31.1,39.5,24.0,0.5
13.2333,11.9833,338.0,Maine-Soroa,2010,11,28.7,37.8,20.1,0.0
13.2333,11.9833,338.0,Maine-Soroa,2010,12,23.2,32.4,14.5,0.0
13.2333,11.9833,338.0,Maine-Soroa,2011,1,21.8,30.3,13.6,0.0
13.2333,11.9833,338.0,Maine-Soroa,2011,2,28.1,37.1,19.9,0.5
13.2333,11.9833,338.0,Maine-Soroa,2011,3,30.5,,,0.0
13.2333,11.9833,338.0,Maine-Soroa,2011,4,32.9,41.2,25.5,0.5
13.2333,11.9833,338.0,Maine-Soroa,2011,5,34.2,42.3,26.7,0.5
13.2333,11.9833,338.0,Maine-Soroa,2011,6,33.0,40.1,26.9,24.0
13.2333,11.9833,338.0,Maine-Soroa,2011,7,30.7,37.4,25.6,47.0
13.2333,11.9833,338.0,Maine-Soroa,2011,8,28.2,34.0,23.6,153.0
13.2333,11.9833,338.0,Maine-Soroa,2011,9,28.9,36.3,23.4,82.0
13.2333,11.9833,338.0,Maine-Soroa,2011,10,30.1,37.6,22.7,37.0
13.2333,11.9833,338.0,Maine-Soroa,2011,11,26.0,35.6,17.2,0.0
13.2333,11.9833,338.0,Maine-Soroa,2011,12,22.1,30.8,14.1,0.0
13.2333,11.9833,338.0,Maine-Soroa,2012,1,22.2,31.1,14.0,0.0
13.2333,11.9833,338.0,Maine-Soroa,2012,2,27.4,36.5,18.8,0.0
13.2333,11.9833,338.0,Maine-Soroa,2012,3,28.6,37.1,20.4,0.0
13.2333,11.9833,338.0,Maine-Soroa,2012,4,34.8,43.4,26.6,0.5
13.2333,11.9833,338.0,Maine-Soroa,2012,5,33.8,41.4,26.8,31.0
13.2333,11.9833,338.0,Maine-Soroa,2012,6,30.8,37.6,25.3,58.0
13.2333,11.9833,338.0,Maine-Soroa,2012,7,28.5,34.3,23.9,107.0
13.2333,11.9833,338.0,Maine-Soroa,2012,8,27.0,32.7,22.6,288.0
13.2333,11.9833,338.0,Maine-Soroa,2012,9,28.5,35.5,23.1,97.0
13.2333,11.9833,338.0,Maine-Soroa,2012,10,30.7,39.7,22.2,0.5
13.2333,11.9833,338.0,Maine-Soroa,2012,11,27.9,37.4,19.1,0.0
13.2333,11.9833,338.0,Maine-Soroa,2012,12,23.2,32.3,14.5,0.0
13.2333,11.9833,338.0,Maine-Soroa,2013,1,23.5,32.1,15.8,0.0
13.2333,11.9833,338.0,Maine-Soroa,2013,2,26.7,36.0,18.5,0.0
13.2333,11.9833,338.0,Maine-Soroa,2013,3,31.9,42.8,22.7,0.0
13.2333,11.9833,338.0,Maine-Soroa,2013,4,33.1,41.8,25.1,0.5
13.2333,11.9833,338.0,Maine-Soroa,2013,5,34.2,42.6,26.6,0.5
13.2333,11.9833,338.0,Maine-Soroa,2013,6,32.9,40.4,27.1,16.0
13.2333,11.9833,338.0,Maine-Soroa,2013,7,29.7,36.3,24.4,183.0
13.2333,11.9833,338.0,Maine-Soroa,2013,8,26.7,32.2,22.6,132.0
13.2333,11.9833,338.0,Maine-Soroa,2013,9,29.0,36.6,23.3,61.0
13.2333,11.9833,338.0,Maine-Soroa,2013,10,30.2,38.9,22.6,14.0
13.2333,11.9833,338.0,Maine-Soroa,2013,11,27.7,37.4,19.0,0.0
13.2333,11.9833,338.0,Maine-Soroa,2013,12,24.2,33.2,16.2,0.0
13.2333,11.9833,338.0,Maine-Soroa,2014,1,22.9,32.0,14.2,0.0
13.2333,11.9833,338.0,Maine-Soroa,2014,2,25.5,34.3,17.5,0.0
13.2333,11.9833,338.0,Maine-Soroa,2014,3,30.4,39.3,22.3,0.0
13.2333,11.9833,338.0,Maine-Soroa,2014,4,33.9,42.5,26.2,0.5
13.2333,11.9833,338.0,Maine-Soroa,2014,5,33.5,41.5,26.6,34.0
13.2333,11.9833,338.0,Maine-Soroa,2014,6,34.2,41.8,28.0,0.5
13.2333,11.9833,338.0,Maine-Soroa,2014,7,30.5,36.8,25.2,97.0
13.2333,11.9833,338.0,Maine-Soroa,2014,8,27.4,33.0,23.0,232.0
13.2333,11.9833,338.0,Maine-Soroa,2014,9,29.5,36.9,23.7,20.0
13.2333,11.9833,338.0,Maine-Soroa,2014,10,30.5,39.2,22.8,0.5
13.2333,11.9833,338.0,Maine-Soroa,2014,11,27.4,36.7,18.9,0.0
13.2333,11.9833,338.0,Maine-Soroa,2014,12,23.0,31.9,14.9,0.0
13.2333,11.9833,338.0,Maine-Soroa,2015,1,21.1,29.5,13.1,0.0
13.2333,11.9833,338.0,Maine-Soroa,2015,2,27.6,36.7,18.9,0.0
13.2333,11.9833,338.0,Maine-Soroa,2015,3,30.1,38.5,22.8,0.0
13.2333,11.9833,338.0,Maine-Soroa,2015,4,31.3,39.6,23.5,0.0
13.2333,11.9833,338.0,Maine-Soroa,2015,5,34.7,43.6,26.4,0.5
13.2333,11.9833,338.0,Maine-Soroa,2015,6,33.9,41.4,27.7,4.0
13.2333,11.9833,338.0,Maine-Soroa,2015,7,30.9,37.7,25.5,100.0
13.2333,11.9833,338.0,Maine-Soroa,2015,8,28.3,34.3,23.9,167.0
13.2333,11.9833,338.0,Maine-Soroa,2015,9,28.8,,,75.0
13.2333,11.9833,338.0,Maine-Soroa,2015,10,30.6,39.9,22.8,27.0
13.2333,11.9833,338.0,Maine-Soroa,2015,11,26.8,35.2,19.0,0.0
13.2333,11.9833,338.0,Maine-Soroa,2015,12,20.7,27.7,14.1,0.0
13.2333,11.9833,338.0,Maine-Soroa,2016,1,21.5,29.7,13.6,0.0
13.2333,11.9833,338.0,Maine-Soroa,2016,2,25.2,34.5,16.3,0.0
13.2333,11.9833,338.0,Maine-Soroa,2016,3,32.7,40.6,25.7,0.0
13.2333,11.9833,338.0,Maine-Soroa,2016,4,33.9,43.5,25.8,0.0
13.2333,11.9833,338.0,Maine-Soroa,2016,5,34.0,42.7,27.4,14.0
13.2333,11.9833,338.0,Maine-Soroa,2016,6,31.7,39.2,27.7,58.0
13.2333,11.9833,338.0,Maine-Soroa,2016,7,28.7,34.1,24.1,120.0
13.2333,11.9833,338.0,Maine-Soroa,2016,8,27.4,33.7,22.6,239.0
13.2333,11.9833,338.0,Maine-Soroa,2016,9,29.3,37.5,23.7,19.0
13.2333,11.9833,338.0,Maine-Soroa,2016,10,30.5,39.9,22.8,2.0
13.2333,11.9833,338.0,Maine-Soroa,2016,11,28.0,37.4,19.9,0.0
13.2333,11.9833,338.0,Maine-Soroa,2016,12,23.9,31.6,16.8,0.0
13.2333,11.9833,338.0,Maine-Soroa,2017,1,23.8,32.5,16.0,0.0
13.2333,11.9833,338.0,Maine-Soroa,2017,2,24.0,32.7,16.0,0.0
13.2333,11.9833,338.0,Maine-Soroa,2017,3,29.1,38.9,20.4,0.0
13.2333,11.9833,338.0,Maine-Soroa,2017,4,33.2,41.6,26.2,0.0
13.2333,11.9833,338.0,Maine-Soroa,2017,5,34.1,42.6,27.5,5.0
13.2333,11.9833,338.0,Maine-Soroa,2017,6,31.3,38.5,26.2,34.0
13.2333,11.9833,338.0,Maine-Soroa,2017,7,29.1,35.4,24.7,118.0
13.2333,11.9833,338.0,Maine-Soroa,2017,8,27.8,34.0,23.4,161.0
13.2333,11.9833,338.0,Maine-Soroa,2017,9,29.3,37.2,23.6,79.0
13.2333,11.9833,338.0,Maine-Soroa,2017,10,29.9,38.9,22.1,0.0
13.2333,11.9833,338.0,Maine-Soroa,2017,11,26.4,35.8,18.1,0.0
13.2333,11.9833,338.0,Maine-Soroa,2017,12,23.6,32.3,16.1,0.0
13.2333,11.9833,338.0,Maine-Soroa,2018,1,20.8,29.7,12.2,0.0
13.2333,11.9833,338.0,Maine-Soroa,2018,2,27.4,37.0,18.8,0.0
13.2333,11.9833,338.0,Maine-Soroa,2018,3,30.3,40.0,21.5,0.0
13.2333,11.9833,338.0,Maine-Soroa,2018,4,33.0,42.7,24.7,0.0
13.2333,11.9833,338.0,Maine-Soroa,2018,5,34.1,42.9,27.6,2.0
13.2333,11.9833,338.0,Maine-Soroa,2018,6,31.7,39.2,26.2,88.0
13.2333,11.9833,338.0,Maine-Soroa,2018,7,28.8,35.3,24.2,75.0
13.2333,11.9833,338.0,Maine-Soroa,2018,8,26.9,33.0,22.8,191.0
13.2333,11.9833,338.0,Maine-Soroa,2018,9,28.5,36.0,23.4,87.0
13.2333,11.9833,338.0,Maine-Soroa,2018,10,30.5,39.8,22.6,7.0
13.2333,11.9833,338.0,Maine-Soroa,2018,11,27.4,36.6,18.3,0.0
13.2333,11.9833,338.0,Maine-Soroa,2018,12,22.0,30.4,14.2,0.0
13.2333,11.9833,338.0,Maine-Soroa,2019,1,22.3,31.8,13.7,0.0
13.2333,11.9833,338.0,Maine-Soroa,2019,2,23.9,32.5,16.2,0.5
13.2333,11.9833,338.0,Maine-Soroa,2019,3,30.3,39.6,22.8,0.0
13.2333,11.9833,338.0,Maine-Soroa,2019,4,33.3,42.3,25.6,0.0
13.2333,11.9833,338.0,Maine-Soroa,2019,5,34.1,42.4,27.7,3.0
13.2333,11.9833,338.0,Maine-Soroa,2019,6,31.9,39.5,26.6,47.0
13.2333,11.9833,338.0,Maine-Soroa,2019,7,29.0,35.9,24.0,129.0
13.2333,11.9833,338.0,Maine-Soroa,2019,8,26.7,32.4,22.5,245.0
13.2333,11.9833,338.0,Maine-Soroa,2019,9,29.0,36.7,23.9,75.0
13.2333,11.9833,338.0,Maine-Soroa,2019,10,28.9,37.1,23.1,29.0
13.2333,11.9833,338.0,Maine-Soroa,2019,11,28.4,38.6,19.6,0.0
13.2333,11.9833,338.0,Maine-Soroa,2019,12,22.2,31.9,13.7,0.0
13.2333,11.9833,338.0,Maine-Soroa,2020,1,21.3,29.9,14.0,0.0
13.2333,11.9833,338.0,Maine-Soroa,2020,2,23.5,32.4,15.7,0.0
13.2333,11.9833,338.0,Maine-Soroa,2020,3,29.7,38.5,21.3,0.0
13.2333,11.9833,338.0,Maine-Soroa,2020,4,,,,0.0
13.2333,11.9833,338.0,Maine-Soroa,2020,5,34.1,42.9,27.1,5.0
13.2333,11.9833,338.0,Maine-Soroa,2020,6,33.0,41.4,26.9,5.0
13.2333,11.9833,338.0,Maine-Soroa,2020,7,28.8,35.5,23.0,124.0
13.2333,11.9833,338.0,Maine-Soroa,2020,8,27.1,32.8,23.1,227.0
13.2333,11.9833,338.0,Maine-Soroa,2020,9,27.8,35.2,22.9,76.0
13.2333,11.9833,338.0,Maine-Soroa,2020,10,29.5,38.9,22.8,32.0
13.2333,11.9833,338.0,Maine-Soroa,2020,11,26.6,35.4,18.0,0.0
13.2333,11.9833,338.0,Maine-Soroa,2020,12,25.2,34.7,15.8,0.0
13.2333,11.9833,338.0,Maine-Soroa,2021,1,24.5,34.1,15.3,0.0
13.2333,11.9833,338.0,Maine-Soroa,2021,2,23.6,33.0,15.7,0.0
13.2333,11.9833,338.0,Maine-Soroa,2021,3,30.0,39.3,22.2,0.0
13.2333,11.9833,338.0,Maine-Soroa,2021,4,32.7,42.4,23.3,0.0
13.2333,11.9833,338.0,Maine-Soroa,2021,5,33.7,43.3,25.8,2.0
13.2333,11.9833,338.0,Maine-Soroa,2021,6,31.9,40.2,26.2,22.0
13.2333,11.9833,338.0,Maine-Soroa,2021,7,29.4,35.0,24.3,191.0
13.2333,11.9833,338.0,Maine-Soroa,2021,8,27.8,34.0,23.7,108.0
13.2333,11.9833,338.0,Maine-Soroa,2021,9,30.3,36.7,23.9,70.0
13.2333,11.9833,338.0,Maine-Soroa,2021,10,31.1,39.5,22.1,5.0
13.2333,11.9833,338.0,Maine-Soroa,2021,11,28.6,38.6,20.1,0.0
13.2333,11.9833,338.0,Maine-Soroa,2021,12,23.0,31.8,15.7,0.0
13.2333,11.9833,338.0,Maine-Soroa,2022,1,20.7,29.3,13.5,0.0
13.2333,11.9833,338.0,Maine-Soroa,2022,2,22.9,32.5,14.6,0.0
13.2333,11.9833,338.0,Maine-Soroa,2022,3,28.8,38.1,20.9,0.0
13.2333,11.9833,338.0,Maine-Soroa,2022,4,34.7,43.2,26.2,0.5
13.2333,11.9833,338.0,Maine-Soroa,2022,5,34.4,42.8,27.5,0.0
13.2333,11.9833,338.0,Maine-Soroa,2022,6,31.8,39.2,26.1,29.0
13.2333,11.9833,338.0,Maine-Soroa,2022,7,28.3,34.6,23.6,237.0
13.2333,11.9833,338.0,Maine-Soroa,2022,8,26.6,32.0,22.9,255.0
13.2333,11.9833,338.0,Maine-Soroa,2022,9,28.5,34.6,23.4,56.0
13.2333,11.9833,338.0,Maine-Soroa,2022,10,29.0,37.7,22.4,2.0
13.2333,11.9833,338.0,Maine-Soroa,2022,11,25.2,34.7,17.5,0.0
13.2333,11.9833,338.0,Maine-Soroa,2022,12,22.9,31.8,15.3,0.0
13.2333,11.9833,338.0,Maine-Soroa,2023,1,22.5,31.9,14.7,0.0
13.2333,11.9833,338.0,Maine-Soroa,2023,2,24.8,33.7,17.1,0.0
13.2333,11.9833,338.0,Maine-Soroa,2023,3,30.4,39.5,22.1,0.0
13.2333,11.9833,338.0,Maine-Soroa,2023,4,32.9,42.2,25.8,0.0
13.2333,11.9833,338.0,Maine-Soroa,2023,5,34.2,42.8,27.3,7.0
13.2333,11.9833,338.0,Maine-Soroa,2023,6,31.1,36.9,25.3,67.0
13.2333,11.9833,338.0,Maine-Soroa,2023,7,30.3,37.3,25.1,91.0
13.2333,11.9833,338.0,Maine-Soroa,2023,8,28.5,34.3,24.3,150.0
13.2333,11.9833,338.0,Maine-Soroa,2023,9,29.6,37.1,24.4,35.0
13.2333,11.9833,338.0,Maine-Soroa,2023,10,31.2,38.3,24.0,0.0
13.2333,11.9833,338.0,Maine-Soroa,2023,11,28.6,36.7,21.6,0.0
13.2333,11.9833,338.0,Maine-Soroa,2023,12,23.1,31.9,15.2,0.0
13.2333,11.9833,338.0,Maine-Soroa,2024,1,22.0,31.2,13.9,0.0
13.2333,11.9833,338.0,Maine-Soroa,2024,2,24.7,32.4,17.7,0.5
13.2333,11.9833,338.0,Maine-Soroa,2024,3,31.7,40.5,23.6,4.0
13.2333,11.9833,338.0,Maine-Soroa,2024,4,34.5,43.4,26.4,0.0
13.2333,11.9833,338.0,Maine-Soroa,2024,5,35.4,43.6,28.5,0.5
13.2333,11.9833,338.0,Maine-Soroa,2024,6,32.7,39.3,27.3,110.0
13.2333,11.9833,338.0,Maine-Soroa,2024,7,29.8,35.3,25.4,124.0
13.2333,11.9833,338.0,Maine-Soroa,2024,8,26.7,32.4,24.3,119.0
13.2333,11.9833,338.0,Maine-Soroa,2024,9,28.6,34.5,24.1,121.0
13.2333,11.9833,338.0,Maine-Soroa,2024,10,29.1,37.6,23.0,19.0
13.2333,11.9833,338.0,Maine-Soroa,2024,11,24.8,33.9,17.4,0.0
13.2333,11.9833,338.0,Maine-Soroa,2024,12,22.6,30.9,14.3,0.0
13.2333,11.9833,338.0,Maine-Soroa,2025,1,24.2,32.8,14.8,0.0
13.2333,11.9833,338.0,Maine-Soroa,2025,2,25.4,34.9,17.3,0.0
13.2333,11.9833,338.0,Maine-Soroa,2025,3,30.4,40.6,21.5,0.0
13.2333,11.9833,338.0,Maine-Soroa,2025,4,32.7,42.0,24.2,0.0
13.2333,11.9833,338.0,Maine-Soroa,2025,5,33.8,42.6,26.6,0.5
13.2333,11.9833,338.0,Maine-Soroa,2025,6,32.9,40.8,26.6,112.0
13.2333,11.9833,338.0,Maine-Soroa,2025,7,29.2,34.6,24.0,187.4
11.8833,3.45,202.0,Gaya,1994,1,25.9,,,0.0
11.8833,3.45,202.0,Gaya,1994,2,28.4,,,0.0
11.8833,3.45,202.0,Gaya,1994,5,31.2,,,81.0
11.8833,3.45,202.0,Gaya,1994,6,28.7,,,118.0
11.8833,3.45,202.0,Gaya,1994,7,27.1,,,174.0
11.8833,3.45,202.0,Gaya,1994,8,25.9,30.4,,325.0
11.8833,3.45,202.0,Gaya,1994,9,27.0,32.1,,193.0
11.8833,3.45,202.0,Gaya,1994,10,28.4,34.9,,44.0
11.8833,3.45,202.0,Gaya,1994,11,27.5,,,0.0
11.8833,3.45,202.0,Gaya,1994,12,24.3,,,0.0
11.8833,3.45,202.0,Gaya,1995,1,24.1,,,0.0
11.8833,3.45,202.0,Gaya,1995,2,26.9,,,0.0
11.8833,3.45,202.0,Gaya,1995,3,33.3,,,0.0
11.8833,3.45,202.0,Gaya,1995,4,33.2,39.8,,37.0
11.8833,3.45,202.0,Gaya,1995,5,31.9,,,55.0
11.8833,3.45,202.0,Gaya,1995,6,30.7,,,61.0
11.8833,3.45,202.0,Gaya,1995,7,28.3,,,135.0
11.8833,3.45,202.0,Gaya,1995,8,26.7,31.9,,222.0
11.8833,3.45,202.0,Gaya,1995,9,27.6,33.2,,107.0
11.8833,3.45,202.0,Gaya,1995,10,29.4,36.5,23.5,13.0
11.8833,3.45,202.0,Gaya,1995,11,28.4,36.2,,0.0
11.8833,3.45,202.0,Gaya,1995,12,27.8,35.9,,0.0
11.8833,3.45,202.0,Gaya,1996,1,28.0,36.3,,0.0
11.8833,3.45,202.0,Gaya,1996,2,30.5,38.4,23.5,0.0
11.8833,3.45,202.0,Gaya,1996,3,33.5,,,0.0
11.8833,3.45,202.0,Gaya,1996,4,34.2,41.1,,11.0
11.8833,3.45,202.0,Gaya,1996,5,32.1,,,109.0
11.8833,3.45,202.0,Gaya,1996,6,28.8,,,159.0
11.8833,3.45,202.0,Gaya,1996,7,28.2,33.5,,130.0
11.8833,3.45,202.0,Gaya,1996,8,26.4,31.4,,214.0
11.8833,3.45,202.0,Gaya,1996,9,26.6,,,189.0
11.8833,3.45,202.0,Gaya,1996,10,28.6,,,10.0
11.8833,3.45,202.0,Gaya,1996,11,27.1,,,0.0
11.8833,3.45,202.0,Gaya,1996,12,27.0,,,0.0
11.8833,3.45,202.0,Gaya,1997,1,27.3,,,0.0
11.8833,3.45,202.0,Gaya,1997,2,26.6,,,0.0
11.8833,3.45,202.0,Gaya,1997,3,31.2,,,5.0
11.8833,3.45,202.0,Gaya,1997,4,33.0,,,35.0
11.8833,3.45,202.0,Gaya,1997,5,29.8,,,128.0
11.8833,3.45,202.0,Gaya,1997,8,27.3,32.3,,169.0
11.8833,3.45,202.0,Gaya,1997,9,27.5,33.3,,151.0
11.8833,3.45,202.0,Gaya,1997,10,29.5,36.4,23.8,41.0
11.8833,3.45,202.0,Gaya,1997,11,29.1,38.0,20.1,0.0
11.8833,3.45,202.0,Gaya,1997,12,27.0,34.9,19.7,0.0
11.8833,3.45,202.0,Gaya,1998,1,26.2,33.7,19.2,0.0
11.8833,3.45,202.0,Gaya,1998,2,30.5,38.0,23.1,0.0
11.8833,3.45,202.0,Gaya,1998,3,31.4,38.4,24.4,0.0
11.8833,3.45,202.0,Gaya,1998,4,34.9,41.8,28.3,13.0
11.8833,3.45,202.0,Gaya,1998,5,32.4,39.0,26.9,137.0
11.8833,3.45,202.0,Gaya,1998,6,29.1,,,
11.8833,3.45,202.0,Gaya,1998,7,27.9,,,
11.8833,3.45,202.0,Gaya,1998,8,26.4,30.6,22.5,220.0
11.8833,3.45,202.0,Gaya,1998,9,26.8,32.0,22.7,179.0
11.8833,3.45,202.0,Gaya,1998,10,29.4,35.7,24.1,17.0
11.8833,3.45,202.0,Gaya,1998,11,29.4,37.7,21.3,0.0
11.8833,3.45,202.0,Gaya,1999,2,29.3,,,0.0
11.8833,3.45,202.0,Gaya,1999,7,27.2,32.4,23.1,149.0
11.8833,3.45,202.0,Gaya,1999,9,26.6,31.9,22.3,184.0
11.8833,3.45,202.0,Gaya,1999,12,25.6,,,0.0
11.8833,3.45,202.0,Gaya,2000,1,,,,0.0
11.8833,3.45,202.0,Gaya,2000,2,26.2,,,0.0
11.8833,3.45,202.0,Gaya,2000,3,31.4,38.6,24.1,0.0
11.8833,3.45,202.0,Gaya,2000,4,34.7,,,5.0
11.8833,3.45,202.0,Gaya,2000,5,33.9,,,
11.8833,3.45,202.0,Gaya,2000,6,29.2,35.5,24.0,175.0
11.8833,3.45,202.0,Gaya,2000,7,27.2,32.8,23.2,152.0
11.8833,3.45,202.0,Gaya,2000,8,26.1,31.3,22.0,238.0
11.8833,3.45,202.0,Gaya,2000,9,27.3,33.8,,114.0
11.8833,3.45,202.0,Gaya,2000,10,28.6,,,63.0
11.8833,3.45,202.0,Gaya,2000,11,28.8,,,0.0
11.8833,3.45,202.0,Gaya,2000,12,25.8,33.9,18.9,0.0
11.8833,3.45,202.0,Gaya,2001,1,25.7,34.0,18.1,0.0
11.8833,3.45,202.0,Gaya,2001,2,27.4,34.9,,0.0
11.8833,3.45,202.0,Gaya,2001,3,32.6,40.6,24.6,0.0
11.8833,3.45,202.0,Gaya,2001,4,33.8,,,6.0
11.8833,3.45,202.0,Gaya,2001,5,32.5,39.4,,52.0
11.8833,3.45,202.0,Gaya,2001,6,29.8,,,133.0
11.8833,3.45,202.0,Gaya,2001,7,27.7,,,165.0
11.8833,3.45,202.0,Gaya,2001,8,26.2,31.1,,298.0
11.8833,3.45,202.0,Gaya,2001,9,27.1,,,87.0
11.8833,3.45,202.0,Gaya,2001,10,29.5,,,10.0
11.8833,3.45,202.0,Gaya,2001,11,28.9,37.8,20.5,0.0
11.8833,3.45,202.0,Gaya,2001,12,27.7,36.4,,0.0
11.8833,3.45,202.0,Gaya,2002,1,24.8,31.8,,0.0
11.8833,3.45,202.0,Gaya,2002,2,28.0,36.2,,0.0
11.8833,3.45,202.0,Gaya,2002,3,33.4,41.0,26.0,0.0
11.8833,3.45,202.0,Gaya,2002,4,34.2,41.0,,8.0
11.8833,3.45,202.0,Gaya,2002,5,32.9,40.1,,74.0
11.8833,3.45,202.0,Gaya,2002,6,30.1,,,64.0
11.8833,3.45,202.0,Gaya,2002,7,27.6,,,216.0
11.8833,3.45,202.0,Gaya,2002,8,27.0,32.1,23.0,179.0
11.8833,3.45,202.0,Gaya,2002,9,27.6,33.3,23.0,219.0
11.8833,3.45,202.0,Gaya,2002,10,28.1,,,74.0
11.8833,3.45,202.0,Gaya,2002,11,28.4,37.3,,0.5
11.8833,3.45,202.0,Gaya,2002,12,26.6,,,0.0
11.8833,3.45,202.0,Gaya,2003,1,26.6,35.0,,0.0
11.8833,3.45,202.0,Gaya,2003,2,30.8,39.0,,0.0
11.8833,3.45,202.0,Gaya,2003,3,31.8,39.0,,5.0
11.8833,3.45,202.0,Gaya,2003,4,33.3,40.2,27.1,24.0
11.8833,3.45,202.0,Gaya,2003,5,32.9,40.0,,105.0
11.8833,3.45,202.0,Gaya,2003,6,29.1,,,210.0
11.8833,3.45,202.0,Gaya,2003,7,27.2,,,291.0
11.8833,3.45,202.0,Gaya,2003,8,26.2,31.1,,404.0
11.8833,3.45,202.0,Gaya,2003,11,29.3,,,0.0
11.8833,3.45,202.0,Gaya,2003,12,25.9,,,0.0
11.8833,3.45,202.0,Gaya,2004,1,26.5,34.2,,0.0
11.8833,3.45,202.0,Gaya,2004,2,28.7,36.1,,0.0
11.8833,3.45,202.0,Gaya,2004,3,31.2,,,0.0
11.8833,3.45,202.0,Gaya,2004,4,33.7,40.5,,13.0
11.8833,3.45,202.0,Gaya,2004,5,31.4,37.1,26.3,97.0
11.8833,3.45,202.0,Gaya,2004,6,28.8,34.6,,111.0
11.8833,3.45,202.0,Gaya,2004,7,26.8,,,182.0
11.8833,3.45,202.0,Gaya,2004,8,27.0,,,110.0
11.8833,3.45,202.0,Gaya,2004,9,27.8,,,133.0
11.8833,3.45,202.0,Gaya,2004,10,30.1,37.9,,0.0
11.8833,3.45,202.0,Gaya,2004,11,29.7,37.4,,0.0
11.8833,3.45,202.0,Gaya,2004,12,28.5,36.9,20.5,0.0
11.8833,3.45,202.0,Gaya,2005,1,25.5,,,0.0
11.8833,3.45,202.0,Gaya,2005,2,32.4,39.2,25.8,0.0
11.8833,3.45,202.0,Gaya,2005,3,34.9,39.7,28.0,0.0
11.8833,3.45,202.0,Gaya,2005,4,34.8,41.7,27.9,13.0
11.8833,3.45,202.0,Gaya,2005,5,32.4,39.6,27.0,50.0
11.8833,3.45,202.0,Gaya,2005,6,29.2,34.7,24.3,126.0
11.8833,3.45,202.0,Gaya,2005,7,27.4,32.5,23.3,143.0
11.8833,3.45,202.0,Gaya,2005,8,26.7,34.5,23.0,222.0
11.8833,3.45,202.0,Gaya,2005,9,27.8,,,198.0
11.8833,3.45,202.0,Gaya,2005,10,29.0,,,24.0
11.8833,3.45,202.0,Gaya,2005,11,29.0,37.5,21.4,0.0
11.8833,3.45,202.0,Gaya,2005,12,27.4,35.6,19.8,0.0
11.8833,3.45,202.0,Gaya,2006,1,28.7,,,0.0
11.8833,3.45,202.0,Gaya,2006,2,30.7,38.6,23.1,0.0
11.8833,3.45,202.0,Gaya,2006,3,33.3,40.8,25.4,0.0
11.8833,3.45,202.0,Gaya,2006,4,34.7,41.9,27.4,1.0
11.8833,3.45,202.0,Gaya,2006,5,32.1,38.5,25.5,49.0
11.8833,3.45,202.0,Gaya,2006,6,30.6,,,45.0
11.8833,3.45,202.0,Gaya,2006,7,28.4,,,284.0
11.8833,3.45,202.0,Gaya,2006,8,,,,358.0
11.8833,3.45,202.0,Gaya,2006,9,,,,114.0
11.8833,3.45,202.0,Gaya,2006,10,,,,48.0
11.8833,3.45,202.0,Gaya,2006,11,27.4,,,0.0
11.8833,3.45,202.0,Gaya,2006,12,25.3,,,0.0
11.8833,3.45,202.0,Gaya,2007,1,24.5,,,0.0
11.8833,3.45,202.0,Gaya,2007,2,29.4,,,0.0
11.8833,3.45,202.0,Gaya,2007,3,32.0,,,0.0
11.8833,3.45,202.0,Gaya,2007,4,,,,37.0
11.8833,3.45,202.0,Gaya,2007,5,32.0,38.6,26.4,40.0
11.8833,3.45,202.0,Gaya,2007,6,,,,109.0
11.8833,3.45,202.0,Gaya,2007,7,27.8,32.7,24.0,186.0
11.8833,3.45,202.0,Gaya,2007,8,26.7,31.6,23.2,467.0
11.8833,3.45,202.0,Gaya,2007,9,27.9,31.1,23.6,105.0
11.8833,3.45,202.0,Gaya,2007,10,30.1,,,0.0
11.8833,3.45,202.0,Gaya,2007,11,29.8,38.5,22.5,0.0
11.8833,3.45,202.0,Gaya,2007,12,27.5,35.2,20.5,0.0
11.8833,3.45,202.0,Gaya,2008,1,23.7,30.5,17.2,0.0
11.8833,3.45,202.0,Gaya,2008,2,27.8,,,0.0
11.8833,3.45,202.0,Gaya,2008,3,33.1,41.0,25.0,0.0
11.8833,3.45,202.0,Gaya,2008,4,34.0,41.3,27.4,2.0
11.8833,3.45,202.0,Gaya,2008,5,31.3,37.9,25.7,103.0
11.8833,3.45,202.0,Gaya,2008,6,29.8,35.5,24.6,127.0
11.8833,3.45,202.0,Gaya,2008,7,27.1,31.6,22.9,126.0
11.8833,3.45,202.0,Gaya,2008,8,26.6,30.9,22.8,241.0
11.8833,3.45,202.0,Gaya,2008,9,27.4,32.3,23.1,141.0
11.8833,3.45,202.0,Gaya,2008,10,28.9,35.5,23.0,46.0
11.8833,3.45,202.0,Gaya,2008,11,28.7,37.2,20.2,0.0
11.8833,3.45,202.0,Gaya,2008,12,27.7,35.4,20.1,0.0
11.8833,3.45,202.0,Gaya,2009,1,26.9,34.7,20.0,0.0
11.8833,3.45,202.0,Gaya,2009,2,31.1,39.0,23.5,0.0
11.8833,3.45,202.0,Gaya,2009,3,33.3,40.3,26.0,0.0
11.8833,3.45,202.0,Gaya,2009,4,34.3,41.2,28.4,0.0
11.8833,3.45,202.0,Gaya,2009,5,32.8,39.4,27.0,26.0
11.8833,3.45,202.0,Gaya,2009,6,30.4,38.2,24.7,172.0
11.8833,3.45,202.0,Gaya,2009,7,28.0,32.6,23.8,194.0
11.8833,3.45,202.0,Gaya,2009,8,27.0,31.5,23.3,266.0
11.8833,3.45,202.0,Gaya,2009,9,27.6,32.4,23.3,143.0
11.8833,3.45,202.0,Gaya,2009,10,29.0,35.2,,31.0
11.8833,3.45,202.0,Gaya,2009,11,28.6,36.1,21.9,0.0
11.8833,3.45,202.0,Gaya,2009,12,27.9,36.2,20.0,0.0
11.8833,3.45,202.0,Gaya,2010,1,27.8,36.0,19.5,0.0
11.8833,3.45,202.0,Gaya,2010,2,31.4,39.7,23.9,0.0
11.8833,3.45,202.0,Gaya,2010,3,33.5,39.5,26.7,4.0
11.8833,3.45,202.0,Gaya,2010,4,34.8,42.0,28.7,0.0
11.8833,3.45,202.0,Gaya,2010,5,32.8,39.0,27.5,143.0
11.8833,3.45,202.0,Gaya,2010,6,30.0,36.2,25.5,151.0
11.8833,3.45,202.0,Gaya,2010,7,27.7,,,157.0
11.8833,3.45,202.0,Gaya,2010,8,26.7,31.5,,228.0
11.8833,3.45,202.0,Gaya,2010,9,27.6,32.8,23.4,72.0
11.8833,3.45,202.0,Gaya,2010,10,28.7,34.6,23.8,122.0
11.8833,3.45,202.0,Gaya,2010,11,29.4,37.9,21.6,0.0
11.8833,3.45,202.0,Gaya,2010,12,26.8,35.6,18.7,0.0
11.8833,3.45,202.0,Gaya,2011,1,26.0,33.9,18.6,0.0
11.8833,3.45,202.0,Gaya,2011,2,30.8,38.1,24.2,12.0
11.8833,3.45,202.0,Gaya,2011,3,33.9,,,0.0
11.8833,3.45,202.0,Gaya,2011,4,34.3,41.6,27.3,0.0
11.8833,3.45,202.0,Gaya,2011,5,32.6,39.4,,81.0
11.8833,3.45,202.0,Gaya,2011,6,30.2,34.5,24.8,53.0
11.8833,3.45,202.0,Gaya,2011,7,28.6,34.4,24.3,124.0
11.8833,3.45,202.0,Gaya,2011,8,27.1,31.9,23.0,409.0
11.8833,3.45,202.0,Gaya,2011,9,27.9,33.4,23.3,99.0
11.8833,3.45,202.0,Gaya,2011,10,29.8,36.7,24.0,19.0
11.8833,3.45,202.0,Gaya,2011,11,29.0,38.1,20.5,0.0
11.8833,3.45,202.0,Gaya,2011,12,26.0,33.9,19.0,0.0
11.8833,3.45,202.0,Gaya,2012,1,26.2,33.6,19.2,0.0
11.8833,3.45,202.0,Gaya,2012,2,30.7,38.3,24.3,1.0
11.8833,3.45,202.0,Gaya,2012,3,32.5,39.8,26.0,0.0
11.8833,3.45,202.0,Gaya,2012,4,34.6,41.6,28.8,4.0
11.8833,3.45,202.0,Gaya,2012,5,31.3,37.1,26.1,112.0
11.8833,3.45,202.0,Gaya,2012,6,29.2,34.6,25.0,72.0
11.8833,3.45,202.0,Gaya,2012,7,26.8,32.0,23.2,207.0
11.8833,3.45,202.0,Gaya,2012,8,26.8,31.1,23.4,190.0
11.8833,3.45,202.0,Gaya,2012,9,27.6,32.7,23.2,201.0
11.8833,3.45,202.0,Gaya,2012,10,29.8,36.1,24.1,22.0
11.8833,3.45,202.0,Gaya,2012,11,30.2,38.6,22.0,0.0
11.8833,3.45,202.0,Gaya,2012,12,27.5,35.7,19.8,0.0
11.8833,3.45,202.0,Gaya,2013,1,26.9,34.6,20.1,0.0
11.8833,3.45,202.0,Gaya,2013,2,30.2,37.9,23.3,0.0
11.8833,3.45,202.0,Gaya,2013,3,34.4,41.9,27.0,0.0
11.8833,3.45,202.0,Gaya,2013,4,33.2,39.9,28.1,46.0
11.8833,3.45,202.0,Gaya,2013,5,32.4,38.9,27.2,40.0
11.8833,3.45,202.0,Gaya,2013,6,29.9,35.7,23.8,134.0
11.8833,3.45,202.0,Gaya,2013,7,28.3,33.3,23.4,139.0
11.8833,3.45,202.0,Gaya,2013,8,26.6,30.9,23.1,225.0
11.8833,3.45,202.0,Gaya,2013,9,27.7,31.2,23.1,89.0
11.8833,3.45,202.0,Gaya,2013,10,29.5,36.2,23.3,34.0
11.8833,3.45,202.0,Gaya,2013,11,28.8,39.3,21.6,0.0
11.8833,3.45,202.0,Gaya,2013,12,27.3,34.6,20.0,0.0
11.8833,3.45,202.0,Gaya,2014,1,28.0,35.3,20.5,2.0
11.8833,3.45,202.0,Gaya,2014,2,29.7,36.6,22.6,0.0
11.8833,3.45,202.0,Gaya,2014,3,33.2,40.1,25.4,0.0
11.8833,3.45,202.0,Gaya,2014,4,33.4,40.1,27.4,13.0
11.8833,3.45,202.0,Gaya,2014,5,31.5,37.2,26.1,72.0
11.8833,3.45,202.0,Gaya,2014,6,30.7,36.2,25.2,87.0
11.8833,3.45,202.0,Gaya,2014,7,29.5,34.6,24.4,70.0
11.8833,3.45,202.0,Gaya,2014,8,27.3,31.4,22.8,185.0
11.8833,3.45,202.0,Gaya,2014,9,27.4,31.9,22.7,216.0
11.8833,3.45,202.0,Gaya,2014,10,30.0,36.5,23.9,4.0
11.8833,3.45,202.0,Gaya,2014,11,30.3,38.2,22.3,0.0
11.8833,3.45,202.0,Gaya,2014,12,27.3,34.9,19.9,0.0
11.8833,3.45,202.0,Gaya,2015,1,25.4,32.2,18.5,0.0
11.8833,3.45,202.0,Gaya,2015,2,31.1,38.7,23.2,3.0
11.8833,3.45,202.0,Gaya,2015,3,32.8,38.9,25.9,0.5
11.8833,3.45,202.0,Gaya,2015,4,34.6,41.0,27.3,0.0
11.8833,3.45,202.0,Gaya,2015,5,33.8,39.2,27.9,23.0
11.8833,3.45,202.0,Gaya,2015,6,31.8,37.2,25.9,40.0
11.8833,3.45,202.0,Gaya,2015,7,28.7,33.3,23.6,159.0
11.8833,3.45,202.0,Gaya,2015,8,27.2,31.0,23.0,279.0
11.8833,3.45,202.0,Gaya,2015,9,28.0,,,124.0
11.8833,3.45,202.0,Gaya,2015,10,30.2,35.6,24.6,36.0
11.8833,3.45,202.0,Gaya,2015,11,29.7,36.7,21.5,0.0
11.8833,3.45,202.0,Gaya,2015,12,24.6,30.6,18.2,0.0
11.8833,3.45,202.0,Gaya,2016,1,26.1,32.6,19.4,0.0
11.8833,3.45,202.0,Gaya,2016,2,29.4,36.4,22.4,0.0
11.8833,3.45,202.0,Gaya,2016,3,34.0,40.5,26.7,2.0
11.8833,3.45,202.0,Gaya,2016,4,34.5,40.9,28.6,7.0
11.8833,3.45,202.0,Gaya,2016,5,33.1,38.7,28.2,119.0
11.8833,3.45,202.0,Gaya,2016,6,29.5,34.0,24.6,139.0
11.8833,3.45,202.0,Gaya,2016,7,28.2,32.5,24.0,118.0
11.8833,3.45,202.0,Gaya,2016,8,27.0,31.5,23.1,228.0
11.8833,3.45,202.0,Gaya,2016,9,27.9,32.4,24.7,163.0
11.8833,3.45,202.0,Gaya,2016,10,30.5,36.7,24.4,18.0
11.8833,3.45,202.0,Gaya,2016,11,30.3,38.2,22.0,0.0
11.8833,3.45,202.0,Gaya,2016,12,28.4,35.5,21.1,0.0
11.8833,3.45,202.0,Gaya,2017,1,27.2,34.2,20.2,0.0
11.8833,3.45,202.0,Gaya,2017,2,29.4,36.0,22.1,0.0
11.8833,3.45,202.0,Gaya,2017,3,33.5,40.7,24.5,0.0
11.8833,3.45,202.0,Gaya,2017,4,35.2,41.2,28.0,28.0
11.8833,3.45,202.0,Gaya,2017,5,31.4,36.2,25.8,128.0
11.8833,3.45,202.0,Gaya,2017,6,29.3,34.1,24.0,120.0
11.8833,3.45,202.0,Gaya,2017,7,28.1,32.1,23.3,194.0
11.8833,3.45,202.0,Gaya,2017,8,27.0,30.7,22.5,397.0
11.8833,3.45,202.0,Gaya,2017,9,28.2,32.3,23.3,88.0
11.8833,3.45,202.0,Gaya,2017,10,29.6,36.2,22.6,34.0
11.8833,3.45,202.0,Gaya,2017,11,29.3,37.7,20.8,0.0
11.8833,3.45,202.0,Gaya,2017,12,27.0,34.5,19.5,0.0
11.8833,3.45,202.0,Gaya,2018,1,25.4,33.2,18.2,0.0
11.8833,3.45,202.0,Gaya,2018,2,30.6,38.3,22.5,6.0
11.8833,3.45,202.0,Gaya,2018,3,33.7,41.3,25.8,2.0
11.8833,3.45,202.0,Gaya,2018,4,34.7,42.0,28.1,2.0
11.8833,3.45,202.0,Gaya,2018,5,32.4,38.9,26.4,110.0
11.8833,3.45,202.0,Gaya,2018,6,29.7,34.9,24.2,149.0
11.8833,3.45,202.0,Gaya,2018,7,27.5,32.4,22.7,318.0
11.8833,3.45,202.0,Gaya,2018,8,26.7,31.0,22.4,374.0
11.8833,3.45,202.0,Gaya,2018,9,27.8,32.3,23.1,166.0
11.8833,3.45,202.0,Gaya,2018,10,29.9,35.9,23.9,52.0
11.8833,3.45,202.0,Gaya,2018,11,29.3,37.6,20.5,0.0
11.8833,3.45,202.0,Gaya,2018,12,26.0,33.5,18.3,0.0
11.8833,3.45,202.0,Gaya,2019,1,26.8,35.0,19.2,0.0
11.8833,3.45,202.0,Gaya,2019,2,28.6,36.2,21.2,0.0
11.8833,3.45,202.0,Gaya,2019,3,33.3,40.6,26.0,0.0
11.8833,3.45,202.0,Gaya,2019,4,35.1,41.5,28.3,13.0
11.8833,3.45,202.0,Gaya,2019,5,31.9,37.5,26.1,226.0
11.8833,3.45,202.0,Gaya,2019,6,29.6,34.7,24.6,160.0
11.8833,3.45,202.0,Gaya,2019,7,27.1,32.5,22.7,264.0
11.8833,3.45,202.0,Gaya,2019,8,26.6,31.2,22.4,255.0
11.8833,3.45,202.0,Gaya,2019,9,28.5,33.4,23.1,96.0
11.8833,3.45,202.0,Gaya,2019,10,28.4,34.5,23.2,68.0
11.8833,3.45,202.0,Gaya,2019,11,29.9,38.8,21.2,0.0
11.8833,3.45,202.0,Gaya,2019,12,26.9,35.3,18.4,0.0
11.8833,3.45,202.0,Gaya,2020,1,26.1,33.3,18.2,0.0
11.8833,3.45,202.0,Gaya,2020,2,27.6,35.6,20.6,0.0
11.8833,3.45,202.0,Gaya,2020,3,33.7,41.3,25.3,0.0
11.8833,3.45,202.0,Gaya,2020,4,34.9,41.8,27.7,35.0
11.8833,3.45,202.0,Gaya,2020,5,33.4,39.7,27.0,42.0
11.8833,3.45,202.0,Gaya,2020,6,30.4,36.0,24.3,69.0
11.8833,3.45,202.0,Gaya,2020,7,28.0,32.9,23.2,205.0
11.8833,3.45,202.0,Gaya,2020,8,27.0,31.0,22.6,462.0
11.8833,3.45,202.0,Gaya,2020,9,27.5,32.2,22.7,177.0
11.8833,3.45,202.0,Gaya,2020,10,29.1,35.4,22.7,60.0
11.8833,3.45,202.0,Gaya,2020,11,29.5,37.1,21.2,0.0
11.8833,3.45,202.0,Gaya,2020,12,28.6,37.0,20.0,0.0
11.8833,3.45,202.0,Gaya,2021,1,28.4,37.1,20.3,0.0
11.8833,3.45,202.0,Gaya,2021,2,29.3,36.4,20.7,0.0
11.8833,3.45,202.0,Gaya,2021,3,33.0,40.2,25.6,0.0
11.8833,3.45,202.0,Gaya,2021,4,35.4,42.5,27.0,0.5
11.8833,3.45,202.0,Gaya,2021,5,34.3,40.9,27.5,23.0
11.8833,3.45,202.0,Gaya,2021,6,30.9,37.0,24.7,109.0
11.8833,3.45,202.0,Gaya,2021,7,28.4,33.3,24.1,79.0
11.8833,3.45,202.0,Gaya,2021,8,27.2,31.5,22.8,307.0
11.8833,3.45,202.0,Gaya,2021,9,27.8,32.8,23.0,147.0
11.8833,3.45,202.0,Gaya,2021,10,30.4,37.2,24.6,3.0
11.8833,3.45,202.0,Gaya,2021,11,30.6,39.4,21.9,0.0
11.8833,3.45,202.0,Gaya,2021,12,27.3,34.8,20.2,0.0
11.8833,3.45,202.0,Gaya,2022,1,25.7,32.4,19.3,0.0
11.8833,3.45,202.0,Gaya,2022,2,29.0,36.7,21.9,0.0
11.8833,3.45,202.0,Gaya,2022,3,33.8,40.7,27.1,0.0
11.8833,3.45,202.0,Gaya,2022,4,34.2,41.8,28.6,11.0
11.8833,3.45,202.0,Gaya,2022,5,32.9,39.5,27.2,77.0
11.8833,3.45,202.0,Gaya,2022,6,29.6,35.1,24.9,163.0
11.8833,3.45,202.0,Gaya,2022,7,27.9,32.6,23.8,264.0
11.8833,3.45,202.0,Gaya,2022,8,26.7,31.2,23.1,249.0
11.8833,3.45,202.0,Gaya,2022,9,27.0,31.7,23.6,270.0
11.8833,3.45,202.0,Gaya,2022,10,28.9,35.6,23.4,41.0
11.8833,3.45,202.0,Gaya,2022,11,29.2,36.9,21.1,0.0
11.8833,3.45,202.0,Gaya,2022,12,27.4,34.3,19.8,0.0
11.8833,3.45,202.0,Gaya,2023,1,26.5,34.2,19.5,0.0
11.8833,3.45,202.0,Gaya,2023,2,29.3,36.9,22.7,0.0
11.8833,3.45,202.0,Gaya,2023,3,32.7,40.2,26.4,8.0
11.8833,3.45,202.0,Gaya,2023,4,34.0,40.7,28.4,2.0
11.8833,3.45,202.0,Gaya,2023,5,33.5,39.8,28.3,20.0
11.8833,3.45,202.0,Gaya,2023,6,30.5,36.2,25.8,82.0
11.8833,3.45,202.0,Gaya,2023,7,28.7,34.1,24.4,118.0
11.8833,3.45,202.0,Gaya,2023,8,26.9,31.4,23.4,334.0
11.8833,3.45,202.0,Gaya,2023,9,28.3,33.4,24.3,159.0
11.8833,3.45,202.0,Gaya,2023,10,29.6,36.1,24.8,62.0
11.8833,3.45,202.0,Gaya,2023,11,30.5,38.1,23.6,0.0
11.8833,3.45,202.0,Gaya,2023,12,27.0,34.8,19.8,0.0
11.8833,3.45,202.0,Gaya,2024,1,27.2,35.2,19.8,0.0
11.8833,3.45,202.0,Gaya,2024,2,29.5,35.9,21.9,0.5
11.8833,3.45,202.0,Gaya,2024,3,34.7,41.1,27.7,0.0
11.8833,3.45,202.0,Gaya,2024,4,34.6,41.6,28.7,40.0
11.8833,3.45,202.0,Gaya,2024,5,33.3,39.7,27.9,45.0
11.8833,3.45,202.0,Gaya,2024,6,30.1,35.5,25.7,120.0
11.8833,3.45,202.0,Gaya,2024,7,28.0,32.6,24.5,188.0
11.8833,3.45,202.0,Gaya,2024,8,27.3,31.2,24.2,458.0
11.8833,3.45,202.0,Gaya,2024,9,28.2,32.1,24.2,156.0
11.8833,3.45,202.0,Gaya,2024,10,29.2,35.0,24.5,41.0
11.8833,3.45,202.0,Gaya,2024,11,27.9,35.8,21.2,0.0
11.8833,3.45,202.0,Gaya,2024,12,25.5,33.3,19.1,0.0
11.8833,3.45,202.0,Gaya,2025,1,27.3,35.0,20.6,0.0
11.8833,3.45,202.0,Gaya,2025,2,29.9,37.1,23.2,0.0
11.8833,3.45,202.0,Gaya,2025,3,34.0,41.2,26.9,0.0
11.8833,3.45,202.0,Gaya,2025,4,34.8,42.1,28.0,0.0
11.8833,3.45,202.0,Gaya,2025,5,33.0,39.6,27.3,68.0
11.8833,3.45,202.0,Gaya,2025,6,30.9,37.4,26.0,35.0
11.8833,3.45,202.0,Gaya,2025,7,27.5,32.8,23.7,145.4
20.2,0.9833,494.0,Tessalit,1994,1,18.2,,,0.0
20.2,0.9833,494.0,Tessalit,1994,2,22.4,,,0.0
20.2,0.9833,494.0,Tessalit,1994,3,26.5,,,0.0
20.2,0.9833,494.0,Tessalit,1994,4,29.2,,,0.0
20.2,0.9833,494.0,Tessalit,1994,5,34.7,,,0.0
20.2,0.9833,494.0,Tessalit,1994,6,36.6,,,1.0
20.2,0.9833,494.0,Tessalit,1994,7,35.4,,,14.0
20.2,0.9833,494.0,Tessalit,1994,8,,,,73.0
20.2,0.9833,494.0,Tessalit,1994,9,31.1,,,51.0
20.2,0.9833,494.0,Tessalit,1994,10,30.5,,,0.0
20.2,0.9833,494.0,Tessalit,1994,11,25.9,,,0.0
20.2,0.9833,494.0,Tessalit,1994,12,20.7,,,0.0
20.2,0.9833,494.0,Tessalit,1995,1,17.5,,,0.0
20.2,0.9833,494.0,Tessalit,1995,2,21.6,,,0.0
20.2,0.9833,494.0,Tessalit,1995,3,25.6,,,2.0
20.2,0.9833,494.0,Tessalit,1995,4,30.7,,,2.0
20.2,0.9833,494.0,Tessalit,1995,5,34.8,,,0.0
20.2,0.9833,494.0,Tessalit,1995,6,36.8,,,28.0
20.2,0.9833,494.0,Tessalit,1995,7,35.2,,,20.0
20.2,0.9833,494.0,Tessalit,1995,8,34.6,,,35.0
20.2,0.9833,494.0,Tessalit,1995,9,34.4,,,8.0
20.2,0.9833,494.0,Tessalit,1995,10,31.1,,,0.0
20.2,0.9833,494.0,Tessalit,1995,12,,,,0.5
20.2,0.9833,494.0,Tessalit,1996,1,22.3,,,0.0
20.2,0.9833,494.0,Tessalit,1996,2,23.7,,,0.0
20.2,0.9833,494.0,Tessalit,1996,3,26.4,,,1.0
20.2,0.9833,494.0,Tessalit,1996,4,29.8,,,4.0
20.2,0.9833,494.0,Tessalit,1996,5,34.9,,,2.0
20.2,0.9833,494.0,Tessalit,1996,6,36.0,,,5.0
20.2,0.9833,494.0,Tessalit,1996,7,35.8,,,12.0
20.2,0.9833,494.0,Tessalit,1996,8,34.7,,,17.0
20.2,0.9833,494.0,Tessalit,1996,9,36.0,,,4.0
20.2,0.9833,494.0,Tessalit,1996,11,24.7,,,0.0
20.2,0.9833,494.0,Tessalit,1996,12,22.5,,,0.0
20.2,0.9833,494.0,Tessalit,1997,1,21.1,,,0.0
20.2,0.9833,494.0,Tessalit,1997,2,22.7,,,0.0
20.2,0.9833,494.0,Tessalit,1997,4,28.6,,,0.0
20.2,0.9833,494.0,Tessalit,1997,5,34.2,,,0.0
20.2,0.9833,494.0,Tessalit,1997,6,36.6,,,20.0
20.2,0.9833,494.0,Tessalit,1997,8,34.4,40.9,28.6,31.0
20.2,0.9833,494.0,Tessalit,1997,10,31.2,37.9,24.6,0.0
20.2,0.9833,494.0,Tessalit,1997,11,26.1,33.2,18.7,0.0
20.2,0.9833,494.0,Tessalit,1998,3,25.7,31.9,18.7,0.0
20.2,0.9833,494.0,Tessalit,1998,6,36.6,42.7,30.8,3.0
20.2,0.9833,494.0,Tessalit,1999,5,,,,0.0
20.2,0.9833,494.0,Tessalit,1999,7,35.0,42.1,28.8,23.0
20.2,0.9833,494.0,Tessalit,1999,8,32.1,39.4,25.9,97.0
20.2,0.9833,494.0,Tessalit,1999,10,,,,0.0
20.2,0.9833,494.0,Tessalit,1999,11,26.0,32.8,19.1,0.0
20.2,0.9833,494.0,Tessalit,1999,12,21.1,27.9,14.1,0.0
20.2,0.9833,494.0,Tessalit,2000,1,20.8,27.2,14.7,6.0
20.2,0.9833,494.0,Tessalit,2000,2,21.8,28.2,14.7,0.0
20.2,0.9833,494.0,Tessalit,2000,3,27.6,34.9,19.6,0.0
20.2,0.9833,494.0,Tessalit,2000,4,33.9,41.2,26.3,0.0
20.2,0.9833,494.0,Tessalit,2000,5,36.4,43.0,29.4,0.0
20.2,0.9833,494.0,Tessalit,2000,6,36.4,43.2,29.7,9.0
20.2,0.9833,494.0,Tessalit,2000,8,34.7,41.7,28.2,12.0
20.2,0.9833,494.0,Tessalit,2000,9,34.6,41.6,28.7,3.0
20.2,0.9833,494.0,Tessalit,2000,10,30.0,37.0,23.7,3.0
20.2,0.9833,494.0,Tessalit,2000,11,26.0,32.6,19.2,0.0
20.2,0.9833,494.0,Tessalit,2001,1,,,,0.0
20.2,0.9833,494.0,Tessalit,2001,2,22.6,29.7,14.6,0.0
20.2,0.9833,494.0,Tessalit,2001,3,29.2,36.7,21.2,0.0
20.2,0.9833,494.0,Tessalit,2001,6,36.2,42.9,29.7,0.0
20.2,0.9833,494.0,Tessalit,2001,7,36.0,43.0,29.1,5.0
20.2,0.9833,494.0,Tessalit,2001,10,31.7,37.5,25.5,0.0
20.2,0.9833,494.0,Tessalit,2001,11,26.0,32.8,19.2,0.0
20.2,0.9833,494.0,Tessalit,2001,12,23.4,30.3,16.3,0.0
20.2,0.9833,494.0,Tessalit,2002,1,20.8,,,0.0
20.2,0.9833,494.0,Tessalit,2002,2,24.0,29.4,,0.0
20.2,0.9833,494.0,Tessalit,2002,3,26.6,34.8,19.9,0.0
20.2,0.9833,494.0,Tessalit,2002,4,30.4,35.2,25.1,0.5
20.2,0.9833,494.0,Tessalit,2002,5,35.6,42.4,27.9,0.5
20.2,0.9833,494.0,Tessalit,2002,6,36.5,43.1,29.2,2.0
20.2,0.9833,494.0,Tessalit,2002,7,36.6,43.1,29.6,29.0
20.2,0.9833,494.0,Tessalit,2002,8,,,,34.0
20.2,0.9833,494.0,Tessalit,2002,9,35.0,42.7,,38.0
20.2,0.9833,494.0,Tessalit,2002,10,30.4,36.7,24.3,7.0
20.2,0.9833,494.0,Tessalit,2002,11,26.5,,18.8,0.0
20.2,0.9833,494.0,Tessalit,2002,12,23.2,29.8,16.4,0.0
20.2,0.9833,494.0,Tessalit,2003,1,20.4,26.8,13.6,4.0
20.2,0.9833,494.0,Tessalit,2003,3,27.4,34.9,19.6,0.0
20.2,0.9833,494.0,Tessalit,2003,4,31.8,39.0,23.2,1.0
20.2,0.9833,494.0,Tessalit,2003,5,36.4,43.2,28.9,0.0
20.2,0.9833,494.0,Tessalit,2003,6,35.6,42.8,28.8,13.0
20.2,0.9833,494.0,Tessalit,2003,7,35.4,42.2,28.7,36.0
20.2,0.9833,494.0,Tessalit,2003,8,33.6,,,42.0
20.2,0.9833,494.0,Tessalit,2003,9,34.2,41.0,28.0,10.0
20.2,0.9833,494.0,Tessalit,2003,10,33.5,40.0,26.8,2.0
20.2,0.9833,494.0,Tessalit,2003,11,27.8,34.6,20.8,0.0
20.2,0.9833,494.0,Tessalit,2003,12,21.5,,13.7,0.0
20.2,0.9833,494.0,Tessalit,2004,1,21.0,,14.7,0.0
20.2,0.9833,494.0,Tessalit,2004,2,25.4,,18.6,0.0
20.2,0.9833,494.0,Tessalit,2004,3,,,,0.0
20.2,0.9833,494.0,Tessalit,2004,4,32.0,,24.5,0.0
20.2,0.9833,494.0,Tessalit,2004,6,,,,14.0
20.2,0.9833,494.0,Tessalit,2004,7,34.2,,27.8,39.0
20.2,0.9833,494.0,Tessalit,2004,9,34.7,,,0.5
20.2,0.9833,494.0,Tessalit,2004,10,32.7,,,0.0
20.2,0.9833,494.0,Tessalit,2004,11,,,,0.0
20.2,0.9833,494.0,Tessalit,2004,12,22.9,30.2,16.1,0.0
20.2,0.9833,494.0,Tessalit,2005,1,18.8,25.5,12.2,2.0
20.2,0.9833,494.0,Tessalit,2005,2,22.3,29.1,15.8,9.0
20.2,0.9833,494.0,Tessalit,2005,4,32.3,40.1,23.7,0.0
20.2,0.9833,494.0,Tessalit,2005,5,36.2,41.5,29.1,11.0
20.2,0.9833,494.0,Tessalit,2005,6,,,,10.0
20.2,0.9833,494.0,Tessalit,2005,7,35.6,43.1,28.7,17.0
20.2,0.9833,494.0,Tessalit,2005,9,,,,64.0
20.2,0.9833,494.0,Tessalit,2005,10,32.2,,,0.0
20.2,0.9833,494.0,Tessalit,2005,11,26.7,,,0.0
20.2,0.9833,494.0,Tessalit,2005,12,,,,0.0
20.2,0.9833,494.0,Tessalit,2006,2,21.7,29.1,14.0,16.0
20.2,0.9833,494.0,Tessalit,2006,4,32.0,,,0.0
20.2,0.9833,494.0,Tessalit,2006,5,33.7,,,2.0
20.2,0.9833,494.0,Tessalit,2006,6,,,,1.0
20.2,0.9833,494.0,Tessalit,2006,7,,,,70.0
20.2,0.9833,494.0,Tessalit,2006,8,,,,36.0
20.2,0.9833,494.0,Tessalit,2006,9,34.8,41.2,28.1,25.0
20.2,0.9833,494.0,Tessalit,2006,12,20.8,,,0.0
20.2,0.9833,494.0,Tessalit,2007,1,,,,0.0
20.2,0.9833,494.0,Tessalit,2007,2,,,,0.0
20.2,0.9833,494.0,Tessalit,2007,3,27.0,,,0.5
20.2,0.9833,494.0,Tessalit,2007,5,34.1,,,0.0
20.2,0.9833,494.0,Tessalit,2007,6,,,,7.0
20.2,0.9833,494.0,Tessalit,2007,7,,,,30.0
20.2,0.9833,494.0,Tessalit,2007,9,34.3,41.7,27.7,5.0
20.2,0.9833,494.0,Tessalit,2008,8,33.7,40.8,27.7,19.0
20.2,0.9833,494.0,Tessalit,2008,11,25.6,32.7,18.6,0.0
20.2,0.9833,494.0,Tessalit,2008,12,20.8,28.3,13.9,0.0
20.2,0.9833,494.0,Tessalit,2009,3,29.5,36.1,22.6,0.5
20.2,0.9833,494.0,Tessalit,2009,8,35.0,41.7,28.6,35.0
20.2,0.9833,494.0,Tessalit,2009,9,34.7,41.2,27.9,27.0
20.2,0.9833,494.0,Tessalit,2009,10,31.7,38.7,24.4,
20.2,0.9833,494.0,Tessalit,2009,12,24.1,31.2,16.7,0.0
20.2,0.9833,494.0,Tessalit,2010,1,22.7,30.5,14.1,0.0
20.2,0.9833,494.0,Tessalit,2010,2,28.9,34.4,,0.0
20.2,0.9833,494.0,Tessalit,2010,3,28.8,36.1,20.8,0.0
20.2,0.9833,494.0,Tessalit,2010,6,36.7,42.3,29.3,22.0
20.2,0.9833,494.0,Tessalit,2010,7,35.8,41.9,28.6,82.0
20.2,0.9833,494.0,Tessalit,2010,8,33.2,39.9,26.9,45.0
20.2,0.9833,494.0,Tessalit,2010,9,34.5,40.5,27.4,4.0
20.2,0.9833,494.0,Tessalit,2010,11,27.8,34.3,20.0,0.0
20.2,0.9833,494.0,Tessalit,2010,12,24.5,31.4,17.0,0.0
20.2,0.9833,494.0,Tessalit,2011,1,22.4,28.9,15.2,
20.2,0.9833,494.0,Tessalit,2011,2,21.5,28.7,13.3,
20.2,0.9833,494.0,Tessalit,2011,3,29.7,36.4,21.5,0.0
20.2,0.9833,494.0,Tessalit,2011,4,31.8,38.2,23.5,0.0
20.2,0.9833,494.0,Tessalit,2011,5,34.4,41.0,26.6,0.5
20.2,0.9833,494.0,Tessalit,2011,7,35.8,42.0,29.0,11.0
20.2,0.9833,494.0,Tessalit,2011,8,,,,48.0
20.2,0.9833,494.0,Tessalit,2011,10,,,,0.5
20.2,0.9833,494.0,Tessalit,2011,11,27.6,34.3,19.4,0.0
20.2,0.9833,494.0,Tessalit,2011,12,20.5,27.0,13.3,0.0
20.2,0.9833,494.0,Tessalit,2014,10,32.9,39.7,26.4,
20.2,0.9833,494.0,Tessalit,2014,11,27.5,34.6,21.0,
20.2,0.9833,494.0,Tessalit,2014,12,20.7,,,
20.2,0.9833,494.0,Tessalit,2015,1,19.4,,,
20.2,0.9833,494.0,Tessalit,2015,2,24.1,31.4,17.1,
20.2,0.9833,494.0,Tessalit,2018,8,31.6,37.6,26.9,
20.2,0.9833,494.0,Tessalit,2018,9,32.8,38.8,27.2,
20.2,0.9833,494.0,Tessalit,2018,10,30.4,36.9,24.1,
20.2,0.9833,494.0,Tessalit,2018,11,26.5,33.1,20.2,
20.2,0.9833,494.0,Tessalit,2018,12,19.9,26.8,13.4,
20.2,0.9833,494.0,Tessalit,2019,1,18.0,25.1,11.0,
20.2,0.9833,494.0,Tessalit,2019,2,20.0,26.7,13.1,
20.2,0.9833,494.0,Tessalit,2019,3,25.2,31.8,18.5,
20.2,0.9833,494.0,Tessalit,2019,4,29.3,36.0,22.6,
20.2,0.9833,494.0,Tessalit,2019,5,34.9,40.9,28.4,
20.2,0.9833,494.0,Tessalit,2019,6,36.9,43.0,30.7,
20.2,0.9833,494.0,Tessalit,2019,7,35.4,41.7,29.8,
20.2,0.9833,494.0,Tessalit,2019,8,32.9,39.3,27.7,
20.2,0.9833,494.0,Tessalit,2019,9,34.9,41.1,29.1,
20.2,0.9833,494.0,Tessalit,2019,10,31.8,37.8,26.1,
20.2,0.9833,494.0,Tessalit,2019,11,25.1,31.5,19.2,
20.2,0.9833,494.0,Tessalit,2019,12,22.3,29.2,16.2,
20.2,0.9833,494.0,Tessalit,2020,1,19.8,26.0,14.4,
20.2,0.9833,494.0,Tessalit,2020,2,24.3,30.5,18.5,
20.2,0.9833,494.0,Tessalit,2020,3,27.2,33.5,21.2,
20.2,0.9833,494.0,Tessalit,2020,4,32.9,39.2,26.3,
20.2,0.9833,494.0,Tessalit,2020,10,31.5,38.2,25.3,
20.2,0.9833,494.0,Tessalit,2020,11,24.2,30.3,18.8,
20.2,0.9833,494.0,Tessalit,2020,12,21.9,28.6,16.2,
20.2,0.9833,494.0,Tessalit,2021,1,21.6,29.0,15.5,
20.2,0.9833,494.0,Tessalit,2021,2,23.6,30.4,17.6,
20.2,0.9833,494.0,Tessalit,2021,3,26.1,32.5,20.1,
20.2,0.9833,494.0,Tessalit,2021,4,32.4,39.3,25.3,
20.2,0.9833,494.0,Tessalit,2021,5,36.5,44.2,27.8,
20.2,0.9833,494.0,Tessalit,2021,6,37.8,45.4,29.5,
20.2,0.9833,494.0,Tessalit,2021,7,37.3,43.8,29.7,
20.2,0.9833,494.0,Tessalit,2021,8,36.6,42.9,29.2,
20.2,0.9833,494.0,Tessalit,2021,9,35.5,43.5,27.1,
20.2,0.9833,494.0,Tessalit,2021,10,31.8,40.2,23.9,
20.2,0.9833,494.0,Tessalit,2021,11,26.1,34.0,18.9,
20.2,0.9833,494.0,Tessalit,2021,12,22.2,30.4,15.4,
20.2,0.9833,494.0,Tessalit,2022,1,18.9,26.8,12.3,
20.2,0.9833,494.0,Tessalit,2022,2,23.4,32.2,15.4,
20.2,0.9833,494.0,Tessalit,2022,3,27.3,35.4,19.5,
20.2,0.9833,494.0,Tessalit,2022,4,30.6,39.0,21.2,
20.2,0.9833,494.0,Tessalit,2022,5,34.1,41.2,26.3,
20.2,0.9833,494.0,Tessalit,2022,6,36.2,42.3,29.0,6.8
20.2,0.9833,494.0,Tessalit,2022,7,36.4,43.0,29.0,2.1
20.2,0.9833,494.0,Tessalit,2022,8,35.4,41.9,28.2,20.2
20.2,0.9833,494.0,Tessalit,2022,9,35.4,42.7,27.2,0.1
20.2,0.9833,494.0,Tessalit,2022,10,31.0,39.4,23.4,0.0
20.2,0.9833,494.0,Tessalit,2022,11,24.6,33.4,16.9,0.0
20.2,0.9833,494.0,Tessalit,2022,12,22.6,31.7,14.8,
20.2,0.9833,494.0,Tessalit,2023,1,19.6,28.1,12.4,
20.2,0.9833,494.0,Tessalit,2023,2,23.7,32.0,16.5,
20.2,0.9833,494.0,Tessalit,2023,3,28.3,37.1,19.3,
20.2,0.9833,494.0,Tessalit,2023,4,30.4,38.6,21.1,
20.2,0.9833,494.0,Tessalit,2023,5,35.0,41.8,27.4,
20.2,0.9833,494.0,Tessalit,2023,6,37.1,44.1,28.8,
20.2,0.9833,494.0,Tessalit,2023,7,37.7,44.6,29.8,
20.2,0.9833,494.0,Tessalit,2023,8,36.6,42.7,29.5,
20.2,0.9833,494.0,Tessalit,2023,9,35.9,42.9,27.7,
20.2,0.9833,494.0,Tessalit,2023,10,32.0,40.1,23.6,
20.2,0.9833,494.0,Tessalit,2023,11,25.0,33.9,16.5,
20.2,0.9833,494.0,Tessalit,2023,12,19.8,28.2,12.6,
20.2,0.9833,494.0,Tessalit,2024,1,20.6,29.5,13.0,
20.2,0.9833,494.0,Tessalit,2024,2,22.1,30.7,14.0,
20.2,0.9833,494.0,Tessalit,2024,3,27.1,35.3,19.3,
20.2,0.9833,494.0,Tessalit,2024,4,30.8,38.5,22.6,
20.2,0.9833,494.0,Tessalit,2024,5,36.6,43.4,29.6,
20.2,0.9833,494.0,Tessalit,2024,6,38.6,45.4,30.8,
20.2,0.9833,494.0,Tessalit,2024,7,37.0,43.1,29.9,
20.2,0.9833,494.0,Tessalit,2024,8,35.3,41.3,28.7,
20.2,0.9833,494.0,Tessalit,2024,9,34.4,40.4,27.5,
20.2,0.9833,494.0,Tessalit,2024,10,32.3,40.0,24.3,
20.2,0.9833,494.0,Tessalit,2024,11,24.5,32.4,17.2,
20.2,0.9833,494.0,Tessalit,2024,12,20.3,28.3,13.7,
20.2,0.9833,494.0,Tessalit,2025,1,19.3,27.2,13.1,
20.2,0.9833,494.0,Tessalit,2025,2,22.1,29.1,16.2,
20.2,0.9833,494.0,Tessalit,2025,3,29.4,36.5,22.4,
20.2,0.9833,494.0,Tessalit,2025,4,32.0,39.3,24.4,
20.2,0.9833,494.0,Tessalit,2025,5,35.8,42.3,29.0,
20.2,0.9833,494.0,Tessalit,2025,6,36.8,43.0,29.9,
20.2,0.9833,494.0,Tessalit,2025,7,36.9,42.9,30.5,
20.2,0.9833,494.0,Tessalit,2025,8,35.5,41.4,29.3,
18.4333,1.35,458.0,Kidal,1994,1,18.5,,,0.0
18.4333,1.35,458.0,Kidal,1994,2,21.6,,13.3,0.0
18.4333,1.35,458.0,Kidal,1994,3,28.3,,,1.0
18.4333,1.35,458.0,Kidal,1994,4,31.0,,,0.0
18.4333,1.35,458.0,Kidal,1994,5,34.0,,26.2,0.0
18.4333,1.35,458.0,Kidal,1994,6,35.6,,29.3,1.0
18.4333,1.35,458.0,Kidal,1994,7,32.6,,,49.0
18.4333,1.35,458.0,Kidal,1994,9,30.7,,,59.0
18.4333,1.35,458.0,Kidal,1994,10,30.5,,,9.0
18.4333,1.35,458.0,Kidal,1994,11,24.9,,,0.0
18.4333,1.35,458.0,Kidal,1995,12,23.6,,,3.0
18.4333,1.35,458.0,Kidal,1996,1,22.0,,,0.0
18.4333,1.35,458.0,Kidal,1996,3,27.3,,,
18.4333,1.35,458.0,Kidal,1996,4,31.0,,,0.0
18.4333,1.35,458.0,Kidal,1996,5,35.3,,,5.0
18.4333,1.35,458.0,Kidal,1996,6,35.5,,,0.0
18.4333,1.35,458.0,Kidal,1996,7,34.2,,,47.0
18.4333,1.35,458.0,Kidal,1996,11,25.1,,,0.0
18.4333,1.35,458.0,Kidal,1996,12,23.6,,,0.0
18.4333,1.35,458.0,Kidal,1997,2,21.5,,,0.0
18.4333,1.35,458.0,Kidal,1997,3,25.3,,,0.0
18.4333,1.35,458.0,Kidal,1997,4,30.7,,,0.0
18.4333,1.35,458.0,Kidal,1997,5,35.4,,,3.0
18.4333,1.35,458.0,Kidal,1997,6,35.8,,,17.0
18.4333,1.35,458.0,Kidal,1997,8,33.4,,,26.0
18.4333,1.35,458.0,Kidal,1998,1,20.6,28.3,13.2,0.0
18.4333,1.35,458.0,Kidal,1998,2,24.6,,16.3,0.0
18.4333,1.35,458.0,Kidal,1998,3,25.1,32.2,17.8,0.0
18.4333,1.35,458.0,Kidal,1998,11,26.0,32.7,18.5,0.0
18.4333,1.35,458.0,Kidal,1998,12,22.8,29.3,15.6,0.0
18.4333,1.35,458.0,Kidal,1999,1,22.8,,,0.0
18.4333,1.35,458.0,Kidal,1999,2,21.2,28.5,13.1,0.0
18.4333,1.35,458.0,Kidal,1999,3,28.4,35.6,20.1,0.0
18.4333,1.35,458.0,Kidal,1999,4,32.7,39.9,25.6,0.0
18.4333,1.35,458.0,Kidal,1999,6,35.3,42.2,29.6,0.5
18.4333,1.35,458.0,Kidal,1999,8,31.3,36.8,26.4,104.0
18.4333,1.35,458.0,Kidal,1999,9,33.4,38.8,28.3,8.0
18.4333,1.35,458.0,Kidal,1999,10,30.8,36.9,22.5,48.0
18.4333,1.35,458.0,Kidal,1999,11,27.3,33.6,19.5,0.0
18.4333,1.35,458.0,Kidal,1999,12,21.1,23.7,14.1,
18.4333,1.35,458.0,Kidal,2000,1,23.0,28.8,16.1,0.5
18.4333,1.35,458.0,Kidal,2000,2,20.9,27.1,12.5,0.0
18.4333,1.35,458.0,Kidal,2000,6,35.4,41.8,28.3,13.0
18.4333,1.35,458.0,Kidal,2000,9,33.2,39.6,27.2,29.0
18.4333,1.35,458.0,Kidal,2000,10,31.6,37.2,24.8,4.0
18.4333,1.35,458.0,Kidal,2000,11,26.7,33.5,19.0,0.0
18.4333,1.35,458.0,Kidal,2001,2,21.8,29.7,13.9,0.0
18.4333,1.35,458.0,Kidal,2001,4,31.8,38.5,23.7,0.0
18.4333,1.35,458.0,Kidal,2001,6,34.7,40.8,28.9,43.0
18.4333,1.35,458.0,Kidal,2001,10,30.9,36.6,24.7,0.0
18.4333,1.35,458.0,Kidal,2001,11,26.5,33.0,18.5,0.0
18.4333,1.35,458.0,Kidal,2001,12,24.3,31.2,16.8,
18.4333,1.35,458.0,Kidal,2007,10,32.3,35.5,30.3,
18.4333,1.35,458.0,Kidal,2009,1,18.8,25.6,12.0,0.0
18.4333,1.35,458.0,Kidal,2018,8,29.4,34.5,25.5,
18.4333,1.35,458.0,Kidal,2018,9,31.2,37.1,26.1,
18.4333,1.35,458.0,Kidal,2018,10,30.9,37.5,24.4,
18.4333,1.35,458.0,Kidal,2018,11,27.0,34.0,20.3,
18.4333,1.35,458.0,Kidal,2018,12,20.3,27.0,13.7,
18.4333,1.35,458.0,Kidal,2019,1,19.3,26.3,12.3,
18.4333,1.35,458.0,Kidal,2019,2,21.2,27.7,14.5,
18.4333,1.35,458.0,Kidal,2019,3,26.6,33.0,20.0,
18.4333,1.35,458.0,Kidal,2019,4,31.3,37.7,24.7,
18.4333,1.35,458.0,Kidal,2019,5,36.3,42.5,29.7,
18.4333,1.35,458.0,Kidal,2019,6,35.8,42.3,29.9,
18.4333,1.35,458.0,Kidal,2019,7,33.4,39.8,27.8,
18.4333,1.35,458.0,Kidal,2019,8,30.5,36.2,26.0,
18.4333,1.35,458.0,Kidal,2019,9,33.3,39.8,27.6,
18.4333,1.35,458.0,Kidal,2019,10,32.6,38.7,26.8,
18.4333,1.35,458.0,Kidal,2019,11,27.8,34.6,21.6,
18.4333,1.35,458.0,Kidal,2019,12,23.2,30.0,17.3,
18.4333,1.35,458.0,Kidal,2020,1,20.6,26.8,15.2,
18.4333,1.35,458.0,Kidal,2020,2,24.3,30.7,18.4,
18.4333,1.35,458.0,Kidal,2020,3,29.3,35.8,22.9,
18.4333,1.35,458.0,Kidal,2020,4,35.1,41.7,28.4,
18.4333,1.35,458.0,Kidal,2020,10,31.9,38.6,25.8,
18.4333,1.35,458.0,Kidal,2020,11,24.7,31.4,19.0,
18.4333,1.35,458.0,Kidal,2020,12,24.3,31.6,18.1,
18.4333,1.35,458.0,Kidal,2021,1,23.7,31.2,17.1,
18.4333,1.35,458.0,Kidal,2021,2,24.8,31.7,18.5,
18.4333,1.35,458.0,Kidal,2021,3,28.5,34.9,22.6,
18.4333,1.35,458.0,Kidal,2021,4,33.7,40.8,26.3,
18.4333,1.35,458.0,Kidal,2021,5,32.1,38.6,25.1,
18.4333,1.35,458.0,Kidal,2021,6,30.9,36.3,24.9,
18.4333,1.35,458.0,Kidal,2021,7,28.8,34.1,23.7,
18.4333,1.35,458.0,Kidal,2021,8,27.9,33.2,22.9,
18.4333,1.35,458.0,Kidal,2021,9,29.3,34.9,23.3,
18.4333,1.35,458.0,Kidal,2021,10,28.0,34.4,20.7,
18.4333,1.35,458.0,Kidal,2021,11,23.7,30.4,16.2,
18.4333,1.35,458.0,Kidal,2021,12,19.5,26.0,13.0,
18.4333,1.35,458.0,Kidal,2022,1,16.8,23.2,10.6,
18.4333,1.35,458.0,Kidal,2022,2,20.3,27.5,13.0,
18.4333,1.35,458.0,Kidal,2022,3,23.9,30.4,17.5,
18.4333,1.35,458.0,Kidal,2022,4,26.7,34.2,19.0,
18.4333,1.35,458.0,Kidal,2022,5,30.2,36.3,23.5,
18.4333,1.35,458.0,Kidal,2022,6,31.6,37.1,25.7,1.2
18.4333,1.35,458.0,Kidal,2022,7,28.0,33.5,23.1,4.9
18.4333,1.35,458.0,Kidal,2022,8,26.9,32.5,22.1,7.3
18.4333,1.35,458.0,Kidal,2022,9,28.5,33.8,22.6,0.7
18.4333,1.35,458.0,Kidal,2022,10,26.7,32.8,20.6,0.0
18.4333,1.35,458.0,Kidal,2022,11,21.5,27.9,14.9,0.0
18.4333,1.35,458.0,Kidal,2022,12,19.7,26.3,13.4,0.0
18.4333,1.35,458.0,Kidal,2023,1,18.1,25.1,11.0,0.0
18.4333,1.35,458.0,Kidal,2023,2,21.5,28.3,14.6,0.0
18.4333,1.35,458.0,Kidal,2023,3,24.2,31.5,16.7,0.0
18.4333,1.35,458.0,Kidal,2023,4,26.0,32.6,18.9,0.0
18.4333,1.35,458.0,Kidal,2023,5,30.7,36.4,24.5,0.1
18.4333,1.35,458.0,Kidal,2023,6,29.6,35.1,24.2,0.3
18.4333,1.35,458.0,Kidal,2023,7,29.3,34.5,24.2,2.2
18.4333,1.35,458.0,Kidal,2023,8,27.8,33.3,23.2,9.2
18.4333,1.35,458.0,Kidal,2023,9,29.5,35.7,23.5,0.2
18.4333,1.35,458.0,Kidal,2023,10,28.9,36.0,21.2,0.0
18.4333,1.35,458.0,Kidal,2023,11,23.8,31.2,15.8,0.0
18.4333,1.35,458.0,Kidal,2023,12,19.6,26.7,12.2,0.0
18.4333,1.35,458.0,Kidal,2024,1,19.6,26.5,12.4,0.0
18.4333,1.35,458.0,Kidal,2024,2,20.7,27.7,13.0,0.0
18.4333,1.35,458.0,Kidal,2024,3,24.9,32.0,18.0,0.0
18.4333,1.35,458.0,Kidal,2024,4,28.1,35.4,20.9,0.0
18.4333,1.35,458.0,Kidal,2024,5,32.7,39.3,26.1,0.0
18.4333,1.35,458.0,Kidal,2024,6,31.4,36.9,26.6,0.0
18.4333,1.35,458.0,Kidal,2024,7,28.5,33.9,24.6,11.1
18.4333,1.35,458.0,Kidal,2024,8,26.9,32.3,23.0,
18.4333,1.35,458.0,Kidal,2024,9,27.2,33.4,22.0,
18.4333,1.35,458.0,Kidal,2024,10,29.0,36.2,21.1,0.1
18.4333,1.35,458.0,Kidal,2024,11,23.3,29.3,16.2,0.0
18.4333,1.35,458.0,Kidal,2024,12,19.5,25.8,12.5,
18.4333,1.35,458.0,Kidal,2025,1,19.6,25.6,12.4,0.0
18.4333,1.35,458.0,Kidal,2025,2,22.2,27.7,14.8,
18.4333,1.35,458.0,Kidal,2025,3,27.9,35.1,19.4,
18.4333,1.35,458.0,Kidal,2025,4,29.7,37.5,20.8,
18.4333,1.35,458.0,Kidal,2025,5,32.7,39.5,24.8,0.0
18.4333,1.35,458.0,Kidal,2025,6,30.7,35.0,24.1,1.8
18.4333,1.35,458.0,Kidal,2025,7,28.3,33.0,22.7,1.9
18.4333,1.35,458.0,Kidal,2025,8,26.8,31.8,21.8,
16.7167,-3.0,263.0,Tombouctou,1994,1,,,,0.0
16.7167,-3.0,263.0,Tombouctou,1994,2,23.3,,,0.0
16.7167,-3.0,263.0,Tombouctou,1994,3,27.9,,,0.0
16.7167,-3.0,263.0,Tombouctou,1994,4,31.8,,,0.0
16.7167,-3.0,263.0,Tombouctou,1994,5,34.1,,,1.0
16.7167,-3.0,263.0,Tombouctou,1994,7,,,,63.0
16.7167,-3.0,263.0,Tombouctou,1994,8,,,,74.0
16.7167,-3.0,263.0,Tombouctou,1994,9,,,,63.0
16.7167,-3.0,263.0,Tombouctou,1994,10,,,,8.0
16.7167,-3.0,263.0,Tombouctou,1994,11,,,,0.0
16.7167,-3.0,263.0,Tombouctou,1994,12,,,,0.0
16.7167,-3.0,263.0,Tombouctou,1995,1,,,,0.0
16.7167,-3.0,263.0,Tombouctou,1995,2,,,,0.0
16.7167,-3.0,263.0,Tombouctou,1995,3,,,,0.0
16.7167,-3.0,263.0,Tombouctou,1995,5,,,,8.0
16.7167,-3.0,263.0,Tombouctou,1995,6,,,,37.0
16.7167,-3.0,263.0,Tombouctou,1995,7,,,,40.0
16.7167,-3.0,263.0,Tombouctou,1995,8,31.6,,,31.0
16.7167,-3.0,263.0,Tombouctou,1995,9,31.9,,,33.0
16.7167,-3.0,263.0,Tombouctou,1995,10,31.4,,,0.0
16.7167,-3.0,263.0,Tombouctou,1995,11,26.5,,,0.0
16.7167,-3.0,263.0,Tombouctou,1995,12,22.9,,,0.5
16.7167,-3.0,263.0,Tombouctou,1996,1,23.6,,,0.0
16.7167,-3.0,263.0,Tombouctou,1996,2,25.3,,,0.0
16.7167,-3.0,263.0,Tombouctou,1996,3,28.1,,,0.0
16.7167,-3.0,263.0,Tombouctou,1996,4,31.5,,,0.0
16.7167,-3.0,263.0,Tombouctou,1996,6,35.0,,,4.0
16.7167,-3.0,263.0,Tombouctou,1996,7,33.0,,,41.0
16.7167,-3.0,263.0,Tombouctou,1996,8,31.3,,,35.0
16.7167,-3.0,263.0,Tombouctou,1996,9,31.4,,,84.0
16.7167,-3.0,263.0,Tombouctou,1996,10,31.5,,,3.0
16.7167,-3.0,263.0,Tombouctou,1996,11,25.0,,,0.0
16.7167,-3.0,263.0,Tombouctou,1996,12,23.4,,,0.0
16.7167,-3.0,263.0,Tombouctou,1997,1,23.5,,,0.0
16.7167,-3.0,263.0,Tombouctou,1997,2,23.0,,,0.0
16.7167,-3.0,263.0,Tombouctou,1997,3,,,,0.0
16.7167,-3.0,263.0,Tombouctou,1997,4,30.9,,,0.0
16.7167,-3.0,263.0,Tombouctou,1997,5,34.5,41.9,27.3,0.0
16.7167,-3.0,263.0,Tombouctou,1997,7,33.6,40.4,27.6,47.0
16.7167,-3.0,263.0,Tombouctou,1997,8,32.2,39.1,26.5,17.0
16.7167,-3.0,263.0,Tombouctou,1997,10,31.4,38.5,24.9,37.0
16.7167,-3.0,263.0,Tombouctou,1997,12,24.0,32.0,14.8,0.0
16.7167,-3.0,263.0,Tombouctou,1998,1,21.7,30.4,13.4,0.0
16.7167,-3.0,263.0,Tombouctou,1998,2,25.9,34.7,17.2,0.0
16.7167,-3.0,263.0,Tombouctou,1998,3,27.6,35.6,19.1,0.0
16.7167,-3.0,263.0,Tombouctou,1998,4,33.9,42.4,25.3,5.0
16.7167,-3.0,263.0,Tombouctou,1998,6,34.7,41.2,28.3,20.0
16.7167,-3.0,263.0,Tombouctou,1998,7,32.7,38.6,27.1,22.0
16.7167,-3.0,263.0,Tombouctou,1998,8,32.2,38.3,26.7,45.0
16.7167,-3.0,263.0,Tombouctou,1999,1,20.5,28.1,12.8,0.0
16.7167,-3.0,263.0,Tombouctou,1999,2,20.8,28.9,12.4,0.0
16.7167,-3.0,263.0,Tombouctou,1999,3,27.5,36.0,19.0,0.0
16.7167,-3.0,263.0,Tombouctou,1999,4,32.4,40.2,24.8,3.0
16.7167,-3.0,263.0,Tombouctou,1999,5,35.2,43.0,27.0,0.5
16.7167,-3.0,263.0,Tombouctou,1999,6,35.5,43.2,28.5,8.0
16.7167,-3.0,263.0,Tombouctou,1999,8,29.0,34.5,24.3,216.0
16.7167,-3.0,263.0,Tombouctou,1999,9,29.9,36.3,24.5,64.0
16.7167,-3.0,263.0,Tombouctou,1999,10,,,,8.0
16.7167,-3.0,263.0,Tombouctou,1999,11,26.3,34.7,18.1,0.0
16.7167,-3.0,263.0,Tombouctou,1999,12,21.8,,13.4,0.0
16.7167,-3.0,263.0,Tombouctou,2000,1,23.2,30.6,16.0,2.0
16.7167,-3.0,263.0,Tombouctou,2000,2,22.3,30.4,13.8,0.0
16.7167,-3.0,263.0,Tombouctou,2000,3,27.7,37.5,18.0,0.0
16.7167,-3.0,263.0,Tombouctou,2000,4,33.6,42.5,24.0,0.0
16.7167,-3.0,263.0,Tombouctou,2000,5,35.2,42.3,28.2,6.0
16.7167,-3.0,263.0,Tombouctou,2000,6,34.6,41.9,27.8,15.0
16.7167,-3.0,263.0,Tombouctou,2000,7,,,,100.0
16.7167,-3.0,263.0,Tombouctou,2000,8,31.4,37.7,25.7,78.0
16.7167,-3.0,263.0,Tombouctou,2000,9,31.5,,,52.0
16.7167,-3.0,263.0,Tombouctou,2000,10,30.1,37.2,23.1,1.0
16.7167,-3.0,263.0,Tombouctou,2000,11,26.3,34.6,18.1,0.0
16.7167,-3.0,263.0,Tombouctou,2000,12,22.3,30.4,13.8,0.0
16.7167,-3.0,263.0,Tombouctou,2001,1,21.6,30.8,12.5,0.0
16.7167,-3.0,263.0,Tombouctou,2001,2,23.0,31.6,14.1,0.0
16.7167,-3.0,263.0,Tombouctou,2001,3,29.2,38.6,18.8,0.0
16.7167,-3.0,263.0,Tombouctou,2001,4,31.7,,23.1,0.0
16.7167,-3.0,263.0,Tombouctou,2001,7,32.7,39.4,25.7,11.0
16.7167,-3.0,263.0,Tombouctou,2001,8,30.8,36.7,25.6,64.0
16.7167,-3.0,263.0,Tombouctou,2001,9,31.8,39.0,26.0,6.0
16.7167,-3.0,263.0,Tombouctou,2001,10,31.1,39.0,23.5,0.5
16.7167,-3.0,263.0,Tombouctou,2001,11,26.4,35.3,17.7,0.0
16.7167,-3.0,263.0,Tombouctou,2001,12,24.5,33.0,16.3,0.0
16.7167,-3.0,263.0,Tombouctou,2002,1,21.4,28.6,,0.0
16.7167,-3.0,263.0,Tombouctou,2002,2,23.0,31.8,,0.0
16.7167,-3.0,263.0,Tombouctou,2002,3,28.8,37.3,19.9,0.0
16.7167,-3.0,263.0,Tombouctou,2002,4,31.6,39.2,23.5,0.5
16.7167,-3.0,263.0,Tombouctou,2002,5,35.6,42.7,28.3,0.0
16.7167,-3.0,263.0,Tombouctou,2002,6,35.4,42.2,28.9,7.0
16.7167,-3.0,263.0,Tombouctou,2002,7,33.2,39.5,27.6,40.0
16.7167,-3.0,263.0,Tombouctou,2002,8,31.4,37.5,26.2,22.0
16.7167,-3.0,263.0,Tombouctou,2002,9,33.1,39.8,26.9,34.0
16.7167,-3.0,263.0,Tombouctou,2002,10,30.2,37.5,23.5,37.0
16.7167,-3.0,263.0,Tombouctou,2002,11,26.7,35.5,17.5,0.0
16.7167,-3.0,263.0,Tombouctou,2003,1,21.5,29.0,15.0,0.5
16.7167,-3.0,263.0,Tombouctou,2003,2,25.5,34.4,16.9,0.0
16.7167,-3.0,263.0,Tombouctou,2003,3,28.2,36.9,19.2,0.0
16.7167,-3.0,263.0,Tombouctou,2003,4,33.1,41.6,23.9,0.0
16.7167,-3.0,263.0,Tombouctou,2003,5,35.4,43.3,27.0,0.5
16.7167,-3.0,263.0,Tombouctou,2003,6,34.1,40.6,28.4,20.0
16.7167,-3.0,263.0,Tombouctou,2003,7,32.4,38.7,26.4,37.0
16.7167,-3.0,263.0,Tombouctou,2003,8,30.6,36.4,25.4,144.0
16.7167,-3.0,263.0,Tombouctou,2003,9,31.0,37.4,25.2,43.0
16.7167,-3.0,263.0,Tombouctou,2003,10,32.1,40.1,24.6,0.0
16.7167,-3.0,263.0,Tombouctou,2003,11,29.2,36.4,20.6,0.0
16.7167,-3.0,263.0,Tombouctou,2003,12,21.8,30.3,,0.0
16.7167,-3.0,263.0,Tombouctou,2004,1,21.7,30.0,,0.5
16.7167,-3.0,263.0,Tombouctou,2004,2,25.7,34.7,,0.0
16.7167,-3.0,263.0,Tombouctou,2004,3,27.6,36.1,,1.0
16.7167,-3.0,263.0,Tombouctou,2004,4,32.7,40.2,25.3,2.0
16.7167,-3.0,263.0,Tombouctou,2004,5,34.9,42.4,26.6,0.0
16.7167,-3.0,263.0,Tombouctou,2004,6,34.9,,,4.0
16.7167,-3.0,263.0,Tombouctou,2004,7,31.4,37.8,26.1,50.0
16.7167,-3.0,263.0,Tombouctou,2004,8,31.7,33.4,25.9,91.0
16.7167,-3.0,263.0,Tombouctou,2004,9,32.5,,,4.0
16.7167,-3.0,263.0,Tombouctou,2004,10,31.3,,,0.5
16.7167,-3.0,263.0,Tombouctou,2004,11,26.4,,,0.0
16.7167,-3.0,263.0,Tombouctou,2004,12,24.5,32.8,16.7,0.0
16.7167,-3.0,263.0,Tombouctou,2005,1,21.0,28.1,14.4,2.0
16.7167,-3.0,263.0,Tombouctou,2005,2,25.0,31.9,18.7,3.0
16.7167,-3.0,263.0,Tombouctou,2005,4,33.1,41.7,23.9,0.0
16.7167,-3.0,263.0,Tombouctou,2005,5,35.7,43.2,27.9,13.0
16.7167,-3.0,263.0,Tombouctou,2005,6,34.3,40.4,,1.0
16.7167,-3.0,263.0,Tombouctou,2005,7,31.7,,,62.0
16.7167,-3.0,263.0,Tombouctou,2005,8,31.9,37.4,26.3,63.0
16.7167,-3.0,263.0,Tombouctou,2005,9,32.9,39.5,26.5,37.0
16.7167,-3.0,263.0,Tombouctou,2005,10,32.3,40.0,,0.0
16.7167,-3.0,263.0,Tombouctou,2005,11,27.0,,,0.0
16.7167,-3.0,263.0,Tombouctou,2005,12,23.7,,,0.0
16.7167,-3.0,263.0,Tombouctou,2006,2,23.4,31.4,15.1,0.0
16.7167,-3.0,263.0,Tombouctou,2006,3,28.4,,,0.0
16.7167,-3.0,263.0,Tombouctou,2006,4,32.9,,,0.0
16.7167,-3.0,263.0,Tombouctou,2006,5,34.2,42.2,26.5,6.0
16.7167,-3.0,263.0,Tombouctou,2006,6,35.7,42.5,,0.0
16.7167,-3.0,263.0,Tombouctou,2006,7,33.5,,,25.0
16.7167,-3.0,263.0,Tombouctou,2006,8,,,,85.0
16.7167,-3.0,263.0,Tombouctou,2006,9,32.0,38.9,,33.0
16.7167,-3.0,263.0,Tombouctou,2006,10,32.3,,,1.0
16.7167,-3.0,263.0,Tombouctou,2006,11,26.2,,,0.0
16.7167,-3.0,263.0,Tombouctou,2006,12,21.4,30.2,,0.0
16.7167,-3.0,263.0,Tombouctou,2007,1,21.5,30.6,,0.0
16.7167,-3.0,263.0,Tombouctou,2007,2,24.6,,,0.0
16.7167,-3.0,263.0,Tombouctou,2007,3,28.6,,,0.0
16.7167,-3.0,263.0,Tombouctou,2007,4,33.5,,,0.0
16.7167,-3.0,263.0,Tombouctou,2007,5,34.9,,,0.0
16.7167,-3.0,263.0,Tombouctou,2007,6,35.8,42.5,28.7,6.0
16.7167,-3.0,263.0,Tombouctou,2007,7,32.8,,,40.0
16.7167,-3.0,263.0,Tombouctou,2007,8,30.6,,,88.0
16.7167,-3.0,263.0,Tombouctou,2007,9,31.7,39.2,25.1,24.0
16.7167,-3.0,263.0,Tombouctou,2007,10,31.6,40.8,,1.0
16.7167,-3.0,263.0,Tombouctou,2007,11,27.6,,,0.0
16.7167,-3.0,263.0,Tombouctou,2007,12,21.8,30.1,13.7,1.0
16.7167,-3.0,263.0,Tombouctou,2008,1,19.1,,,0.0
16.7167,-3.0,263.0,Tombouctou,2008,2,25.0,,,0.0
16.7167,-3.0,263.0,Tombouctou,2008,3,29.0,38.0,19.0,0.0
16.7167,-3.0,263.0,Tombouctou,2008,4,32.0,40.6,22.6,3.0
16.7167,-3.0,263.0,Tombouctou,2008,5,34.8,42.3,26.8,0.0
16.7167,-3.0,263.0,Tombouctou,2008,6,35.7,42.6,28.7,9.0
16.7167,-3.0,263.0,Tombouctou,2008,7,32.6,39.1,,56.0
16.7167,-3.0,263.0,Tombouctou,2008,8,30.8,36.7,25.5,89.0
16.7167,-3.0,263.0,Tombouctou,2008,9,32.4,38.9,26.6,4.0
16.7167,-3.0,263.0,Tombouctou,2008,10,31.7,39.3,24.1,5.0
16.7167,-3.0,263.0,Tombouctou,2008,11,26.2,35.0,17.3,0.0
16.7167,-3.0,263.0,Tombouctou,2008,12,22.0,30.0,14.0,0.0
16.7167,-3.0,263.0,Tombouctou,2009,1,19.7,27.4,11.9,0.0
16.7167,-3.0,263.0,Tombouctou,2009,2,25.9,34.1,18.1,0.0
16.7167,-3.0,263.0,Tombouctou,2009,3,31.1,38.9,23.2,0.0
16.7167,-3.0,263.0,Tombouctou,2009,4,31.6,39.3,23.2,0.5
16.7167,-3.0,263.0,Tombouctou,2009,5,34.8,42.7,26.2,5.0
16.7167,-3.0,263.0,Tombouctou,2009,6,35.2,41.7,28.8,9.0
16.7167,-3.0,263.0,Tombouctou,2009,7,33.5,39.6,27.6,36.0
16.7167,-3.0,263.0,Tombouctou,2009,8,31.5,37.8,26.1,112.0
16.7167,-3.0,263.0,Tombouctou,2009,9,32.0,,,40.0
16.7167,-3.0,263.0,Tombouctou,2009,10,31.2,39.6,23.5,3.0
16.7167,-3.0,263.0,Tombouctou,2009,11,25.7,33.8,17.9,0.5
16.7167,-3.0,263.0,Tombouctou,2009,12,23.6,33.2,14.9,0.0
16.7167,-3.0,263.0,Tombouctou,2010,1,22.6,32.4,13.1,0.0
16.7167,-3.0,263.0,Tombouctou,2010,2,27.8,37.3,18.9,0.0
16.7167,-3.0,263.0,Tombouctou,2010,3,29.6,38.8,20.3,0.0
16.7167,-3.0,263.0,Tombouctou,2010,4,35.0,,,0.0
16.7167,-3.0,263.0,Tombouctou,2010,5,36.5,43.5,29.7,3.0
16.7167,-3.0,263.0,Tombouctou,2010,6,35.1,41.7,29.3,4.0
16.7167,-3.0,263.0,Tombouctou,2010,7,32.7,38.3,27.7,93.0
16.7167,-3.0,263.0,Tombouctou,2010,8,31.1,37.8,26.1,54.0
16.7167,-3.0,263.0,Tombouctou,2010,9,30.5,37.5,,60.0
16.7167,-3.0,263.0,Tombouctou,2010,10,31.5,39.1,25.0,29.0
16.7167,-3.0,263.0,Tombouctou,2010,11,28.1,,,0.0
16.7167,-3.0,263.0,Tombouctou,2010,12,23.7,34.5,13.6,0.0
16.7167,-3.0,263.0,Tombouctou,2011,1,22.6,32.2,13.6,0.0
16.7167,-3.0,263.0,Tombouctou,2011,2,22.6,31.1,14.0,0.0
16.7167,-3.0,263.0,Tombouctou,2011,3,31.0,40.0,,0.0
16.7167,-3.0,263.0,Tombouctou,2011,4,32.3,41.3,23.4,0.0
16.7167,-3.0,263.0,Tombouctou,2011,5,35.4,42.4,27.9,0.0
16.7167,-3.0,263.0,Tombouctou,2011,6,35.0,41.9,,21.0
16.7167,-3.0,263.0,Tombouctou,2011,7,33.2,39.8,27.2,29.0
16.7167,-3.0,263.0,Tombouctou,2011,8,31.4,37.8,,21.0
16.7167,-3.0,263.0,Tombouctou,2011,9,31.7,39.3,25.2,62.0
16.7167,-3.0,263.0,Tombouctou,2011,10,31.9,39.5,24.3,0.5
16.7167,-3.0,263.0,Tombouctou,2011,11,27.6,37.0,18.2,0.0
16.7167,-3.0,263.0,Tombouctou,2011,12,20.9,29.5,12.4,0.0
16.7167,-3.0,263.0,Tombouctou,2012,1,19.5,27.3,11.5,0.0
16.7167,-3.0,263.0,Tombouctou,2012,2,23.1,30.2,15.8,0.0
16.7167,-3.0,263.0,Tombouctou,2018,8,28.5,32.4,25.2,
16.7167,-3.0,263.0,Tombouctou,2018,9,29.5,34.7,25.4,
16.7167,-3.0,263.0,Tombouctou,2018,10,29.8,37.4,23.0,
16.7167,-3.0,263.0,Tombouctou,2018,11,28.0,35.1,21.2,
16.7167,-3.0,263.0,Tombouctou,2018,12,23.1,29.4,16.1,
16.7167,-3.0,263.0,Tombouctou,2019,1,21.8,27.6,15.2,
16.7167,-3.0,263.0,Tombouctou,2019,2,24.1,29.6,17.9,
16.7167,-3.0,263.0,Tombouctou,2019,3,28.1,34.5,21.5,
16.7167,-3.0,263.0,Tombouctou,2019,4,31.9,38.4,25.5,
16.7167,-3.0,263.0,Tombouctou,2019,5,36.3,42.4,30.4,
16.7167,-3.0,263.0,Tombouctou,2019,6,35.9,41.4,30.4,
16.7167,-3.0,263.0,Tombouctou,2019,7,32.5,37.2,27.8,
16.7167,-3.0,263.0,Tombouctou,2019,8,29.8,33.8,26.1,
16.7167,-3.0,263.0,Tombouctou,2019,9,32.3,37.9,27.2,
16.7167,-3.0,263.0,Tombouctou,2019,10,32.5,38.6,26.8,
16.7167,-3.0,263.0,Tombouctou,2019,11,28.3,34.8,21.5,
16.7167,-3.0,263.0,Tombouctou,2019,12,25.0,32.0,17.3,
16.7167,-3.0,263.0,Tombouctou,2020,1,23.2,29.0,16.7,
16.7167,-3.0,263.0,Tombouctou,2020,2,27.2,33.0,20.3,
16.7167,-3.0,263.0,Tombouctou,2020,3,29.9,36.1,23.0,
16.7167,-3.0,263.0,Tombouctou,2020,4,34.3,40.3,28.0,
16.7167,-3.0,263.0,Tombouctou,2020,5,36.0,42.0,29.9,
16.7167,-3.0,263.0,Tombouctou,2020,6,36.3,42.1,30.7,
16.7167,-3.0,263.0,Tombouctou,2020,7,32.2,36.7,27.5,
16.7167,-3.0,263.0,Tombouctou,2020,8,30.2,34.2,26.3,
16.7167,-3.0,263.0,Tombouctou,2020,9,31.7,36.9,26.9,
16.7167,-3.0,263.0,Tombouctou,2020,10,31.9,38.4,25.6,
16.7167,-3.0,263.0,Tombouctou,2020,11,27.2,33.6,20.1,
16.7167,-3.0,263.0,Tombouctou,2020,12,25.8,32.5,18.5,
16.7167,-3.0,263.0,Tombouctou,2021,1,25.0,32.0,17.3,
16.7167,-3.0,263.0,Tombouctou,2021,2,27.2,33.3,20.1,
16.7167,-3.0,263.0,Tombouctou,2021,3,29.2,35.1,22.9,
16.7167,-3.0,263.0,Tombouctou,2021,4,34.3,40.8,26.9,
16.7167,-3.0,263.0,Tombouctou,2021,5,36.8,42.7,30.6,
16.7167,-3.0,263.0,Tombouctou,2021,6,36.4,42.0,30.5,
16.7167,-3.0,263.0,Tombouctou,2021,7,33.2,38.1,28.3,
16.7167,-3.0,263.0,Tombouctou,2021,8,32.0,37.0,27.4,
16.7167,-3.0,263.0,Tombouctou,2021,9,33.3,38.8,28.1,
16.7167,-3.0,263.0,Tombouctou,2021,10,32.5,38.8,26.3,
16.7167,-3.0,263.0,Tombouctou,2021,11,29.3,35.8,22.7,
16.7167,-3.0,263.0,Tombouctou,2021,12,25.3,31.6,18.8,
16.7167,-3.0,263.0,Tombouctou,2022,1,22.6,28.5,16.1,
16.7167,-3.0,263.0,Tombouctou,2022,2,25.9,32.5,18.6,
16.7167,-3.0,263.0,Tombouctou,2022,3,29.7,35.6,23.5,
16.7167,-3.0,263.0,Tombouctou,2022,4,33.1,39.3,26.0,
16.7167,-3.0,263.0,Tombouctou,2022,5,35.1,41.0,28.8,
16.7167,-3.0,263.0,Tombouctou,2022,6,35.0,40.6,29.1,4.0
16.7167,-3.0,263.0,Tombouctou,2022,7,32.5,37.2,27.8,64.9
16.7167,-3.0,263.0,Tombouctou,2022,8,30.7,35.0,26.5,101.6
16.7167,-3.0,263.0,Tombouctou,2022,9,32.1,37.2,27.4,11.3
16.7167,-3.0,263.0,Tombouctou,2022,10,31.8,37.8,25.8,1.3
16.7167,-3.0,263.0,Tombouctou,2022,11,27.8,34.0,21.2,0.0
16.7167,-3.0,263.0,Tombouctou,2022,12,25.7,32.0,19.2,0.0
16.7167,-3.0,263.0,Tombouctou,2023,1,23.5,29.9,16.6,0.0
16.7167,-3.0,263.0,Tombouctou,2023,2,27.2,33.4,20.4,0.0
16.7167,-3.0,263.0,Tombouctou,2023,3,30.7,37.3,23.5,0.0
16.7167,-3.0,263.0,Tombouctou,2023,4,32.9,38.9,26.1,0.1
16.7167,-3.0,263.0,Tombouctou,2023,5,36.4,42.0,30.7,0.0
16.7167,-3.0,263.0,Tombouctou,2023,6,35.7,41.1,30.2,2.0
16.7167,-3.0,263.0,Tombouctou,2023,7,33.5,38.5,28.5,21.5
16.7167,-3.0,263.0,Tombouctou,2023,8,31.8,36.4,27.4,30.8
16.7167,-3.0,263.0,Tombouctou,2023,9,33.4,38.5,29.2,8.0
16.7167,-3.0,263.0,Tombouctou,2023,10,33.7,39.5,28.7,0.0
16.7167,-3.0,263.0,Tombouctou,2023,11,28.9,36.0,23.1,0.0
16.7167,-3.0,263.0,Tombouctou,2023,12,23.4,30.9,17.4,0.0
16.7167,-3.0,263.0,Tombouctou,2024,1,24.1,32.1,18.0,0.0
16.7167,-3.0,263.0,Tombouctou,2024,2,25.6,33.0,19.0,0.0
16.7167,-3.0,263.0,Tombouctou,2024,3,29.9,37.0,23.5,0.0
16.7167,-3.0,263.0,Tombouctou,2024,4,33.5,40.2,27.3,0.0
16.7167,-3.0,263.0,Tombouctou,2024,5,36.3,43.0,30.3,1.3
16.7167,-3.0,263.0,Tombouctou,2024,6,36.0,41.6,30.8,0.0
16.7167,-3.0,263.0,Tombouctou,2024,7,32.6,37.3,28.2,10.3
16.7167,-3.0,263.0,Tombouctou,2024,8,30.6,34.4,27.2,
16.7167,-3.0,263.0,Tombouctou,2024,9,31.1,35.2,27.2,
16.7167,-3.0,263.0,Tombouctou,2024,10,33.0,38.7,27.7,0.3
16.7167,-3.0,263.0,Tombouctou,2024,11,27.8,34.5,22.4,0.0
16.7167,-3.0,263.0,Tombouctou,2024,12,23.4,30.0,17.6,
16.7167,-3.0,263.0,Tombouctou,2025,1,22.7,29.1,16.9,0.0
16.7167,-3.0,263.0,Tombouctou,2025,2,25.7,31.8,20.2,0.0
16.7167,-3.0,263.0,Tombouctou,2025,3,32.2,39.4,25.4,
16.7167,-3.0,263.0,Tombouctou,2025,4,34.7,42.0,28.3,
16.7167,-3.0,263.0,Tombouctou,2025,5,36.4,43.1,30.8,3.6
16.7167,-3.0,263.0,Tombouctou,2025,6,35.7,41.2,31.4,0.9
16.7167,-3.0,263.0,Tombouctou,2025,7,32.0,36.3,28.0,44.1
16.7167,-3.0,263.0,Tombouctou,2025,8,30.5,34.2,27.4,
16.2667,-0.05,265.0,Gao,1994,1,21.3,29.3,,0.0
16.2667,-0.05,265.0,Gao,1994,2,25.1,33.5,,0.0
16.2667,-0.05,265.0,Gao,1994,3,30.2,,,0.0
16.2667,-0.05,265.0,Gao,1994,4,,,,0.0
16.2667,-0.05,265.0,Gao,1994,5,35.7,,,0.5
16.2667,-0.05,265.0,Gao,1994,6,,,,20.0
16.2667,-0.05,265.0,Gao,1994,7,32.5,,,38.0
16.2667,-0.05,265.0,Gao,1994,8,30.0,,,96.0
16.2667,-0.05,265.0,Gao,1994,9,30.8,36.3,,61.0
16.2667,-0.05,265.0,Gao,1994,10,31.5,,,9.0
16.2667,-0.05,265.0,Gao,1994,11,27.7,,,0.0
16.2667,-0.05,265.0,Gao,1994,12,22.4,,,0.0
16.2667,-0.05,265.0,Gao,1995,1,20.2,,,0.0
16.2667,-0.05,265.0,Gao,1995,2,24.0,,,0.0
16.2667,-0.05,265.0,Gao,1995,4,,,,6.0
16.2667,-0.05,265.0,Gao,1995,5,35.8,,,0.5
16.2667,-0.05,265.0,Gao,1995,6,36.2,,,25.0
16.2667,-0.05,265.0,Gao,1995,7,,,,14.0
16.2667,-0.05,265.0,Gao,1995,8,32.2,,,41.0
16.2667,-0.05,265.0,Gao,1995,9,32.7,,,36.0
16.2667,-0.05,265.0,Gao,1995,10,33.1,,,15.0
16.2667,-0.05,265.0,Gao,1995,11,27.8,,,0.0
16.2667,-0.05,265.0,Gao,1995,12,25.3,,,0.0
16.2667,-0.05,265.0,Gao,1996,1,25.2,,,0.5
16.2667,-0.05,265.0,Gao,1996,2,,,,0.0
16.2667,-0.05,265.0,Gao,1996,3,29.9,,,0.5
16.2667,-0.05,265.0,Gao,1996,4,33.1,,,0.5
16.2667,-0.05,265.0,Gao,1996,5,36.2,,,2.0
16.2667,-0.05,265.0,Gao,1996,6,35.0,,,16.0
16.2667,-0.05,265.0,Gao,1996,7,33.1,,,78.0
16.2667,-0.05,265.0,Gao,1996,8,32.2,38.0,,10.0
16.2667,-0.05,265.0,Gao,1996,9,32.2,,,33.0
16.2667,-0.05,265.0,Gao,1996,10,32.7,39.9,,0.5
16.2667,-0.05,265.0,Gao,1996,11,27.2,,,0.0
16.2667,-0.05,265.0,Gao,1996,12,25.6,,,0.0
16.2667,-0.05,265.0,Gao,1997,1,25.4,,,0.0
16.2667,-0.05,265.0,Gao,1997,2,24.8,32.1,17.7,0.0
16.2667,-0.05,265.0,Gao,1997,3,27.6,,,2.0
16.2667,-0.05,265.0,Gao,1997,4,32.5,,,0.0
16.2667,-0.05,265.0,Gao,1997,5,36.3,42.3,30.6,1.0
16.2667,-0.05,265.0,Gao,1997,6,35.0,41.1,29.4,29.0
16.2667,-0.05,265.0,Gao,1997,8,32.0,37.8,27.4,99.0
16.2667,-0.05,265.0,Gao,1997,9,33.8,40.1,28.7,21.0
16.2667,-0.05,265.0,Gao,1997,12,24.4,32.4,15.0,0.0
16.2667,-0.05,265.0,Gao,1998,1,23.7,36.0,16.1,0.0
16.2667,-0.05,265.0,Gao,1998,2,27.5,35.6,19.6,0.0
16.2667,-0.05,265.0,Gao,1998,3,28.9,36.0,21.2,0.0
16.2667,-0.05,265.0,Gao,1998,4,35.5,42.8,27.7,1.0
16.2667,-0.05,265.0,Gao,1998,5,37.3,43.2,31.3,8.0
16.2667,-0.05,265.0,Gao,1998,6,34.8,41.1,29.6,49.0
16.2667,-0.05,265.0,Gao,1998,7,,,,84.0
16.2667,-0.05,265.0,Gao,1998,8,31.2,36.7,26.1,38.0
16.2667,-0.05,265.0,Gao,1998,9,31.5,37.7,26.1,135.0
16.2667,-0.05,265.0,Gao,1998,10,33.1,39.9,26.9,0.0
16.2667,-0.05,265.0,Gao,1998,11,27.9,35.9,20.0,0.0
16.2667,-0.05,265.0,Gao,1999,1,22.7,30.3,15.5,0.0
16.2667,-0.05,265.0,Gao,1999,2,23.6,31.6,15.8,0.0
16.2667,-0.05,265.0,Gao,1999,3,30.2,38.5,22.0,0.0
16.2667,-0.05,265.0,Gao,1999,4,34.8,41.9,27.7,0.0
16.2667,-0.05,265.0,Gao,1999,5,36.4,43.3,29.9,15.0
16.2667,-0.05,265.0,Gao,1999,6,36.6,42.6,,33.0
16.2667,-0.05,265.0,Gao,1999,7,31.9,37.6,26.9,118.0
16.2667,-0.05,265.0,Gao,1999,8,29.0,34.2,24.3,168.0
16.2667,-0.05,265.0,Gao,1999,9,30.8,36.5,25.7,63.0
16.2667,-0.05,265.0,Gao,1999,10,,,,0.5
16.2667,-0.05,265.0,Gao,1999,11,28.6,32.3,21.5,0.0
16.2667,-0.05,265.0,Gao,2000,1,,,,0.5
16.2667,-0.05,265.0,Gao,2000,2,23.2,31.1,15.5,0.0
16.2667,-0.05,265.0,Gao,2000,3,28.8,,,0.0
16.2667,-0.05,265.0,Gao,2000,4,35.4,43.7,26.0,0.0
16.2667,-0.05,265.0,Gao,2000,6,35.1,,,9.0
16.2667,-0.05,265.0,Gao,2000,7,32.5,,,25.0
16.2667,-0.05,265.0,Gao,2000,8,31.8,,,45.0
16.2667,-0.05,265.0,Gao,2000,9,33.0,,,29.0
16.2667,-0.05,265.0,Gao,2000,10,32.5,39.0,26.3,8.0
16.2667,-0.05,265.0,Gao,2001,1,23.4,,,0.0
16.2667,-0.05,265.0,Gao,2001,2,24.5,,,0.0
16.2667,-0.05,265.0,Gao,2001,3,30.9,39.6,21.8,0.0
16.2667,-0.05,265.0,Gao,2001,4,33.7,41.4,25.4,0.0
16.2667,-0.05,265.0,Gao,2001,7,32.4,38.5,27.3,49.0
16.2667,-0.05,265.0,Gao,2001,8,31.1,,,45.0
16.2667,-0.05,265.0,Gao,2001,9,32.6,39.2,27.3,18.0
16.2667,-0.05,265.0,Gao,2001,10,32.4,39.4,25.1,0.5
16.2667,-0.05,265.0,Gao,2001,11,28.0,,,0.0
16.2667,-0.05,265.0,Gao,2001,12,26.2,34.1,18.5,0.0
16.2667,-0.05,265.0,Gao,2002,1,22.9,,,0.0
16.2667,-0.05,265.0,Gao,2002,2,24.9,33.1,,0.0
16.2667,-0.05,265.0,Gao,2002,3,30.8,38.9,22.1,0.0
16.2667,-0.05,265.0,Gao,2002,4,33.8,,,0.5
16.2667,-0.05,265.0,Gao,2002,5,37.2,,,13.0
16.2667,-0.05,265.0,Gao,2002,6,36.1,42.3,30.3,2.0
16.2667,-0.05,265.0,Gao,2002,7,34.4,40.2,29.2,70.0
16.2667,-0.05,265.0,Gao,2002,8,32.3,38.1,27.2,43.0
16.2667,-0.05,265.0,Gao,2002,9,31.9,39.4,27.3,50.0
16.2667,-0.05,265.0,Gao,2002,10,31.2,,,27.0
16.2667,-0.05,265.0,Gao,2002,11,28.7,,,0.0
16.2667,-0.05,265.0,Gao,2003,1,24.0,,,0.0
16.2667,-0.05,265.0,Gao,2003,2,27.6,,,0.0
16.2667,-0.05,265.0,Gao,2003,3,30.0,37.6,,0.0
16.2667,-0.05,265.0,Gao,2003,4,35.2,,,0.0
16.2667,-0.05,265.0,Gao,2003,5,36.6,43.6,29.4,12.0
16.2667,-0.05,265.0,Gao,2003,6,34.4,40.3,28.9,37.0
16.2667,-0.05,265.0,Gao,2003,7,32.5,38.5,27.1,51.0
16.2667,-0.05,265.0,Gao,2003,8,31.0,36.8,25.9,101.0
16.2667,-0.05,265.0,Gao,2003,9,31.8,38.1,26.7,27.0
16.2667,-0.05,265.0,Gao,2003,10,33.3,40.2,25.8,28.0
16.2667,-0.05,265.0,Gao,2003,11,30.4,37.7,23.5,0.0
16.2667,-0.05,265.0,Gao,2003,12,24.2,32.3,,0.0
16.2667,-0.05,265.0,Gao,2004,1,23.6,31.1,,0.5
16.2667,-0.05,265.0,Gao,2004,2,27.3,35.1,,0.0
16.2667,-0.05,265.0,Gao,2004,3,29.8,37.2,,0.0
16.2667,-0.05,265.0,Gao,2004,4,34.3,,,0.0
16.2667,-0.05,265.0,Gao,2004,5,36.2,,,0.0
16.2667,-0.05,265.0,Gao,2004,6,36.2,42.5,,
16.2667,-0.05,265.0,Gao,2004,7,32.5,,,30.0
16.2667,-0.05,265.0,Gao,2004,9,33.2,,,13.0
16.2667,-0.05,265.0,Gao,2004,10,32.7,40.4,,0.0
16.2667,-0.05,265.0,Gao,2004,11,28.3,,,0.0
16.2667,-0.05,265.0,Gao,2004,12,26.3,,,0.0
16.2667,-0.05,265.0,Gao,2005,2,27.7,,,0.0
16.2667,-0.05,265.0,Gao,2005,4,34.7,,,0.0
16.2667,-0.05,265.0,Gao,2005,5,35.8,,,8.0
16.2667,-0.05,265.0,Gao,2005,6,34.3,,,15.0
16.2667,-0.05,265.0,Gao,2005,8,30.9,,,53.0
16.2667,-0.05,265.0,Gao,2005,9,32.7,,,21.0
16.2667,-0.05,265.0,Gao,2005,10,32.8,,,0.0
16.2667,-0.05,265.0,Gao,2005,11,28.1,,,0.0
16.2667,-0.05,265.0,Gao,2005,12,25.3,,,0.0
16.2667,-0.05,265.0,Gao,2006,3,30.1,,,0.0
16.2667,-0.05,265.0,Gao,2006,4,33.7,,,0.0
16.2667,-0.05,265.0,Gao,2006,5,35.5,,,0.5
16.2667,-0.05,265.0,Gao,2006,6,36.2,43.0,,0.5
16.2667,-0.05,265.0,Gao,2006,7,33.6,,,40.0
16.2667,-0.05,265.0,Gao,2006,8,30.6,,,77.0
16.2667,-0.05,265.0,Gao,2006,9,32.0,38.9,26.5,59.0
16.2667,-0.05,265.0,Gao,2006,10,32.9,39.9,23.4,2.0
16.2667,-0.05,265.0,Gao,2006,11,26.6,,,0.0
16.2667,-0.05,265.0,Gao,2006,12,23.3,31.4,,0.0
16.2667,-0.05,265.0,Gao,2007,1,22.3,,,0.0
16.2667,-0.05,265.0,Gao,2007,2,25.8,,,
16.2667,-0.05,265.0,Gao,2007,3,29.8,,,0.0
16.2667,-0.05,265.0,Gao,2007,4,34.6,,,0.0
16.2667,-0.05,265.0,Gao,2007,5,36.3,,,0.0
16.2667,-0.05,265.0,Gao,2007,6,35.9,,,14.0
16.2667,-0.05,265.0,Gao,2007,8,,,,104.0
16.2667,-0.05,265.0,Gao,2007,9,,,,15.0
16.2667,-0.05,265.0,Gao,2007,10,32.3,,,0.0
16.2667,-0.05,265.0,Gao,2007,11,29.0,,,0.0
16.2667,-0.05,265.0,Gao,2007,12,23.8,,,
16.2667,-0.05,265.0,Gao,2008,1,19.9,,,0.0
16.2667,-0.05,265.0,Gao,2008,6,35.2,42.0,,137.0
16.2667,-0.05,265.0,Gao,2008,7,32.9,,,49.0
16.2667,-0.05,265.0,Gao,2008,8,30.8,,,59.0
16.2667,-0.05,265.0,Gao,2008,9,32.9,,,17.0
16.2667,-0.05,265.0,Gao,2008,10,32.9,40.2,,0.5
16.2667,-0.05,265.0,Gao,2008,11,27.9,,,0.0
16.2667,-0.05,265.0,Gao,2008,12,24.1,32.3,,0.0
16.2667,-0.05,265.0,Gao,2009,1,21.7,,,0.0
16.2667,-0.05,265.0,Gao,2009,2,28.3,,,0.0
16.2667,-0.05,265.0,Gao,2009,3,31.9,,,0.0
16.2667,-0.05,265.0,Gao,2009,4,33.0,41.1,,0.0
16.2667,-0.05,265.0,Gao,2009,5,36.0,43.6,,2.0
16.2667,-0.05,265.0,Gao,2009,6,35.2,,,3.0
16.2667,-0.05,265.0,Gao,2009,7,33.9,,,6.0
16.2667,-0.05,265.0,Gao,2009,8,31.3,,,
16.2667,-0.05,265.0,Gao,2009,9,31.8,,,60.0
16.2667,-0.05,265.0,Gao,2009,10,33.2,,,
16.2667,-0.05,265.0,Gao,2009,11,27.7,,,0.0
16.2667,-0.05,265.0,Gao,2009,12,25.9,,,0.0
16.2667,-0.05,265.0,Gao,2010,1,24.4,33.2,,0.0
16.2667,-0.05,265.0,Gao,2010,2,29.4,38.2,,0.0
16.2667,-0.05,265.0,Gao,2010,3,31.0,38.9,,0.0
16.2667,-0.05,265.0,Gao,2010,4,36.1,,,0.0
16.2667,-0.05,265.0,Gao,2010,5,37.8,,,0.0
16.2667,-0.05,265.0,Gao,2010,7,32.3,,,108.0
16.2667,-0.05,265.0,Gao,2010,8,31.2,,,81.0
16.2667,-0.05,265.0,Gao,2010,9,31.2,,,65.0
16.2667,-0.05,265.0,Gao,2010,10,33.2,,,0.5
16.2667,-0.05,265.0,Gao,2010,11,30.0,,,0.0
16.2667,-0.05,265.0,Gao,2010,12,24.7,,,0.0
16.2667,-0.05,265.0,Gao,2011,1,23.6,,,0.0
16.2667,-0.05,265.0,Gao,2011,2,25.5,33.3,,0.0
16.2667,-0.05,265.0,Gao,2011,3,32.2,,,0.0
16.2667,-0.05,265.0,Gao,2011,4,33.8,41.6,,0.0
16.2667,-0.05,265.0,Gao,2011,5,36.9,43.7,,8.0
16.2667,-0.05,265.0,Gao,2011,6,35.2,,,22.0
16.2667,-0.05,265.0,Gao,2011,8,30.6,,,63.0
16.2667,-0.05,265.0,Gao,2011,9,32.4,39.7,27.1,15.0
16.2667,-0.05,265.0,Gao,2011,10,33.0,40.3,26.3,0.0
16.2667,-0.05,265.0,Gao,2011,11,28.9,37.4,20.7,0.0
16.2667,-0.05,265.0,Gao,2011,12,22.8,,,0.0
16.2667,-0.05,265.0,Gao,2012,1,21.5,29.2,14.5,0.0
16.2667,-0.05,265.0,Gao,2012,2,25.5,33.1,18.7,0.0
16.2667,-0.05,265.0,Gao,2014,12,25.2,,,
16.2667,-0.05,265.0,Gao,2015,1,22.6,,,
16.2667,-0.05,265.0,Gao,2015,2,27.7,,,
16.2667,-0.05,265.0,Gao,2018,8,28.9,33.3,25.3,
16.2667,-0.05,265.0,Gao,2018,9,30.5,35.9,26.1,
16.2667,-0.05,265.0,Gao,2018,10,31.8,38.7,25.6,
16.2667,-0.05,265.0,Gao,2018,11,28.9,36.5,21.7,
16.2667,-0.05,265.0,Gao,2018,12,23.4,30.1,16.5,
16.2667,-0.05,265.0,Gao,2019,1,22.4,29.2,15.5,
16.2667,-0.05,265.0,Gao,2019,2,24.7,30.7,18.1,
16.2667,-0.05,265.0,Gao,2019,3,29.9,36.5,23.4,
16.2667,-0.05,265.0,Gao,2019,4,34.1,40.6,27.8,
16.2667,-0.05,265.0,Gao,2019,5,36.8,42.9,31.0,
16.2667,-0.05,265.0,Gao,2019,6,35.1,40.6,30.1,
16.2667,-0.05,265.0,Gao,2019,7,32.4,37.4,27.9,
16.2667,-0.05,265.0,Gao,2019,8,29.6,33.7,25.9,
16.2667,-0.05,265.0,Gao,2019,9,32.2,37.8,27.4,
16.2667,-0.05,265.0,Gao,2019,10,32.8,39.2,27.3,
16.2667,-0.05,265.0,Gao,2019,11,29.5,36.6,22.7,
16.2667,-0.05,265.0,Gao,2019,12,25.1,32.7,17.9,
16.2667,-0.05,265.0,Gao,2020,1,23.5,29.6,17.5,
16.2667,-0.05,265.0,Gao,2020,2,27.0,33.1,20.6,
16.2667,-0.05,265.0,Gao,2020,3,31.2,37.7,24.3,
16.2667,-0.05,265.0,Gao,2020,4,35.7,42.1,29.1,
16.2667,-0.05,265.0,Gao,2020,5,36.4,42.5,30.5,
16.2667,-0.05,265.0,Gao,2020,6,36.0,41.8,30.7,
16.2667,-0.05,265.0,Gao,2020,7,32.0,36.7,27.5,
16.2667,-0.05,265.0,Gao,2020,8,29.7,33.9,26.1,
16.2667,-0.05,265.0,Gao,2020,9,31.6,36.9,27.0,
16.2667,-0.05,265.0,Gao,2020,10,32.4,39.3,26.3,
16.2667,-0.05,265.0,Gao,2020,11,27.4,34.2,20.7,
16.2667,-0.05,265.0,Gao,2020,12,26.4,33.9,19.3,
16.2667,-0.05,265.0,Gao,2021,1,25.7,33.3,18.3,
16.2667,-0.05,265.0,Gao,2021,2,27.2,33.7,20.4,
16.2667,-0.05,265.0,Gao,2021,3,30.5,36.8,24.1,
16.2667,-0.05,265.0,Gao,2021,4,34.8,41.9,27.1,
16.2667,-0.05,265.0,Gao,2021,5,37.0,43.5,29.5,
16.2667,-0.05,265.0,Gao,2021,6,35.6,41.8,29.6,
16.2667,-0.05,265.0,Gao,2021,7,32.6,38.7,27.5,
16.2667,-0.05,265.0,Gao,2021,8,31.6,37.2,26.3,
16.2667,-0.05,265.0,Gao,2021,9,33.0,38.5,27.7,
16.2667,-0.05,265.0,Gao,2021,10,32.8,38.4,26.5,
16.2667,-0.05,265.0,Gao,2021,11,30.3,36.9,23.0,
16.2667,-0.05,265.0,Gao,2021,12,25.7,32.4,18.0,
16.2667,-0.05,265.0,Gao,2022,1,22.5,29.1,14.7,
16.2667,-0.05,265.0,Gao,2022,2,26.5,33.6,17.9,
16.2667,-0.05,265.0,Gao,2022,3,31.3,37.5,22.9,
16.2667,-0.05,265.0,Gao,2022,4,34.3,41.2,25.4,
16.2667,-0.05,265.0,Gao,2022,5,35.5,41.6,27.9,
16.2667,-0.05,265.0,Gao,2022,6,34.5,40.7,28.2,11.2
16.2667,-0.05,265.0,Gao,2022,7,32.1,38.2,27.0,60.9
16.2667,-0.05,265.0,Gao,2022,8,30.5,35.8,25.6,53.9
16.2667,-0.05,265.0,Gao,2022,9,31.7,36.9,26.8,4.0
16.2667,-0.05,265.0,Gao,2022,10,31.4,36.9,25.5,1.3
16.2667,-0.05,265.0,Gao,2022,11,27.8,34.2,20.4,0.0
16.2667,-0.05,265.0,Gao,2022,12,25.7,32.2,18.3,0.0
16.2667,-0.05,265.0,Gao,2023,1,24.2,31.0,16.1,0.0
16.2667,-0.05,265.0,Gao,2023,2,28.0,34.6,19.8,0.0
16.2667,-0.05,265.0,Gao,2023,3,31.7,38.5,22.4,0.0
16.2667,-0.05,265.0,Gao,2023,4,33.6,40.0,24.7,0.0
16.2667,-0.05,265.0,Gao,2023,5,36.9,43.0,29.4,0.0
16.2667,-0.05,265.0,Gao,2023,6,34.9,41.1,29.0,2.9
16.2667,-0.05,265.0,Gao,2023,7,33.3,39.5,28.1,10.9
16.2667,-0.05,265.0,Gao,2023,8,31.6,37.1,26.7,28.2
16.2667,-0.05,265.0,Gao,2023,9,32.3,37.6,28.0,17.6
16.2667,-0.05,265.0,Gao,2023,10,33.0,38.2,27.8,0.0
16.2667,-0.05,265.0,Gao,2023,11,29.7,35.8,23.1,0.0
16.2667,-0.05,265.0,Gao,2023,12,24.7,31.2,17.4,0.0
16.2667,-0.05,265.0,Gao,2024,1,24.7,31.9,16.6,0.0
16.2667,-0.05,265.0,Gao,2024,2,26.5,34.0,18.3,0.0
16.2667,-0.05,265.0,Gao,2024,3,31.6,38.4,23.0,0.0
16.2667,-0.05,265.0,Gao,2024,4,34.8,41.7,26.4,0.0
16.2667,-0.05,265.0,Gao,2024,5,37.1,43.9,30.3,0.0
16.2667,-0.05,265.0,Gao,2024,6,35.1,41.4,30.6,1.3
16.2667,-0.05,265.0,Gao,2024,7,31.1,37.3,26.9,33.0
16.2667,-0.05,265.0,Gao,2024,8,29.2,34.6,24.8,
16.2667,-0.05,265.0,Gao,2024,9,29.9,35.0,25.3,
16.2667,-0.05,265.0,Gao,2024,10,32.4,38.5,27.3,0.6
16.2667,-0.05,265.0,Gao,2024,11,27.2,34.1,20.8,0.0
16.2667,-0.05,265.0,Gao,2024,12,23.5,29.7,16.0,
16.2667,-0.05,265.0,Gao,2025,1,23.9,30.3,16.3,0.0
16.2667,-0.05,265.0,Gao,2025,2,27.2,33.2,19.8,0.0
16.2667,-0.05,265.0,Gao,2025,3,33.6,40.0,25.7,
16.2667,-0.05,265.0,Gao,2025,4,35.4,42.0,27.2,
16.2667,-0.05,265.0,Gao,2025,5,36.9,42.8,30.6,0.3
16.2667,-0.05,265.0,Gao,2025,6,35.0,40.8,29.6,1.0
16.2667,-0.05,265.0,Gao,2025,7,32.0,36.9,27.4,29.8
16.2667,-0.05,265.0,Gao,2025,8,30.2,35.1,25.9,
15.2333,-9.35,235.0,Nioro Du Sahel,1994,1,20.5,,,0.0
15.2333,-9.35,235.0,Nioro Du Sahel,1994,2,24.7,34.5,,0.0
15.2333,-9.35,235.0,Nioro Du Sahel,1994,3,28.9,37.2,,0.0
15.2333,-9.35,235.0,Nioro Du Sahel,1994,4,33.1,41.2,,26.0
15.2333,-9.35,235.0,Nioro Du Sahel,1994,5,34.7,41.5,28.1,0.5
15.2333,-9.35,235.0,Nioro Du Sahel,1994,6,33.5,40.0,,14.0
15.2333,-9.35,235.0,Nioro Du Sahel,1994,7,30.8,,,93.0
15.2333,-9.35,235.0,Nioro Du Sahel,1994,8,27.8,32.2,,157.0
15.2333,-9.35,235.0,Nioro Du Sahel,1994,9,28.3,,,70.0
15.2333,-9.35,235.0,Nioro Du Sahel,1994,10,28.4,,,62.0
15.2333,-9.35,235.0,Nioro Du Sahel,1994,11,27.1,,,0.0
15.2333,-9.35,235.0,Nioro Du Sahel,1994,12,23.5,32.0,,0.0
15.2333,-9.35,235.0,Nioro Du Sahel,1995,1,21.0,,,0.0
15.2333,-9.35,235.0,Nioro Du Sahel,1995,2,25.9,,,0.0
15.2333,-9.35,235.0,Nioro Du Sahel,1995,3,30.1,,,0.0
15.2333,-9.35,235.0,Nioro Du Sahel,1995,4,33.4,,25.6,0.5
15.2333,-9.35,235.0,Nioro Du Sahel,1995,5,35.8,,,0.0
15.2333,-9.35,235.0,Nioro Du Sahel,1995,6,35.4,,,1.0
15.2333,-9.35,235.0,Nioro Du Sahel,1995,7,,,,71.0
15.2333,-9.35,235.0,Nioro Du Sahel,1995,8,27.8,,,196.0
15.2333,-9.35,235.0,Nioro Du Sahel,1995,9,28.4,34.1,,51.0
15.2333,-9.35,235.0,Nioro Du Sahel,1995,10,30.3,,,17.0
15.2333,-9.35,235.0,Nioro Du Sahel,1995,11,28.4,,,0.0
15.2333,-9.35,235.0,Nioro Du Sahel,1995,12,23.4,,,3.0
15.2333,-9.35,235.0,Nioro Du Sahel,1996,1,25.3,,,0.0
15.2333,-9.35,235.0,Nioro Du Sahel,1996,2,27.7,36.6,,0.0
15.2333,-9.35,235.0,Nioro Du Sahel,1996,3,29.3,,,0.0
15.2333,-9.35,235.0,Nioro Du Sahel,1996,4,32.9,,,0.0
15.2333,-9.35,235.0,Nioro Du Sahel,1996,5,35.4,,,0.5
15.2333,-9.35,235.0,Nioro Du Sahel,1996,7,30.9,,,76.0
15.2333,-9.35,235.0,Nioro Du Sahel,1996,8,28.2,,,192.0
15.2333,-9.35,235.0,Nioro Du Sahel,1996,9,29.1,,,44.0
15.2333,-9.35,235.0,Nioro Du Sahel,1996,10,30.7,38.6,,3.0
15.2333,-9.35,235.0,Nioro Du Sahel,1996,11,26.4,,,0.0
15.2333,-9.35,235.0,Nioro Du Sahel,1996,12,,,,0.5
15.2333,-9.35,235.0,Nioro Du Sahel,1997,1,24.6,,,0.0
15.2333,-9.35,235.0,Nioro Du Sahel,1997,2,26.3,35.0,,0.0
15.2333,-9.35,235.0,Nioro Du Sahel,1997,3,27.5,,,0.0
15.2333,-9.35,235.0,Nioro Du Sahel,1997,4,32.6,,,0.0
15.2333,-9.35,235.0,Nioro Du Sahel,1997,5,35.2,42.1,27.8,23.0
15.2333,-9.35,235.0,Nioro Du Sahel,1997,6,33.1,39.7,27.5,143.0
15.2333,-9.35,235.0,Nioro Du Sahel,1997,8,28.6,33.1,24.1,168.0
15.2333,-9.35,235.0,Nioro Du Sahel,1997,9,29.8,39.6,23.7,33.0
15.2333,-9.35,235.0,Nioro Du Sahel,1997,10,30.0,37.8,23.9,3.0
15.2333,-9.35,235.0,Nioro Du Sahel,1997,11,29.5,37.3,19.3,0.0
15.2333,-9.35,235.0,Nioro Du Sahel,1997,12,,,,0.0
15.2333,-9.35,235.0,Nioro Du Sahel,1998,1,24.0,32.1,15.6,6.0
15.2333,-9.35,235.0,Nioro Du Sahel,1998,2,29.7,38.3,19.5,0.0
15.2333,-9.35,235.0,Nioro Du Sahel,1998,3,30.6,38.4,21.8,0.0
15.2333,-9.35,235.0,Nioro Du Sahel,1998,4,35.2,42.8,25.9,3.0
15.2333,-9.35,235.0,Nioro Du Sahel,1998,5,35.3,41.6,29.1,40.0
15.2333,-9.35,235.0,Nioro Du Sahel,1998,6,34.6,40.8,28.2,27.0
15.2333,-9.35,235.0,Nioro Du Sahel,1998,7,31.4,36.7,26.5,48.0
15.2333,-9.35,235.0,Nioro Du Sahel,1998,8,28.7,32.9,24.1,192.0
15.2333,-9.35,235.0,Nioro Du Sahel,1998,9,28.8,33.9,24.1,108.0
15.2333,-9.35,235.0,Nioro Du Sahel,1998,10,30.7,38.8,23.2,1.0
15.2333,-9.35,235.0,Nioro Du Sahel,1998,11,27.3,36.0,18.4,0.0
15.2333,-9.35,235.0,Nioro Du Sahel,1998,12,23.9,31.6,15.9,0.0
15.2333,-9.35,235.0,Nioro Du Sahel,1999,1,22.6,30.2,14.8,0.0
15.2333,-9.35,235.0,Nioro Du Sahel,1999,2,22.2,31.0,13.3,0.0
15.2333,-9.35,235.0,Nioro Du Sahel,1999,3,29.5,37.9,20.0,0.0
15.2333,-9.35,235.0,Nioro Du Sahel,1999,4,33.6,40.6,26.1,9.0
15.2333,-9.35,235.0,Nioro Du Sahel,1999,5,35.7,42.7,28.0,9.0
15.2333,-9.35,235.0,Nioro Du Sahel,1999,6,33.8,40.0,27.8,33.0
15.2333,-9.35,235.0,Nioro Du Sahel,1999,9,29.9,33.3,23.3,164.0
15.2333,-9.35,235.0,Nioro Du Sahel,1999,10,29.4,36.2,22.8,11.0
15.2333,-9.35,235.0,Nioro Du Sahel,1999,12,23.2,32.7,13.0,0.0
15.2333,-9.35,235.0,Nioro Du Sahel,2000,1,24.2,32.4,,0.5
15.2333,-9.35,235.0,Nioro Du Sahel,2000,2,26.4,,,0.0
15.2333,-9.35,235.0,Nioro Du Sahel,2000,3,30.6,39.5,19.7,0.0
15.2333,-9.35,235.0,Nioro Du Sahel,2000,4,,,,0.0
15.2333,-9.35,235.0,Nioro Du Sahel,2000,5,36.1,42.9,27.6,0.0
15.2333,-9.35,235.0,Nioro Du Sahel,2000,6,33.4,,,67.0
15.2333,-9.35,235.0,Nioro Du Sahel,2000,10,29.7,37.2,21.0,28.0
15.2333,-9.35,235.0,Nioro Du Sahel,2000,11,27.0,36.0,17.6,0.0
15.2333,-9.35,235.0,Nioro Du Sahel,2000,12,24.1,33.8,13.7,0.0
15.2333,-9.35,235.0,Nioro Du Sahel,2001,1,23.4,34.1,11.4,0.0
15.2333,-9.35,235.0,Nioro Du Sahel,2001,2,25.6,35.2,15.4,0.0
15.2333,-9.35,235.0,Nioro Du Sahel,2001,3,30.6,40.3,19.4,0.0
15.2333,-9.35,235.0,Nioro Du Sahel,2001,4,33.0,41.8,23.4,0.0
15.2333,-9.35,235.0,Nioro Du Sahel,2001,6,33.0,39.2,26.3,78.0
15.2333,-9.35,235.0,Nioro Du Sahel,2001,7,29.4,34.9,24.1,122.0
15.2333,-9.35,235.0,Nioro Du Sahel,2001,8,29.2,34.7,24.2,116.0
15.2333,-9.35,235.0,Nioro Du Sahel,2001,9,29.3,35.8,23.6,136.0
15.2333,-9.35,235.0,Nioro Du Sahel,2001,10,30.9,39.3,22.7,47.0
15.2333,-9.35,235.0,Nioro Du Sahel,2001,11,28.7,37.0,19.1,0.0
15.2333,-9.35,235.0,Nioro Du Sahel,2001,12,26.5,34.9,17.9,0.0
15.2333,-9.35,235.0,Nioro Du Sahel,2002,4,32.4,40.1,24.3,0.0
15.2333,-9.35,235.0,Nioro Du Sahel,2002,5,35.1,42.6,28.1,2.0
15.2333,-9.35,235.0,Nioro Du Sahel,2002,6,34.4,40.9,28.8,36.0
15.2333,-9.35,235.0,Nioro Du Sahel,2002,8,29.8,36.1,24.1,140.0
15.2333,-9.35,235.0,Nioro Du Sahel,2002,10,31.1,38.6,24.5,44.0
15.2333,-9.35,235.0,Nioro Du Sahel,2002,11,28.4,37.1,19.7,0.0
15.2333,-9.35,235.0,Nioro Du Sahel,2002,12,25.1,33.3,17.2,3.0
15.2333,-9.35,235.0,Nioro Du Sahel,2003,4,34.2,41.7,25.9,0.0
15.2333,-9.35,235.0,Nioro Du Sahel,2003,5,36.6,43.2,29.9,4.0
15.2333,-9.35,235.0,Nioro Du Sahel,2003,8,27.7,32.3,23.5,248.0
15.2333,-9.35,235.0,Nioro Du Sahel,2004,4,33.7,41.5,23.8,4.0
15.2333,-9.35,235.0,Nioro Du Sahel,2004,7,29.6,35.4,25.1,143.0
15.2333,-9.35,235.0,Nioro Du Sahel,2004,8,28.1,33.1,20.3,241.0
15.2333,-9.35,235.0,Nioro Du Sahel,2005,5,34.8,42.0,,8.0
15.2333,-9.35,235.0,Nioro Du Sahel,2005,7,29.7,35.7,25.7,76.0
15.2333,-9.35,235.0,Nioro Du Sahel,2005,9,29.3,35.8,,127.0
15.2333,-9.35,235.0,Nioro Du Sahel,2006,2,25.3,33.9,16.4,3.0
15.2333,-9.35,235.0,Nioro Du Sahel,2008,8,28.0,,,
15.2333,-9.35,235.0,Nioro Du Sahel,2008,9,29.2,,,
15.2333,-9.35,235.0,Nioro Du Sahel,2008,10,30.7,37.6,,
15.2333,-9.35,235.0,Nioro Du Sahel,2008,11,28.6,,,
15.2333,-9.35,235.0,Nioro Du Sahel,2008,12,24.5,,,
15.2333,-9.35,235.0,Nioro Du Sahel,2009,1,21.2,,,
15.2333,-9.35,235.0,Nioro Du Sahel,2009,2,26.9,,,
15.2333,-9.35,235.0,Nioro Du Sahel,2009,3,31.0,40.3,,
15.2333,-9.35,235.0,Nioro Du Sahel,2009,4,32.7,,,
15.2333,-9.35,235.0,Nioro Du Sahel,2009,5,35.4,,,
15.2333,-9.35,235.0,Nioro Du Sahel,2009,6,33.7,,,
15.2333,-9.35,235.0,Nioro Du Sahel,2009,7,30.5,,,
15.2333,-9.35,235.0,Nioro Du Sahel,2009,8,28.4,,,
15.2333,-9.35,235.0,Nioro Du Sahel,2009,9,28.7,34.7,,
15.2333,-9.35,235.0,Nioro Du Sahel,2009,10,30.9,,,
15.2333,-9.35,235.0,Nioro Du Sahel,2009,11,27.4,,,
15.2333,-9.35,235.0,Nioro Du Sahel,2010,1,25.1,,,
15.2333,-9.35,235.0,Nioro Du Sahel,2010,2,29.3,,,
15.2333,-9.35,235.0,Nioro Du Sahel,2010,3,32.4,40.0,,
15.2333,-9.35,235.0,Nioro Du Sahel,2010,5,36.9,43.3,,
15.2333,-9.35,235.0,Nioro Du Sahel,2010,6,34.2,,,
15.2333,-9.35,235.0,Nioro Du Sahel,2010,7,30.8,,,
15.2333,-9.35,235.0,Nioro Du Sahel,2010,8,28.7,,,
15.2333,-9.35,235.0,Nioro Du Sahel,2010,9,28.5,,,
15.2333,-9.35,235.0,Nioro Du Sahel,2010,10,30.9,,,
15.2333,-9.35,235.0,Nioro Du Sahel,2011,2,24.9,32.5,,
15.2333,-9.35,235.0,Nioro Du Sahel,2011,3,31.4,,,
15.2333,-9.35,235.0,Nioro Du Sahel,2011,4,34.7,41.6,,
15.2333,-9.35,235.0,Nioro Du Sahel,2011,5,35.7,42.3,,
15.2333,-9.35,235.0,Nioro Du Sahel,2011,6,34.9,40.7,,
15.2333,-9.35,235.0,Nioro Du Sahel,2011,8,29.3,,,
15.2333,-9.35,235.0,Nioro Du Sahel,2011,9,30.7,36.2,,
15.2333,-9.35,235.0,Nioro Du Sahel,2011,10,31.6,38.6,23.7,
15.2333,-9.35,235.0,Nioro Du Sahel,2011,11,28.9,37.6,,
15.2333,-9.35,235.0,Nioro Du Sahel,2011,12,22.9,31.4,,
15.2333,-9.35,235.0,Nioro Du Sahel,2012,1,22.6,30.1,,
15.2333,-9.35,235.0,Nioro Du Sahel,2012,2,24.0,31.7,,
15.2333,-9.35,235.0,Nioro Du Sahel,2012,5,36.0,,,
15.2333,-9.35,235.0,Nioro Du Sahel,2012,6,33.9,39.3,,
15.2333,-9.35,235.0,Nioro Du Sahel,2012,7,29.1,,,
15.2333,-9.35,235.0,Nioro Du Sahel,2012,8,28.1,33.1,,
15.2333,-9.35,235.0,Nioro Du Sahel,2013,9,29.8,36.0,,
15.2333,-9.35,235.0,Nioro Du Sahel,2013,10,30.7,38.2,,
15.2333,-9.35,235.0,Nioro Du Sahel,2013,11,28.2,,,
15.2333,-9.35,235.0,Nioro Du Sahel,2013,12,24.1,,,
15.2333,-9.35,235.0,Nioro Du Sahel,2014,1,24.1,,,
15.2333,-9.35,235.0,Nioro Du Sahel,2014,2,24.0,33.0,12.5,0.0
15.2333,-9.35,235.0,Nioro Du Sahel,2014,3,28.6,,,
15.2333,-9.35,235.0,Nioro Du Sahel,2014,4,33.5,,,
15.2333,-9.35,235.0,Nioro Du Sahel,2014,5,34.3,,,
15.2333,-9.35,235.0,Nioro Du Sahel,2014,6,35.1,,,
15.2333,-9.35,235.0,Nioro Du Sahel,2014,7,32.2,,,
15.2333,-9.35,235.0,Nioro Du Sahel,2014,8,28.4,,,
15.2333,-9.35,235.0,Nioro Du Sahel,2014,9,29.3,,,
15.2333,-9.35,235.0,Nioro Du Sahel,2014,10,31.0,,,
15.2333,-9.35,235.0,Nioro Du Sahel,2014,11,28.6,,20.3,
15.2333,-9.35,235.0,Nioro Du Sahel,2014,12,23.8,,15.5,
15.2333,-9.35,235.0,Nioro Du Sahel,2015,1,23.0,30.8,15.6,0.0
15.2333,-9.35,235.0,Nioro Du Sahel,2015,2,26.4,35.4,17.6,0.0
15.2333,-9.35,235.0,Nioro Du Sahel,2015,3,29.1,,,
15.2333,-9.35,235.0,Nioro Du Sahel,2015,4,35.0,42.6,27.3,0.0
15.2333,-9.35,235.0,Nioro Du Sahel,2015,5,36.8,43.2,,
15.2333,-9.35,235.0,Nioro Du Sahel,2015,6,36.0,41.6,29.4,9.0
15.2333,-9.35,235.0,Nioro Du Sahel,2015,7,31.4,35.9,26.5,105.0
15.2333,-9.35,235.0,Nioro Du Sahel,2015,8,28.6,32.9,24.2,208.0
15.2333,-9.35,235.0,Nioro Du Sahel,2015,9,28.2,33.5,24.6,152.0
15.2333,-9.35,235.0,Nioro Du Sahel,2015,10,30.8,37.7,25.3,10.0
15.2333,-9.35,235.0,Nioro Du Sahel,2015,11,27.2,36.2,,
15.2333,-9.35,235.0,Nioro Du Sahel,2015,12,23.3,31.7,14.8,0.0
15.2333,-9.35,235.0,Nioro Du Sahel,2016,1,24.8,32.6,17.3,2.0
15.2333,-9.35,235.0,Nioro Du Sahel,2016,2,25.2,34.4,15.6,0.0
15.2333,-9.35,235.0,Nioro Du Sahel,2016,3,28.3,37.4,18.6,0.0
15.2333,-9.35,235.0,Nioro Du Sahel,2016,4,34.7,42.1,26.9,0.0
15.2333,-9.35,235.0,Nioro Du Sahel,2016,5,36.9,43.2,30.8,2.0
15.2333,-9.35,235.0,Nioro Du Sahel,2016,6,35.0,41.1,29.6,49.0
15.2333,-9.35,235.0,Nioro Du Sahel,2016,7,29.8,34.8,25.4,127.0
15.2333,-9.35,235.0,Nioro Du Sahel,2016,8,28.3,33.3,24.6,159.0
15.2333,-9.35,235.0,Nioro Du Sahel,2016,9,28.9,34.9,24.3,120.0
15.2333,-9.35,235.0,Nioro Du Sahel,2016,10,30.4,38.2,24.2,84.0
15.2333,-9.35,235.0,Nioro Du Sahel,2016,11,27.8,37.2,19.0,0.0
15.2333,-9.35,235.0,Nioro Du Sahel,2016,12,24.3,32.7,15.8,0.0
15.2333,-9.35,235.0,Nioro Du Sahel,2017,1,21.6,31.4,11.8,0.0
15.2333,-9.35,235.0,Nioro Du Sahel,2017,2,27.2,36.4,18.2,0.0
15.2333,-9.35,235.0,Nioro Du Sahel,2017,3,31.9,40.5,23.1,0.0
15.2333,-9.35,235.0,Nioro Du Sahel,2017,4,33.5,41.8,24.8,0.0
15.2333,-9.35,235.0,Nioro Du Sahel,2017,5,36.2,42.4,30.4,28.0
15.2333,-9.35,235.0,Nioro Du Sahel,2017,6,34.0,39.9,28.7,56.0
15.2333,-9.35,235.0,Nioro Du Sahel,2017,7,29.5,34.7,25.4,118.0
15.2333,-9.35,235.0,Nioro Du Sahel,2017,8,29.3,34.7,25.4,
15.2333,-9.35,235.0,Nioro Du Sahel,2017,9,30.2,36.7,25.3,55.0
15.2333,-9.35,235.0,Nioro Du Sahel,2017,10,31.9,40.0,24.3,3.0
15.2333,-9.35,235.0,Nioro Du Sahel,2017,11,27.5,36.6,18.5,0.0
15.2333,-9.35,235.0,Nioro Du Sahel,2017,12,21.9,30.4,13.2,0.0
15.2333,-9.35,235.0,Nioro Du Sahel,2018,1,22.5,31.8,13.2,0.0
15.2333,-9.35,235.0,Nioro Du Sahel,2018,2,25.6,32.9,17.9,0.0
15.2333,-9.35,235.0,Nioro Du Sahel,2018,3,30.3,38.6,20.8,0.0
15.2333,-9.35,235.0,Nioro Du Sahel,2018,4,32.9,40.2,24.4,0.0
15.2333,-9.35,235.0,Nioro Du Sahel,2018,5,35.3,42.3,27.6,16.0
15.2333,-9.35,235.0,Nioro Du Sahel,2018,6,35.3,40.7,29.9,22.0
15.2333,-9.35,235.0,Nioro Du Sahel,2018,7,30.0,34.6,25.2,147.0
15.2333,-9.35,235.0,Nioro Du Sahel,2018,8,27.8,32.0,23.7,268.0
15.2333,-9.35,235.0,Nioro Du Sahel,2018,9,28.7,33.7,24.0,
15.2333,-9.35,235.0,Nioro Du Sahel,2018,10,31.6,39.1,27.4,0.0
15.2333,-9.35,235.0,Nioro Du Sahel,2018,11,28.3,36.6,19.8,0.0
15.2333,-9.35,235.0,Nioro Du Sahel,2018,12,23.5,33.5,13.3,0.0
15.2333,-9.35,235.0,Nioro Du Sahel,2019,1,21.9,31.4,11.7,0.0
15.2333,-9.35,235.0,Nioro Du Sahel,2019,2,24.8,,,
15.2333,-9.35,235.0,Nioro Du Sahel,2019,3,27.7,36.5,18.5,0.0
15.2333,-9.35,235.0,Nioro Du Sahel,2019,4,32.9,,,
15.2333,-9.35,235.0,Nioro Du Sahel,2019,5,35.9,,,
15.2333,-9.35,235.0,Nioro Du Sahel,2019,6,36.1,,,
15.2333,-9.35,235.0,Nioro Du Sahel,2019,7,31.5,36.8,26.3,121.0
15.2333,-9.35,235.0,Nioro Du Sahel,2019,8,29.6,34.2,25.6,122.0
15.2333,-9.35,235.0,Nioro Du Sahel,2019,9,29.7,35.2,24.4,83.0
15.2333,-9.35,235.0,Nioro Du Sahel,2019,10,30.6,38.0,24.4,67.0
15.2333,-9.35,235.0,Nioro Du Sahel,2019,11,28.6,37.2,19.9,0.0
15.2333,-9.35,235.0,Nioro Du Sahel,2019,12,25.1,34.4,15.2,0.0
15.2333,-9.35,235.0,Nioro Du Sahel,2020,1,23.2,31.7,14.6,0.0
15.2333,-9.35,235.0,Nioro Du Sahel,2020,2,28.3,36.7,18.9,0.0
15.2333,-9.35,235.0,Nioro Du Sahel,2020,3,29.7,38.3,19.6,0.0
15.2333,-9.35,235.0,Nioro Du Sahel,2020,4,34.4,41.4,26.6,0.5
15.2333,-9.35,235.0,Nioro Du Sahel,2020,5,36.4,,,
15.2333,-9.35,235.0,Nioro Du Sahel,2020,6,34.1,40.1,28.2,76.0
15.2333,-9.35,235.0,Nioro Du Sahel,2020,7,30.0,34.3,25.8,125.0
15.2333,-9.35,235.0,Nioro Du Sahel,2020,8,28.4,32.5,24.4,303.0
15.2333,-9.35,235.0,Nioro Du Sahel,2020,9,28.3,33.7,23.9,277.0
15.2333,-9.35,235.0,Nioro Du Sahel,2020,10,29.3,37.1,22.0,71.0
15.2333,-9.35,235.0,Nioro Du Sahel,2020,11,27.1,36.4,17.1,0.0
15.2333,-9.35,235.0,Nioro Du Sahel,2020,12,25.4,35.1,15.4,0.0
15.2333,-9.35,235.0,Nioro Du Sahel,2021,1,24.3,34.2,13.4,0.0
15.2333,-9.35,235.0,Nioro Du Sahel,2021,2,26.7,35.4,17.2,3.0
15.2333,-9.35,235.0,Nioro Du Sahel,2021,3,29.9,38.1,20.1,0.0
15.2333,-9.35,235.0,Nioro Du Sahel,2021,4,35.1,42.9,26.8,0.5
15.2333,-9.35,235.0,Nioro Du Sahel,2021,5,36.4,42.5,29.7,14.0
15.2333,-9.35,235.0,Nioro Du Sahel,2021,6,34.6,40.0,29.0,41.0
15.2333,-9.35,235.0,Nioro Du Sahel,2021,7,31.3,36.7,26.1,185.0
15.2333,-9.35,235.0,Nioro Du Sahel,2021,8,28.6,33.2,24.1,175.0
15.2333,-9.35,235.0,Nioro Du Sahel,2021,9,29.7,35.4,24.2,82.0
15.2333,-9.35,235.0,Nioro Du Sahel,2021,10,31.5,38.9,24.8,12.0
15.2333,-9.35,235.0,Nioro Du Sahel,2021,11,30.2,37.7,22.2,0.0
15.2333,-9.35,235.0,Nioro Du Sahel,2021,12,26.1,34.7,17.5,0.0
15.2333,-9.35,235.0,Nioro Du Sahel,2022,1,25.1,33.7,16.0,0.0
15.2333,-9.35,235.0,Nioro Du Sahel,2022,2,26.6,35.3,17.1,0.0
15.2333,-9.35,235.0,Nioro Du Sahel,2022,3,29.7,37.8,21.0,0.0
15.2333,-9.35,235.0,Nioro Du Sahel,2022,4,33.7,41.5,24.5,0.0
15.2333,-9.35,235.0,Nioro Du Sahel,2022,5,35.4,42.6,27.9,7.0
15.2333,-9.35,235.0,Nioro Du Sahel,2022,6,32.9,39.4,27.5,90.0
15.2333,-9.35,235.0,Nioro Du Sahel,2022,7,30.0,34.6,24.6,145.0
15.2333,-9.35,235.0,Nioro Du Sahel,2022,8,27.4,32.7,23.4,244.0
15.2333,-9.35,235.0,Nioro Du Sahel,2022,9,28.0,33.2,23.6,130.0
15.2333,-9.35,235.0,Nioro Du Sahel,2022,10,29.6,36.7,23.6,43.0
15.2333,-9.35,235.0,Nioro Du Sahel,2022,11,26.8,35.6,17.7,0.0
15.2333,-9.35,235.0,Nioro Du Sahel,2022,12,25.9,34.4,17.3,1.0
15.2333,-9.35,235.0,Nioro Du Sahel,2023,1,23.6,33.3,13.9,0.0
15.2333,-9.35,235.0,Nioro Du Sahel,2023,2,27.6,36.6,18.2,0.0
15.2333,-9.35,235.0,Nioro Du Sahel,2023,3,30.9,40.0,20.7,0.5
15.2333,-9.35,235.0,Nioro Du Sahel,2023,4,33.0,41.1,24.2,3.0
15.2333,-9.35,235.0,Nioro Du Sahel,2023,5,35.8,42.6,29.4,0.5
15.2333,-9.35,235.0,Nioro Du Sahel,2023,6,34.6,42.1,28.3,75.0
15.2333,-9.35,235.0,Nioro Du Sahel,2023,7,29.7,36.1,25.1,148.0
15.2333,-9.35,235.0,Nioro Du Sahel,2023,8,29.2,35.1,24.8,165.0
15.2333,-9.35,235.0,Nioro Du Sahel,2023,9,29.8,36.1,24.5,78.0
15.2333,-9.35,235.0,Nioro Du Sahel,2023,10,30.8,38.3,24.8,67.0
15.2333,-9.35,235.0,Nioro Du Sahel,2023,11,27.9,37.3,18.4,0.0
15.2333,-9.35,235.0,Nioro Du Sahel,2023,12,24.4,33.6,14.6,0.0
15.2333,-9.35,235.0,Nioro Du Sahel,2024,1,25.7,35.2,15.8,0.0
15.2333,-9.35,235.0,Nioro Du Sahel,2024,2,27.3,36.7,17.4,0.0
15.2333,-9.35,235.0,Nioro Du Sahel,2024,3,31.4,40.1,22.3,0.0
15.2333,-9.35,235.0,Nioro Du Sahel,2024,4,35.5,42.5,27.7,0.0
15.2333,-9.35,235.0,Nioro Du Sahel,2024,5,37.1,44.0,29.8,30.0
15.2333,-9.35,235.0,Nioro Du Sahel,2024,6,36.1,42.2,30.3,0.0
15.2333,-9.35,235.0,Nioro Du Sahel,2024,7,30.5,35.4,26.7,197.0
15.2333,-9.35,235.0,Nioro Du Sahel,2024,8,28.5,33.3,25.1,236.0
15.2333,-9.35,235.0,Nioro Du Sahel,2024,9,28.1,33.1,24.4,160.0
15.2333,-9.35,235.0,Nioro Du Sahel,2024,10,29.9,37.5,23.7,9.0
15.2333,-9.35,235.0,Nioro Du Sahel,2024,11,29.1,37.4,19.6,0.0
15.2333,-9.35,235.0,Nioro Du Sahel,2024,12,24.7,34.0,15.6,0.5
15.2333,-9.35,235.0,Nioro Du Sahel,2025,1,23.0,32.7,13.6,0.0
15.2333,-9.35,235.0,Nioro Du Sahel,2025,2,25.6,34.8,16.5,1.0
15.2333,-9.35,235.0,Nioro Du Sahel,2025,3,32.5,40.8,23.7,8.0
15.2333,-9.35,235.0,Nioro Du Sahel,2025,4,35.9,43.1,28.5,0.0
15.2333,-9.35,235.0,Nioro Du Sahel,2025,5,36.6,43.1,30.5,13.0
15.2333,-9.35,235.0,Nioro Du Sahel,2025,6,33.5,39.9,27.6,48.0
15.2333,-9.35,235.0,Nioro Du Sahel,2025,7,29.0,34.2,24.6,95.5
15.1667,-7.2833,271.0,Nara,1994,1,20.5,,,0.0
15.1667,-7.2833,271.0,Nara,1994,2,25.5,,,0.0
15.1667,-7.2833,271.0,Nara,1994,3,29.2,,,0.5
15.1667,-7.2833,271.0,Nara,1994,4,33.2,,,0.0
15.1667,-7.2833,271.0,Nara,1994,5,34.1,,,1.0
15.1667,-7.2833,271.0,Nara,1994,6,,,,21.0
15.1667,-7.2833,271.0,Nara,1994,9,29.2,,,57.0
15.1667,-7.2833,271.0,Nara,1994,10,28.3,,,46.0
15.1667,-7.2833,271.0,Nara,1994,11,27.2,,,0.0
15.1667,-7.2833,271.0,Nara,1994,12,23.9,,,0.0
15.1667,-7.2833,271.0,Nara,1995,1,20.6,,,0.0
15.1667,-7.2833,271.0,Nara,1995,2,25.0,,17.1,0.0
15.1667,-7.2833,271.0,Nara,1995,3,29.9,,,1.0
15.1667,-7.2833,271.0,Nara,1995,4,33.3,,,10.0
15.1667,-7.2833,271.0,Nara,1995,5,34.6,,,26.0
15.1667,-7.2833,271.0,Nara,1995,6,35.1,,,4.0
15.1667,-7.2833,271.0,Nara,1995,7,31.2,,,149.0
15.1667,-7.2833,271.0,Nara,1995,8,27.7,,,115.0
15.1667,-7.2833,271.0,Nara,1995,11,27.8,,,0.0
15.1667,-7.2833,271.0,Nara,1996,1,25.4,,,0.0
15.1667,-7.2833,271.0,Nara,1996,2,29.2,,,0.0
15.1667,-7.2833,271.0,Nara,1996,5,34.8,,,13.0
15.1667,-7.2833,271.0,Nara,1996,6,33.6,,,57.0
15.1667,-7.2833,271.0,Nara,1996,7,30.6,,,89.0
15.1667,-7.2833,271.0,Nara,1996,9,28.8,,,83.0
15.1667,-7.2833,271.0,Nara,1996,11,26.7,,,0.0
15.1667,-7.2833,271.0,Nara,1996,12,24.4,,,0.0
15.1667,-7.2833,271.0,Nara,1997,1,,,,0.0
15.1667,-7.2833,271.0,Nara,1997,2,25.9,34.2,,0.0
15.1667,-7.2833,271.0,Nara,1997,3,27.6,,,
15.1667,-7.2833,271.0,Nara,1997,4,32.8,,,5.0
15.1667,-7.2833,271.0,Nara,1997,6,,,,5.0
15.1667,-7.2833,271.0,Nara,1997,8,28.9,34.1,24.5,147.0
15.1667,-7.2833,271.0,Nara,1997,9,30.1,36.4,24.9,25.0
15.1667,-7.2833,271.0,Nara,1997,12,23.9,,,0.0
15.1667,-7.2833,271.0,Nara,1998,1,23.6,32.1,15.3,0.0
15.1667,-7.2833,271.0,Nara,1998,6,34.3,40.9,28.2,8.0
15.1667,-7.2833,271.0,Nara,1998,7,31.2,37.1,26.1,106.0
15.1667,-7.2833,271.0,Nara,1998,8,29.0,33.7,24.2,178.0
15.1667,-7.2833,271.0,Nara,1998,9,28.6,34.3,24.0,66.0
15.1667,-7.2833,271.0,Nara,1998,10,31.1,38.5,23.5,0.5
15.1667,-7.2833,271.0,Nara,1998,11,27.1,36.0,18.2,0.0
15.1667,-7.2833,271.0,Nara,1998,12,25.0,,,
15.1667,-7.2833,271.0,Nara,1999,2,22.7,31.2,14.2,0.0
15.1667,-7.2833,271.0,Nara,1999,3,29.4,38.2,18.8,0.0
15.1667,-7.2833,271.0,Nara,2001,4,32.9,41.4,23.9,0.0
15.1667,-7.2833,271.0,Nara,2001,6,32.9,39.3,27.0,82.0
15.1667,-7.2833,271.0,Nara,2001,7,29.4,34.6,24.4,135.0
15.1667,-7.2833,271.0,Nara,2001,9,28.8,35.5,23.6,173.0
15.1667,-7.2833,271.0,Nara,2001,10,29.8,38.8,21.6,4.0
15.1667,-7.2833,271.0,Nara,2001,11,28.0,37.2,19.0,0.0
15.1667,-7.2833,271.0,Nara,2001,12,26.0,34.8,18.0,0.0
15.1667,-7.2833,271.0,Nara,2002,1,24.0,,,0.0
15.1667,-7.2833,271.0,Nara,2002,2,25.3,34.4,,0.0
15.1667,-7.2833,271.0,Nara,2002,3,30.4,38.9,21.7,0.0
15.1667,-7.2833,271.0,Nara,2002,4,32.9,40.6,24.8,0.0
15.1667,-7.2833,271.0,Nara,2002,5,36.7,42.6,27.9,
15.1667,-7.2833,271.0,Nara,2002,6,34.3,40.7,28.1,5.0
15.1667,-7.2833,271.0,Nara,2002,7,31.7,37.3,26.5,102.0
15.1667,-7.2833,271.0,Nara,2002,8,28.8,34.7,24.3,280.0
15.1667,-7.2833,271.0,Nara,2002,9,30.0,36.9,24.5,80.0
15.1667,-7.2833,271.0,Nara,2002,10,29.8,37.5,22.7,53.0
15.1667,-7.2833,271.0,Nara,2002,11,27.9,36.8,17.1,0.0
15.1667,-7.2833,271.0,Nara,2003,2,27.7,36.8,18.8,0.0
15.1667,-7.2833,271.0,Nara,2003,3,30.3,38.8,21.8,0.0
15.1667,-7.2833,271.0,Nara,2003,4,34.6,42.1,26.2,0.0
15.1667,-7.2833,271.0,Nara,2003,5,36.2,43.1,28.6,0.0
15.1667,-7.2833,271.0,Nara,2003,6,32.6,38.5,27.1,50.0
15.1667,-7.2833,271.0,Nara,2003,7,29.2,34.8,24.8,136.0
15.1667,-7.2833,271.0,Nara,2003,8,27.4,32.6,23.7,94.0
15.1667,-7.2833,271.0,Nara,2003,9,28.0,34.0,23.7,91.0
15.1667,-7.2833,271.0,Nara,2003,10,31.2,39.2,24.3,7.0
15.1667,-7.2833,271.0,Nara,2003,11,28.6,36.7,21.1,2.0
15.1667,-7.2833,271.0,Nara,2003,12,23.6,32.8,15.0,0.0
15.1667,-7.2833,271.0,Nara,2004,1,23.7,35.3,15.8,0.0
15.1667,-7.2833,271.0,Nara,2004,3,30.2,38.0,,0.0
15.1667,-7.2833,271.0,Nara,2004,4,33.7,41.1,26.1,0.5
15.1667,-7.2833,271.0,Nara,2004,5,35.7,43.0,,2.0
15.1667,-7.2833,271.0,Nara,2004,6,33.6,40.3,28.0,1.0
15.1667,-7.2833,271.0,Nara,2004,7,29.4,35.2,25.0,134.0
15.1667,-7.2833,271.0,Nara,2004,9,31.6,,,
15.1667,-7.2833,271.0,Nara,2004,10,31.7,,,0.0
15.1667,-7.2833,271.0,Nara,2004,11,28.6,,,0.0
15.1667,-7.2833,271.0,Nara,2004,12,26.1,,,0.0
15.1667,-7.2833,271.0,Nara,2005,1,22.9,30.6,,2.0
15.1667,-7.2833,271.0,Nara,2005,2,27.3,34.4,22.1,2.0
15.1667,-7.2833,271.0,Nara,2005,4,34.1,42.5,,0.0
15.1667,-7.2833,271.0,Nara,2005,5,34.9,41.7,,46.0
15.1667,-7.2833,271.0,Nara,2005,6,31.9,38.2,26.2,47.0
15.1667,-7.2833,271.0,Nara,2005,7,29.2,,,91.0
15.1667,-7.2833,271.0,Nara,2005,8,28.2,,,186.0
15.1667,-7.2833,271.0,Nara,2005,9,29.7,,,48.0
15.1667,-7.2833,271.0,Nara,2007,7,,,,199.0
15.1667,-7.2833,271.0,Nara,2007,9,29.8,35.7,23.7,40.0
15.1667,-7.2833,271.0,Nara,2007,10,31.0,40.0,23.0,
15.1667,-7.2833,271.0,Nara,2007,11,,,,0.0
15.1667,-7.2833,271.0,Nara,2007,12,22.8,32.1,,0.0
15.1667,-7.2833,271.0,Nara,2008,1,20.7,29.5,12.1,0.0
15.1667,-7.2833,271.0,Nara,2008,2,27.2,36.2,18.0,0.0
15.1667,-7.2833,271.0,Nara,2008,3,30.5,39.6,21.4,0.0
15.1667,-7.2833,271.0,Nara,2008,4,32.7,41.0,23.8,0.0
15.1667,-7.2833,271.0,Nara,2008,6,,,,117.0
15.1667,-7.2833,271.0,Nara,2008,7,28.6,34.3,24.0,143.0
15.1667,-7.2833,271.0,Nara,2008,8,27.5,33.7,23.0,160.0
15.1667,-7.2833,271.0,Nara,2008,9,28.8,35.7,23.6,87.0
15.1667,-7.2833,271.0,Nara,2008,10,30.3,38.0,23.7,14.0
15.1667,-7.2833,271.0,Nara,2008,11,27.0,36.9,17.4,0.0
15.1667,-7.2833,271.0,Nara,2009,4,33.0,41.0,23.8,7.0
15.1667,-7.2833,271.0,Nara,2009,5,34.5,42.6,26.4,12.0
15.1667,-7.2833,271.0,Nara,2009,6,34.1,40.6,28.4,33.0
15.1667,-7.2833,271.0,Nara,2009,7,30.2,36.1,25.2,90.0
15.1667,-7.2833,271.0,Nara,2009,8,28.3,34.3,24.1,
15.1667,-7.2833,271.0,Nara,2009,9,28.5,35.2,23.9,104.0
15.1667,-7.2833,271.0,Nara,2009,10,30.3,39.2,22.9,22.0
15.1667,-7.2833,271.0,Nara,2009,11,26.4,35.1,18.8,5.0
15.1667,-7.2833,271.0,Nara,2009,12,24.8,34.7,16.0,0.0
15.1667,-7.2833,271.0,Nara,2010,1,23.8,34.3,13.9,0.0
15.1667,-7.2833,271.0,Nara,2010,2,29.2,38.7,,0.0
15.1667,-7.2833,271.0,Nara,2010,3,31.4,40.1,22.8,0.0
15.1667,-7.2833,271.0,Nara,2010,4,35.8,,,
15.1667,-7.2833,271.0,Nara,2010,5,36.1,43.1,,0.5
15.1667,-7.2833,271.0,Nara,2010,6,34.1,40.6,28.5,46.0
15.1667,-7.2833,271.0,Nara,2010,7,30.1,35.8,,105.0
15.1667,-7.2833,271.0,Nara,2010,8,27.6,33.5,24.0,300.0
15.1667,-7.2833,271.0,Nara,2010,9,27.5,34.0,23.3,123.0
15.1667,-7.2833,271.0,Nara,2010,10,30.1,38.0,23.9,9.0
15.1667,-7.2833,271.0,Nara,2010,11,28.0,,,0.0
15.1667,-7.2833,271.0,Nara,2010,12,24.6,,,
15.1667,-7.2833,271.0,Nara,2011,1,24.3,33.9,16.9,0.0
15.1667,-7.2833,271.0,Nara,2011,2,24.0,32.6,15.9,0.0
15.1667,-7.2833,271.0,Nara,2011,3,31.9,40.4,24.0,0.5
15.1667,-7.2833,271.0,Nara,2011,4,33.7,41.9,25.2,0.0
15.1667,-7.2833,271.0,Nara,2011,5,35.9,42.3,28.1,12.0
15.1667,-7.2833,271.0,Nara,2011,6,34.6,,,7.0
15.1667,-7.2833,271.0,Nara,2011,7,31.2,37.8,26.2,
15.1667,-7.2833,271.0,Nara,2011,8,28.3,,,265.0
15.1667,-7.2833,271.0,Nara,2011,9,29.6,36.7,24.9,27.0
15.1667,-7.2833,271.0,Nara,2011,10,31.0,39.1,24.2,11.0
15.1667,-7.2833,271.0,Nara,2011,11,28.2,37.8,18.6,0.0
15.1667,-7.2833,271.0,Nara,2011,12,22.1,31.5,,0.0
15.1667,-7.2833,271.0,Nara,2012,1,21.3,30.0,13.4,0.0
15.1667,-7.2833,271.0,Nara,2012,2,24.1,31.9,17.4,0.0
15.1667,-7.2833,271.0,Nara,2012,4,33.7,41.0,26.7,
15.1667,-7.2833,271.0,Nara,2012,5,35.5,42.8,28.5,0.5
15.1667,-7.2833,271.0,Nara,2012,6,33.0,39.5,27.4,48.0
15.1667,-7.2833,271.0,Nara,2012,7,28.4,33.7,24.3,234.0
15.1667,-7.2833,271.0,Nara,2012,8,28.3,32.5,23.2,109.0
15.1667,-7.2833,271.0,Nara,2012,11,29.5,,,
15.1667,-7.2833,271.0,Nara,2012,12,23.3,,,
15.1667,-7.2833,271.0,Nara,2013,6,34.4,41.4,28.2,
15.1667,-7.2833,271.0,Nara,2013,8,27.6,33.2,23.6,170.0
15.1667,-7.2833,271.0,Nara,2013,9,29.4,36.6,24.2,55.0
15.1667,-7.2833,271.0,Nara,2013,10,30.2,38.7,23.7,52.0
15.1667,-7.2833,271.0,Nara,2013,11,27.6,36.5,18.8,0.0
15.1667,-7.2833,271.0,Nara,2013,12,23.1,30.9,15.4,0.0
15.1667,-7.2833,271.0,Nara,2014,1,24.3,33.0,16.4,0.0
15.1667,-7.2833,271.0,Nara,2014,2,24.2,33.1,15.6,0.0
15.1667,-7.2833,271.0,Nara,2014,3,28.3,37.4,18.8,0.0
15.1667,-7.2833,271.0,Nara,2014,5,33.6,39.9,28.5,76.0
15.1667,-7.2833,271.0,Nara,2014,6,33.8,40.7,28.5,9.0
15.1667,-7.2833,271.0,Nara,2014,7,31.4,38.0,26.4,68.0
15.1667,-7.2833,271.0,Nara,2014,8,27.9,33.0,24.4,285.0
15.1667,-7.2833,271.0,Nara,2014,9,28.5,34.6,24.0,103.0
15.1667,-7.2833,271.0,Nara,2014,10,29.8,38.4,22.7,9.0
15.1667,-7.2833,271.0,Nara,2014,11,27.5,36.5,19.4,4.0
15.1667,-7.2833,271.0,Nara,2014,12,23.3,31.5,15.8,0.0
15.1667,-7.2833,271.0,Nara,2015,1,22.0,30.3,14.7,0.0
15.1667,-7.2833,271.0,Nara,2015,2,26.1,35.5,16.9,0.0
15.1667,-7.2833,271.0,Nara,2015,3,28.9,36.6,21.4,0.0
15.1667,-7.2833,271.0,Nara,2015,4,33.5,42.1,24.1,0.0
15.1667,-7.2833,271.0,Nara,2015,5,36.3,43.7,29.2,2.0
15.1667,-7.2833,271.0,Nara,2015,6,35.3,42.5,29.4,20.0
15.1667,-7.2833,271.0,Nara,2015,7,30.9,36.8,26.2,162.0
15.1667,-7.2833,271.0,Nara,2015,8,27.7,33.0,24.1,169.0
15.1667,-7.2833,271.0,Nara,2015,9,28.4,34.2,24.4,86.0
15.1667,-7.2833,271.0,Nara,2015,10,31.0,38.7,25.0,13.0
15.1667,-7.2833,271.0,Nara,2015,11,27.3,35.8,19.0,0.0
15.1667,-7.2833,271.0,Nara,2015,12,22.9,31.4,15.2,
15.1667,-7.2833,271.0,Nara,2016,1,24.8,32.3,18.2,0.0
15.1667,-7.2833,271.0,Nara,2016,2,25.4,34.5,16.2,0.0
15.1667,-7.2833,271.0,Nara,2016,3,28.8,37.7,19.9,0.0
15.1667,-7.2833,271.0,Nara,2016,4,34.7,42.3,26.6,0.5
15.1667,-7.2833,271.0,Nara,2016,5,36.7,43.5,30.3,0.0
15.1667,-7.2833,271.0,Nara,2016,6,34.3,41.0,29.0,32.0
15.1667,-7.2833,271.0,Nara,2016,7,29.8,36.2,25.3,81.0
15.1667,-7.2833,271.0,Nara,2016,8,28.4,34.5,24.2,125.0
15.1667,-7.2833,271.0,Nara,2016,9,29.6,37.0,24.7,100.0
15.1667,-7.2833,271.0,Nara,2016,10,31.5,40.3,24.1,4.0
15.1667,-7.2833,271.0,Nara,2016,11,28.5,37.5,20.1,0.0
15.1667,-7.2833,271.0,Nara,2016,12,24.9,33.0,17.6,0.0
15.1667,-7.2833,271.0,Nara,2017,1,22.4,31.6,13.8,0.0
15.1667,-7.2833,271.0,Nara,2017,2,27.9,36.8,20.0,0.0
15.1667,-7.2833,271.0,Nara,2017,3,32.7,40.8,24.6,0.5
15.1667,-7.2833,271.0,Nara,2017,4,34.0,42.4,25.4,0.0
15.1667,-7.2833,271.0,Nara,2017,5,35.5,42.9,29.2,42.0
15.1667,-7.2833,271.0,Nara,2017,6,33.7,40.8,28.4,37.0
15.1667,-7.2833,271.0,Nara,2017,7,29.7,35.2,25.1,143.0
15.1667,-7.2833,271.0,Nara,2017,8,29.1,35.2,24.9,108.0
15.1667,-7.2833,271.0,Nara,2017,9,30.3,37.8,24.8,56.0
15.1667,-7.2833,271.0,Nara,2017,10,31.7,40.4,23.7,0.5
15.1667,-7.2833,271.0,Nara,2017,11,27.8,37.0,19.2,0.0
15.1667,-7.2833,271.0,Nara,2017,12,22.5,30.8,15.1,0.0
15.1667,-7.2833,271.0,Nara,2018,1,23.5,32.2,15.4,0.0
15.1667,-7.2833,271.0,Nara,2018,2,26.4,34.4,19.2,0.0
15.1667,-7.2833,271.0,Nara,2018,3,31.2,39.7,22.8,0.0
15.1667,-7.2833,271.0,Nara,2018,4,33.4,41.3,25.1,0.0
15.1667,-7.2833,271.0,Nara,2018,5,35.3,43.0,27.8,2.0
15.1667,-7.2833,271.0,Nara,2018,6,35.1,41.4,29.4,
15.1667,-7.2833,271.0,Nara,2018,7,30.1,35.8,25.4,88.0
15.1667,-7.2833,271.0,Nara,2018,8,27.1,32.5,23.3,306.0
15.1667,-7.2833,271.0,Nara,2018,9,28.8,35.2,24.1,79.0
15.1667,-7.2833,271.0,Nara,2018,10,30.9,39.4,24.1,10.0
15.1667,-7.2833,271.0,Nara,2018,11,28.8,37.5,20.7,0.0
15.1667,-7.2833,271.0,Nara,2018,12,24.1,33.4,15.2,0.0
15.1667,-7.2833,271.0,Nara,2019,1,22.2,31.6,13.5,0.0
15.1667,-7.2833,271.0,Nara,2019,3,28.2,36.9,19.6,2.0
15.1667,-7.2833,271.0,Nara,2019,7,30.4,36.5,25.3,112.0
15.1667,-7.2833,271.0,Nara,2019,8,27.9,32.9,23.9,225.0
15.1667,-7.2833,271.0,Nara,2019,9,28.9,35.9,23.7,147.0
15.1667,-7.2833,271.0,Nara,2019,10,30.8,39.1,24.4,10.0
15.1667,-7.2833,271.0,Nara,2019,11,28.5,37.4,19.8,0.0
15.1667,-7.2833,271.0,Nara,2019,12,24.5,34.9,15.3,0.0
15.1667,-7.2833,271.0,Nara,2020,1,22.9,31.8,15.9,0.0
15.1667,-7.2833,271.0,Nara,2020,2,27.5,36.3,19.3,0.5
15.1667,-7.2833,271.0,Nara,2020,3,30.0,39.4,20.2,0.0
15.1667,-7.2833,271.0,Nara,2020,4,33.7,41.6,25.7,4.0
15.1667,-7.2833,271.0,Nara,2020,5,35.2,,,
15.1667,-7.2833,271.0,Nara,2020,6,34.4,41.7,28.0,25.0
15.1667,-7.2833,271.0,Nara,2020,7,30.8,36.2,26.0,193.0
15.1667,-7.2833,271.0,Nara,2020,8,28.6,33.5,24.3,157.0
15.1667,-7.2833,271.0,Nara,2020,9,29.1,35.6,23.9,81.0
15.1667,-7.2833,271.0,Nara,2020,10,30.7,39.2,22.6,7.0
15.1667,-7.2833,271.0,Nara,2020,11,27.3,36.4,17.3,0.0
15.1667,-7.2833,271.0,Nara,2020,12,26.5,35.8,17.4,0.0
15.1667,-7.2833,271.0,Nara,2021,1,25.7,35.3,15.4,0.0
15.1667,-7.2833,271.0,Nara,2021,2,27.9,36.9,18.9,0.0
15.1667,-7.2833,271.0,Nara,2021,3,30.5,38.8,21.8,0.0
15.1667,-7.2833,271.0,Nara,2021,4,35.1,43.3,26.6,3.0
15.1667,-7.2833,271.0,Nara,2021,5,36.7,43.3,30.0,6.0
15.1667,-7.2833,271.0,Nara,2021,6,34.6,41.3,28.5,34.0
15.1667,-7.2833,271.0,Nara,2021,7,31.1,36.7,26.2,118.0
15.1667,-7.2833,271.0,Nara,2021,8,28.8,34.3,24.2,78.0
15.1667,-7.2833,271.0,Nara,2021,9,30.6,37.5,24.9,72.0
15.1667,-7.2833,271.0,Nara,2021,10,32.6,40.0,25.1,4.0
15.1667,-7.2833,271.0,Nara,2021,11,30.5,38.3,22.2,0.0
15.1667,-7.2833,271.0,Nara,2021,12,27.0,34.9,18.5,0.0
15.1667,-7.2833,271.0,Nara,2022,1,24.9,33.1,16.3,0.0
15.1667,-7.2833,271.0,Nara,2022,2,27.0,35.7,17.4,0.0
15.1667,-7.2833,271.0,Nara,2022,3,31.0,38.6,22.8,0.0
15.1667,-7.2833,271.0,Nara,2022,4,34.4,42.3,25.1,0.0
15.1667,-7.2833,271.0,Nara,2022,5,35.6,42.8,27.6,7.0
15.1667,-7.2833,271.0,Nara,2022,6,33.2,39.9,27.1,86.0
15.1667,-7.2833,271.0,Nara,2022,7,29.8,35.4,24.7,170.0
15.1667,-7.2833,271.0,Nara,2022,8,27.9,33.1,23.6,154.0
15.1667,-7.2833,271.0,Nara,2022,9,28.9,34.6,23.7,91.0
15.1667,-7.2833,271.0,Nara,2022,10,30.4,38.2,23.1,2.0
15.1667,-7.2833,271.0,Nara,2022,11,27.9,36.7,18.4,0.0
15.1667,-7.2833,271.0,Nara,2022,12,25.9,34.3,17.5,24.0
15.1667,-7.2833,271.0,Nara,2023,1,25.1,34.0,15.6,0.0
15.1667,-7.2833,271.0,Nara,2023,2,28.4,37.1,19.4,0.0
15.1667,-7.2833,271.0,Nara,2023,3,31.8,40.6,21.8,0.0
15.1667,-7.2833,271.0,Nara,2023,4,33.5,41.8,23.8,1.0
15.1667,-7.2833,271.0,Nara,2023,5,35.9,42.5,29.3,4.0
15.1667,-7.2833,271.0,Nara,2023,6,35.2,42.2,28.6,21.0
15.1667,-7.2833,271.0,Nara,2023,7,31.2,37.6,26.0,83.0
15.1667,-7.2833,271.0,Nara,2023,8,29.5,35.6,24.5,120.0
15.1667,-7.2833,271.0,Nara,2023,9,30.2,36.7,24.6,120.0
15.1667,-7.2833,271.0,Nara,2023,10,32.3,40.1,25.1,5.0
15.1667,-7.2833,271.0,Nara,2023,11,29.3,38.5,19.3,0.0
15.1667,-7.2833,271.0,Nara,2023,12,25.3,34.1,15.6,0.0
15.1667,-7.2833,271.0,Nara,2024,1,25.9,35.5,15.9,0.0
15.1667,-7.2833,271.0,Nara,2024,2,27.8,36.9,18.4,0.0
15.1667,-7.2833,271.0,Nara,2024,3,32.8,41.1,23.7,1.0
15.1667,-7.2833,271.0,Nara,2024,4,35.9,43.0,28.0,4.0
15.1667,-7.2833,271.0,Nara,2024,5,37.3,44.2,29.5,5.0
15.1667,-7.2833,271.0,Nara,2024,6,36.3,42.4,29.9,22.0
15.1667,-7.2833,271.0,Nara,2024,7,31.0,36.0,26.0,101.0
15.1667,-7.2833,271.0,Nara,2024,8,28.9,33.8,24.4,213.0
15.1667,-7.2833,271.0,Nara,2024,9,28.6,34.2,24.4,166.0
15.1667,-7.2833,271.0,Nara,2024,10,30.8,38.3,23.7,5.0
15.1667,-7.2833,271.0,Nara,2024,11,28.1,37.2,18.6,0.0
15.1667,-7.2833,271.0,Nara,2024,12,25.3,33.9,16.1,0.0
15.1667,-7.2833,271.0,Nara,2025,1,24.5,32.9,15.7,0.0
15.1667,-7.2833,271.0,Nara,2025,2,27.2,35.0,19.0,0.0
15.1667,-7.2833,271.0,Nara,2025,3,33.8,41.6,25.5,3.0
15.1667,-7.2833,271.0,Nara,2025,4,36.0,43.4,27.5,1.0
15.1667,-7.2833,271.0,Nara,2025,5,37.0,43.6,30.3,3.0
15.1667,-7.2833,271.0,Nara,2025,6,34.3,41.1,28.1,39.0
15.1667,-7.2833,271.0,Nara,2025,7,29.8,34.9,24.5,97.8
15.1167,-10.5667,0.0,Yelimane,1994,2,28.3,,,0.0
15.1167,-10.5667,0.0,Yelimane,1994,8,28.1,,,191.0
15.1167,-10.5667,0.0,Yelimane,1995,2,28.2,,,0.0
15.1167,-10.5667,0.0,Yelimane,1996,3,35.0,,,0.0
15.1167,-10.5667,0.0,Yelimane,1996,4,,,,0.0
15.1167,-10.5667,0.0,Yelimane,1996,5,33.0,,,3.0
15.1167,-10.5667,0.0,Yelimane,1996,6,35.4,,,44.0
15.1167,-10.5667,0.0,Yelimane,1996,7,31.6,,,119.0
15.1167,-10.5667,0.0,Yelimane,1996,8,,,,143.0
15.1167,-10.5667,0.0,Yelimane,1996,9,,,,109.0
15.1167,-10.5667,0.0,Yelimane,1996,10,30.5,,,9.0
15.1167,-10.5667,0.0,Yelimane,1996,11,,,,0.0
15.1167,-10.5667,0.0,Yelimane,1997,1,28.1,,,0.0
15.1167,-10.5667,0.0,Yelimane,1997,3,34.2,,,0.0
15.1167,-10.5667,0.0,Yelimane,1997,4,33.1,,,0.0
15.1167,-10.5667,0.0,Yelimane,1997,5,,,,74.0
15.1167,-10.5667,0.0,Yelimane,1997,6,,,,48.0
15.1167,-10.5667,0.0,Yelimane,1997,9,30.0,35.5,24.7,84.0
15.1167,-10.5667,0.0,Yelimane,1997,10,31.9,37.8,25.9,214.0
15.1167,-10.5667,0.0,Yelimane,1998,2,32.7,40.0,24.0,0.0
15.1167,-10.5667,0.0,Yelimane,1998,10,31.9,38.9,24.5,2.0
15.1167,-10.5667,0.0,Yelimane,1998,12,26.9,33.3,20.1,0.0
15.1167,-10.5667,0.0,Yelimane,1999,1,25.4,31.7,17.7,0.0
15.1167,-10.5667,0.0,Yelimane,1999,2,25.9,32.7,18.1,0.0
15.1167,-10.5667,0.0,Yelimane,1999,3,,,,0.0
15.1167,-10.5667,0.0,Yelimane,1999,4,35.4,41.8,28.6,8.0
15.1167,-10.5667,0.0,Yelimane,1999,5,,,,5.0
15.1167,-10.5667,0.0,Yelimane,1999,6,,,,66.0
15.1167,-10.5667,0.0,Yelimane,1999,7,29.0,33.6,24.1,199.0
15.1167,-10.5667,0.0,Yelimane,1999,8,26.9,30.8,22.8,261.0
15.1167,-10.5667,0.0,Yelimane,1999,9,27.7,,,96.0
15.1167,-10.5667,0.0,Yelimane,1999,10,29.6,35.6,23.7,67.0
15.1167,-10.5667,0.0,Yelimane,1999,11,30.4,,23.3,0.0
15.1167,-10.5667,0.0,Yelimane,1999,12,27.3,,,0.0
15.1167,-10.5667,0.0,Yelimane,2000,1,27.2,33.6,20.5,0.5
15.1167,-10.5667,0.0,Yelimane,2000,2,29.6,,,0.0
15.1167,-10.5667,0.0,Yelimane,2000,3,33.5,40.5,26.4,8.0
15.1167,-10.5667,0.0,Yelimane,2000,4,,,,0.0
15.1167,-10.5667,0.0,Yelimane,2000,6,33.7,39.7,27.8,48.0
15.1167,-10.5667,0.0,Yelimane,2001,3,33.2,41.4,23.2,0.0
15.1167,-10.5667,0.0,Yelimane,2002,5,36.9,,,3.0
15.1167,-10.5667,0.0,Yelimane,2002,6,34.2,40.5,,38.0
15.1167,-10.5667,0.0,Yelimane,2002,7,32.4,37.9,27.9,26.0
15.1167,-10.5667,0.0,Yelimane,2002,8,29.9,,,161.0
15.1167,-10.5667,0.0,Yelimane,2002,10,32.0,,,
15.1167,-10.5667,0.0,Yelimane,2002,11,31.4,37.7,24.8,0.0
15.1167,-10.5667,0.0,Yelimane,2003,1,26.6,,,0.5
15.1167,-10.5667,0.0,Yelimane,2003,2,30.3,37.5,24.3,0.0
15.1167,-10.5667,0.0,Yelimane,2003,3,33.7,,,0.0
15.1167,-10.5667,0.0,Yelimane,2003,4,36.1,,30.1,0.0
15.1167,-10.5667,0.0,Yelimane,2003,5,37.5,,,3.0
15.1167,-10.5667,0.0,Yelimane,2003,6,33.8,39.5,28.6,36.0
15.1167,-10.5667,0.0,Yelimane,2003,8,27.7,,,220.0
15.1167,-10.5667,0.0,Yelimane,2003,9,28.3,33.4,24.3,112.0
15.1167,-10.5667,0.0,Yelimane,2003,10,,,,77.0
15.1167,-10.5667,0.0,Yelimane,2003,11,30.3,,,1.0
15.1167,-10.5667,0.0,Yelimane,2003,12,26.5,34.0,20.2,0.0
15.1167,-10.5667,0.0,Yelimane,2004,1,27.5,32.7,,0.5
15.1167,-10.5667,0.0,Yelimane,2004,2,30.0,37.3,23.2,0.0
15.1167,-10.5667,0.0,Yelimane,2004,3,33.1,38.8,,0.0
15.1167,-10.5667,0.0,Yelimane,2004,4,36.6,,,8.0
15.1167,-10.5667,0.0,Yelimane,2004,7,30.0,,,118.0
15.1167,-10.5667,0.0,Yelimane,2004,8,28.5,,,
15.1167,-10.5667,0.0,Yelimane,2004,9,30.5,,,77.0
15.1167,-10.5667,0.0,Yelimane,2004,11,,,,0.0
15.1167,-10.5667,0.0,Yelimane,2007,12,26.6,34.0,20.0,0.0
15.1167,-10.5667,0.0,Yelimane,2008,1,24.9,31.7,18.8,0.0
15.1167,-10.5667,0.0,Yelimane,2008,5,36.0,42.6,30.2,10.0
15.1167,-10.5667,0.0,Yelimane,2008,11,30.2,38.1,22.7,0.0
15.1167,-10.5667,0.0,Yelimane,2009,1,23.9,30.8,17.0,0.0
15.1167,-10.5667,0.0,Yelimane,2009,2,29.0,37.1,,0.5
15.1167,-10.5667,0.0,Yelimane,2009,3,33.1,43.2,25.8,0.5
15.1167,-10.5667,0.0,Yelimane,2009,4,35.2,42.3,28.1,0.0
15.1167,-10.5667,0.0,Yelimane,2009,5,36.3,43.8,,8.0
15.1167,-10.5667,0.0,Yelimane,2009,6,34.0,39.6,28.3,68.0
15.1167,-10.5667,0.0,Yelimane,2009,7,30.8,35.9,25.8,165.0
15.1167,-10.5667,0.0,Yelimane,2009,8,28.5,,,106.0
15.1167,-10.5667,0.0,Yelimane,2009,9,28.7,,,73.0
15.1167,-10.5667,0.0,Yelimane,2009,10,30.7,,,38.0
15.1167,-10.5667,0.0,Yelimane,2009,11,29.9,,,0.0
15.1167,-10.5667,0.0,Yelimane,2009,12,28.7,,,
15.1167,-10.5667,0.0,Yelimane,2010,1,28.2,35.9,,0.0
15.1167,-10.5667,0.0,Yelimane,2010,2,31.8,39.5,,0.0
15.1167,-10.5667,0.0,Yelimane,2010,3,34.3,41.4,,0.0
15.1167,-10.5667,0.0,Yelimane,2010,4,36.6,,,
15.1167,-10.5667,0.0,Yelimane,2010,5,38.0,44.1,,12.0
15.1167,-10.5667,0.0,Yelimane,2010,6,34.3,,,61.0
15.1167,-10.5667,0.0,Yelimane,2010,7,30.4,35.5,,85.0
15.1167,-10.5667,0.0,Yelimane,2010,8,28.6,33.4,,162.0
15.1167,-10.5667,0.0,Yelimane,2010,9,28.7,34.1,,87.0
15.1167,-10.5667,0.0,Yelimane,2010,10,31.9,,,6.0
15.1167,-10.5667,0.0,Yelimane,2010,11,31.0,,,0.0
15.1167,-10.5667,0.0,Yelimane,2010,12,29.5,,,
15.1167,-10.5667,0.0,Yelimane,2011,1,28.2,,,0.0
15.1167,-10.5667,0.0,Yelimane,2011,2,27.6,33.9,21.5,0.0
15.1167,-10.5667,0.0,Yelimane,2011,3,33.5,40.5,27.4,0.0
15.1167,-10.5667,0.0,Yelimane,2011,4,36.0,42.6,29.9,0.0
15.1167,-10.5667,0.0,Yelimane,2011,5,36.8,43.3,31.6,1.0
15.1167,-10.5667,0.0,Yelimane,2011,6,34.9,40.6,,49.0
15.1167,-10.5667,0.0,Yelimane,2011,7,32.5,38.3,27.8,213.0
15.1167,-10.5667,0.0,Yelimane,2011,8,29.6,,,164.0
15.1167,-10.5667,0.0,Yelimane,2011,9,30.3,36.0,26.4,68.0
15.1167,-10.5667,0.0,Yelimane,2011,10,32.9,39.7,27.6,0.0
15.1167,-10.5667,0.0,Yelimane,2011,11,31.4,38.8,25.2,0.0
15.1167,-10.5667,0.0,Yelimane,2011,12,26.6,32.9,21.0,0.0
15.1167,-10.5667,0.0,Yelimane,2012,1,25.6,31.8,20.6,0.0
15.1167,-10.5667,0.0,Yelimane,2012,2,26.7,32.7,22.2,0.0
15.1167,-10.5667,0.0,Yelimane,2012,5,36.9,42.8,30.6,9.0
15.1167,-10.5667,0.0,Yelimane,2012,6,34.1,39.8,29.3,111.0
15.1167,-10.5667,0.0,Yelimane,2012,7,29.1,33.9,25.8,229.0
15.1167,-10.5667,0.0,Yelimane,2012,8,28.3,32.9,25.2,362.0
15.1167,-10.5667,0.0,Yelimane,2012,11,31.7,,,
15.1167,-10.5667,0.0,Yelimane,2012,12,26.7,,,
15.1167,-10.5667,0.0,Yelimane,2013,6,34.0,40.4,29.0,66.0
15.1167,-10.5667,0.0,Yelimane,2013,8,28.3,32.9,23.7,279.0
15.1167,-10.5667,0.0,Yelimane,2013,9,29.2,34.9,25.3,173.0
15.1167,-10.5667,0.0,Yelimane,2013,10,30.9,38.3,25.7,9.0
15.1167,-10.5667,0.0,Yelimane,2013,11,30.2,37.9,22.8,0.0
15.1167,-10.5667,0.0,Yelimane,2013,12,26.8,33.7,21.1,0.0
15.1167,-10.5667,0.0,Yelimane,2014,1,27.3,34.4,21.3,0.0
15.1167,-10.5667,0.0,Yelimane,2014,2,27.6,34.8,22.1,0.0
15.1167,-10.5667,0.0,Yelimane,2014,3,31.2,38.9,24.8,0.0
15.1167,-10.5667,0.0,Yelimane,2014,5,35.2,41.3,30.4,134.0
15.1167,-10.5667,0.0,Yelimane,2014,6,35.2,41.2,30.6,13.0
15.1167,-10.5667,0.0,Yelimane,2014,7,31.8,37.3,27.5,70.0
15.1167,-10.5667,0.0,Yelimane,2014,8,28.4,32.9,24.5,175.0
15.1167,-10.5667,0.0,Yelimane,2014,9,28.8,34.1,25.2,145.0
15.1167,-10.5667,0.0,Yelimane,2014,10,31.0,38.4,25.5,23.0
15.1167,-10.5667,0.0,Yelimane,2014,11,30.3,38.0,23.7,0.0
15.1167,-10.5667,0.0,Yelimane,2014,12,26.8,33.3,20.8,0.0
15.1167,-10.5667,0.0,Yelimane,2015,1,25.9,32.2,20.9,0.0
15.1167,-10.5667,0.0,Yelimane,2015,2,29.2,36.8,23.1,0.0
15.1167,-10.5667,0.0,Yelimane,2015,4,36.8,43.7,29.7,1.0
15.1167,-10.5667,0.0,Yelimane,2015,5,37.4,43.8,32.1,0.5
15.1167,-10.5667,0.0,Yelimane,2015,6,36.0,41.7,30.5,28.0
15.1167,-10.5667,0.0,Yelimane,2015,7,31.1,36.1,27.1,99.0
15.1167,-10.5667,0.0,Yelimane,2015,8,28.9,33.5,25.2,320.0
15.1167,-10.5667,0.0,Yelimane,2015,9,28.8,34.1,25.3,145.0
15.1167,-10.5667,0.0,Yelimane,2015,11,30.0,37.4,23.6,0.0
15.1167,-10.5667,0.0,Yelimane,2016,1,28.2,34.2,23.2,4.0
15.1167,-10.5667,0.0,Yelimane,2016,2,29.0,36.1,22.9,0.0
15.1167,-10.5667,0.0,Yelimane,2016,3,31.5,38.9,24.8,0.0
15.1167,-10.5667,0.0,Yelimane,2016,4,36.5,43.0,30.5,0.0
15.1167,-10.5667,0.0,Yelimane,2016,5,38.1,44.1,33.0,5.0
15.1167,-10.5667,0.0,Yelimane,2016,6,35.5,41.3,30.3,14.0
15.1167,-10.5667,0.0,Yelimane,2016,7,30.5,35.0,26.7,204.0
15.1167,-10.5667,0.0,Yelimane,2016,8,28.7,32.7,25.6,274.0
15.1167,-10.5667,0.0,Yelimane,2016,9,29.0,34.3,25.0,121.0
15.1167,-10.5667,0.0,Yelimane,2016,10,31.1,38.5,25.1,92.0
15.1167,-10.5667,0.0,Yelimane,2016,11,30.1,37.9,24.0,0.0
15.1167,-10.5667,0.0,Yelimane,2016,12,27.5,34.1,22.0,0.0
15.1167,-10.5667,0.0,Yelimane,2017,1,25.8,32.6,19.8,0.0
15.1167,-10.5667,0.0,Yelimane,2017,2,30.4,37.6,24.7,0.0
15.1167,-10.5667,0.0,Yelimane,2017,3,34.6,41.8,28.4,8.0
15.1167,-10.5667,0.0,Yelimane,2017,4,35.7,42.9,28.7,1.0
15.1167,-10.5667,0.0,Yelimane,2017,5,36.8,42.7,31.9,32.0
15.1167,-10.5667,0.0,Yelimane,2017,6,34.3,40.3,29.3,67.0
15.1167,-10.5667,0.0,Yelimane,2017,7,29.7,34.2,25.9,138.0
15.1167,-10.5667,0.0,Yelimane,2017,8,29.6,34.9,25.7,83.0
15.1167,-10.5667,0.0,Yelimane,2017,9,30.7,36.9,26.1,71.0
15.1167,-10.5667,0.0,Yelimane,2017,10,32.9,40.3,26.7,45.0
15.1167,-10.5667,0.0,Yelimane,2017,11,30.6,38.1,23.8,0.0
15.1167,-10.5667,0.0,Yelimane,2017,12,25.6,32.3,20.4,0.0
15.1167,-10.5667,0.0,Yelimane,2018,1,26.4,33.5,20.5,0.0
15.1167,-10.5667,0.0,Yelimane,2018,2,28.1,34.3,22.6,0.0
15.1167,-10.5667,0.0,Yelimane,2018,3,33.5,40.2,27.8,0.0
15.1167,-10.5667,0.0,Yelimane,2018,4,34.7,41.7,28.5,0.0
15.1167,-10.5667,0.0,Yelimane,2018,5,36.9,43.2,31.5,0.5
15.1167,-10.5667,0.0,Yelimane,2018,6,35.1,41.4,30.6,40.0
15.1167,-10.5667,0.0,Yelimane,2018,7,29.5,33.9,26.2,172.0
15.1167,-10.5667,0.0,Yelimane,2018,8,28.0,32.4,24.9,127.0
15.1167,-10.5667,0.0,Yelimane,2018,9,28.5,,,
15.1167,-10.5667,0.0,Yelimane,2018,10,31.7,,,
15.1167,-10.5667,0.0,Yelimane,2018,11,31.3,38.3,25.6,0.0
15.1167,-10.5667,0.0,Yelimane,2018,12,28.2,35.6,22.5,0.0
15.1167,-10.5667,0.0,Yelimane,2019,1,26.0,33.0,20.0,0.0
15.1167,-10.5667,0.0,Yelimane,2019,7,31.5,36.6,27.1,121.0
15.1167,-10.5667,0.0,Yelimane,2019,8,30.1,34.9,26.6,199.0
15.1167,-10.5667,0.0,Yelimane,2019,9,29.7,34.7,26.0,59.0
15.1167,-10.5667,0.0,Yelimane,2019,10,30.5,36.9,25.6,80.0
15.1167,-10.5667,0.0,Yelimane,2019,11,31.4,38.9,24.9,0.0
15.1167,-10.5667,0.0,Yelimane,2019,12,28.2,35.9,21.7,0.0
15.1167,-10.5667,0.0,Yelimane,2020,1,26.6,33.1,21.2,0.0
15.1167,-10.5667,0.0,Yelimane,2020,2,31.8,38.5,26.3,0.0
15.1167,-10.5667,0.0,Yelimane,2020,3,32.5,39.8,26.2,0.0
15.1167,-10.5667,0.0,Yelimane,2020,4,36.1,,,
15.1167,-10.5667,0.0,Yelimane,2020,5,37.9,,,
15.1167,-10.5667,0.0,Yelimane,2020,6,34.3,40.3,29.7,46.0
15.1167,-10.5667,0.0,Yelimane,2020,7,29.5,34.1,26.5,288.0
15.1167,-10.5667,0.0,Yelimane,2020,8,28.7,32.9,25.7,175.0
15.1167,-10.5667,0.0,Yelimane,2020,9,28.3,33.4,24.6,167.0
15.1167,-10.5667,0.0,Yelimane,2020,10,29.6,37.5,23.4,50.0
15.1167,-10.5667,0.0,Yelimane,2020,11,29.3,37.3,22.5,0.0
15.1167,-10.5667,0.0,Yelimane,2020,12,28.3,36.4,21.5,0.0
15.1167,-10.5667,0.0,Yelimane,2021,1,28.0,35.7,21.6,0.0
15.1167,-10.5667,0.0,Yelimane,2021,2,29.6,36.9,24.0,0.0
15.1167,-10.5667,0.0,Yelimane,2021,3,32.7,39.8,26.8,0.0
15.1167,-10.5667,0.0,Yelimane,2021,4,36.8,44.1,30.0,0.5
15.1167,-10.5667,0.0,Yelimane,2021,5,36.9,43.0,31.6,69.0
15.1167,-10.5667,0.0,Yelimane,2021,6,34.3,40.0,30.1,85.0
15.1167,-10.5667,0.0,Yelimane,2021,7,31.9,37.5,27.7,124.0
15.1167,-10.5667,0.0,Yelimane,2021,8,29.1,33.6,25.3,417.0
15.1167,-10.5667,0.0,Yelimane,2021,9,29.8,35.6,25.6,26.0
15.1167,-10.5667,0.0,Yelimane,2021,10,32.4,39.3,27.1,5.0
15.1167,-10.5667,0.0,Yelimane,2021,11,32.1,39.2,25.7,0.1
15.1167,-10.5667,0.0,Yelimane,2021,12,29.5,36.3,22.4,0.0
15.1167,-10.5667,0.0,Yelimane,2022,1,28.9,35.1,21.5,0.1
15.1167,-10.5667,0.0,Yelimane,2022,2,29.6,36.8,23.3,0.0
15.1167,-10.5667,0.0,Yelimane,2022,3,32.4,39.1,26.9,0.0
15.1167,-10.5667,0.0,Yelimane,2022,4,36.1,42.6,29.4,0.0
15.1167,-10.5667,0.0,Yelimane,2022,5,36.4,43.0,30.6,25.0
15.1167,-10.5667,0.0,Yelimane,2022,6,33.3,39.2,27.8,55.2
15.1167,-10.5667,0.0,Yelimane,2022,7,29.5,34.4,26.1,113.8
15.1167,-10.5667,0.0,Yelimane,2022,8,27.6,31.5,24.2,217.8
15.1167,-10.5667,0.0,Yelimane,2022,9,28.0,33.3,24.1,203.0
15.1167,-10.5667,0.0,Yelimane,2022,10,29.7,34.6,23.9,23.8
15.1167,-10.5667,0.0,Yelimane,2022,11,28.8,35.6,20.3,0.0
15.1167,-10.5667,0.0,Yelimane,2022,12,27.6,34.8,20.7,4.8
15.1167,-10.5667,0.0,Yelimane,2023,1,26.8,34.4,19.7,0.0
15.1167,-10.5667,0.0,Yelimane,2023,2,30.2,38.3,23.7,0.0
15.1167,-10.5667,0.0,Yelimane,2023,3,33.3,40.5,25.9,0.0
15.1167,-10.5667,0.0,Yelimane,2023,4,35.1,41.6,28.0,26.9
15.1167,-10.5667,0.0,Yelimane,2023,5,36.7,42.7,31.3,15.6
15.1167,-10.5667,0.0,Yelimane,2023,6,35.0,41.1,29.7,148.6
15.1167,-10.5667,0.0,Yelimane,2023,7,29.9,35.7,25.8,203.6
15.1167,-10.5667,0.0,Yelimane,2023,8,29.5,34.5,25.7,133.7
15.1167,-10.5667,0.0,Yelimane,2023,9,29.5,35.0,25.7,71.0
15.1167,-10.5667,0.0,Yelimane,2023,10,30.8,37.5,25.6,4.2
15.1167,-10.5667,0.0,Yelimane,2023,11,30.2,38.2,22.2,0.0
15.1167,-10.5667,0.0,Yelimane,2023,12,27.5,35.3,21.1,0.0
15.1167,-10.5667,0.0,Yelimane,2024,1,28.4,36.5,21.2,0.0
15.1167,-10.5667,0.0,Yelimane,2024,2,30.2,38.0,23.3,0.0
15.1167,-10.5667,0.0,Yelimane,2024,3,33.6,41.1,26.7,0.0
15.1167,-10.5667,0.0,Yelimane,2024,4,37.1,43.8,30.9,1.2
15.1167,-10.5667,0.0,Yelimane,2024,5,38.7,44.8,32.7,0.0
15.1167,-10.5667,0.0,Yelimane,2024,6,36.5,42.3,31.4,10.0
15.1167,-10.5667,0.0,Yelimane,2024,7,30.5,35.6,26.7,245.7
15.1167,-10.5667,0.0,Yelimane,2024,8,29.1,32.9,26.1,
15.1167,-10.5667,0.0,Yelimane,2024,9,27.9,32.3,24.8,252.4
15.1167,-10.5667,0.0,Yelimane,2024,10,29.8,36.4,24.4,11.8
15.1167,-10.5667,0.0,Yelimane,2024,11,29.6,38.1,21.6,0.0
15.1167,-10.5667,0.0,Yelimane,2024,12,27.4,,,
15.1167,-10.5667,0.0,Yelimane,2025,1,25.5,32.7,17.8,0.3
15.1167,-10.5667,0.0,Yelimane,2025,2,27.9,34.8,20.3,0.0
15.1167,-10.5667,0.0,Yelimane,2025,3,34.0,,,
15.1167,-10.5667,0.0,Yelimane,2025,4,37.0,42.6,29.4,0.0
15.1167,-10.5667,0.0,Yelimane,2025,5,36.6,43.0,30.5,3.1
15.1167,-10.5667,0.0,Yelimane,2025,6,32.7,39.3,28.5,9.8
15.1167,-10.5667,0.0,Yelimane,2025,7,28.8,34.5,25.8,80.1
15.3333,-1.6833,287.0,Hombori,1994,3,31.1,,,0.0
15.3333,-1.6833,287.0,Hombori,1994,5,,,,6.0
15.3333,-1.6833,287.0,Hombori,1995,1,21.9,,,0.5
15.3333,-1.6833,287.0,Hombori,1995,2,25.0,,,0.0
15.3333,-1.6833,287.0,Hombori,1995,3,,,,0.0
15.3333,-1.6833,287.0,Hombori,1995,4,,,,19.0
15.3333,-1.6833,287.0,Hombori,1996,1,27.7,,,2.0
15.3333,-1.6833,287.0,Hombori,1996,2,,,,0.0
15.3333,-1.6833,287.0,Hombori,1996,3,,,,0.5
15.3333,-1.6833,287.0,Hombori,1998,8,,,,35.0
15.3333,-1.6833,287.0,Hombori,2000,5,36.7,42.2,30.2,0.0
15.3333,-1.6833,287.0,Hombori,2000,6,34.7,39.5,28.5,25.0
15.3333,-1.6833,287.0,Hombori,2000,7,31.3,,,96.0
15.3333,-1.6833,287.0,Hombori,2000,8,30.3,,,113.0
15.3333,-1.6833,287.0,Hombori,2000,9,31.6,,,52.0
15.3333,-1.6833,287.0,Hombori,2000,10,31.0,,,2.0
15.3333,-1.6833,287.0,Hombori,2000,11,29.4,,,0.0
15.3333,-1.6833,287.0,Hombori,2000,12,25.0,,,0.0
15.3333,-1.6833,287.0,Hombori,2001,1,24.5,31.5,18.0,0.0
15.3333,-1.6833,287.0,Hombori,2001,2,26.0,32.7,19.6,0.0
15.3333,-1.6833,287.0,Hombori,2001,3,31.8,39.8,24.4,0.0
15.3333,-1.6833,287.0,Hombori,2001,4,34.4,41.4,27.8,0.0
15.3333,-1.6833,287.0,Hombori,2001,6,33.5,38.4,27.5,67.0
15.3333,-1.6833,287.0,Hombori,2001,7,31.0,,,60.0
15.3333,-1.6833,287.0,Hombori,2001,8,29.5,33.9,25.0,145.0
15.3333,-1.6833,287.0,Hombori,2001,9,30.9,36.2,25.3,55.0
15.3333,-1.6833,287.0,Hombori,2001,10,32.0,38.7,25.6,9.0
15.3333,-1.6833,287.0,Hombori,2001,11,29.1,36.2,22.1,0.0
15.3333,-1.6833,287.0,Hombori,2001,12,27.6,34.0,21.2,0.0
15.3333,-1.6833,287.0,Hombori,2002,1,24.3,30.1,18.8,0.0
15.3333,-1.6833,287.0,Hombori,2002,2,26.4,33.5,19.5,0.0
15.3333,-1.6833,287.0,Hombori,2002,3,32.1,39.1,25.0,0.0
15.3333,-1.6833,287.0,Hombori,2002,4,34.2,40.4,27.4,1.0
15.3333,-1.6833,287.0,Hombori,2002,5,36.4,41.9,30.6,30.0
15.3333,-1.6833,287.0,Hombori,2002,6,34.8,40.2,29.5,21.0
15.3333,-1.6833,287.0,Hombori,2002,7,32.8,37.7,28.1,118.0
15.3333,-1.6833,287.0,Hombori,2002,8,30.4,34.8,25.9,126.0
15.3333,-1.6833,287.0,Hombori,2002,9,31.7,,,40.0
15.3333,-1.6833,287.0,Hombori,2002,10,31.4,,,13.0
15.3333,-1.6833,287.0,Hombori,2002,11,29.6,36.4,22.8,0.0
15.3333,-1.6833,287.0,Hombori,2002,12,26.3,,,0.0
15.3333,-1.6833,287.0,Hombori,2003,1,24.8,31.4,18.6,0.0
15.3333,-1.6833,287.0,Hombori,2003,2,29.1,36.4,22.5,0.0
15.3333,-1.6833,287.0,Hombori,2003,3,30.8,37.6,23.7,13.0
15.3333,-1.6833,287.0,Hombori,2003,4,35.4,41.7,27.8,5.0
15.3333,-1.6833,287.0,Hombori,2003,5,36.6,42.0,30.8,2.0
15.3333,-1.6833,287.0,Hombori,2003,6,32.9,37.8,28.2,63.0
15.3333,-1.6833,287.0,Hombori,2003,7,30.8,,,68.0
15.3333,-1.6833,287.0,Hombori,2003,8,29.3,33.4,24.7,178.0
15.3333,-1.6833,287.0,Hombori,2003,9,30.3,35.4,25.8,50.0
15.3333,-1.6833,287.0,Hombori,2003,10,32.9,39.4,26.4,12.0
15.3333,-1.6833,287.0,Hombori,2003,11,30.5,37.1,23.7,0.0
15.3333,-1.6833,287.0,Hombori,2003,12,25.3,32.0,19.4,0.0
15.3333,-1.6833,287.0,Hombori,2004,1,25.3,31.1,19.2,2.0
15.3333,-1.6833,287.0,Hombori,2004,2,28.5,35.3,21.9,0.0
15.3333,-1.6833,287.0,Hombori,2004,3,30.3,36.9,,
15.3333,-1.6833,287.0,Hombori,2004,4,34.6,40.5,28.3,7.0
15.3333,-1.6833,287.0,Hombori,2004,5,36.8,42.6,30.0,0.0
15.3333,-1.6833,287.0,Hombori,2004,7,31.1,,,70.0
15.3333,-1.6833,287.0,Hombori,2004,8,30.5,34.4,26.2,64.0
15.3333,-1.6833,287.0,Hombori,2004,9,32.8,,,7.0
15.3333,-1.6833,287.0,Hombori,2004,10,33.4,39.8,,20.0
15.3333,-1.6833,287.0,Hombori,2004,11,29.7,,,0.0
15.3333,-1.6833,287.0,Hombori,2004,12,28.1,35.1,,0.0
15.3333,-1.6833,287.0,Hombori,2005,1,24.3,29.7,19.0,3.0
15.3333,-1.6833,287.0,Hombori,2005,2,28.8,35.2,22.9,0.0
15.3333,-1.6833,287.0,Hombori,2005,4,36.0,42.9,27.3,2.0
15.3333,-1.6833,287.0,Hombori,2005,5,36.2,42.1,29.5,30.0
15.3333,-1.6833,287.0,Hombori,2005,6,33.6,39.1,,89.0
15.3333,-1.6833,287.0,Hombori,2005,7,31.0,36.1,26.5,57.0
15.3333,-1.6833,287.0,Hombori,2005,8,30.1,34.8,25.4,103.0
15.3333,-1.6833,287.0,Hombori,2005,9,31.8,38.1,26.4,59.0
15.3333,-1.6833,287.0,Hombori,2005,10,33.0,,,8.0
15.3333,-1.6833,287.0,Hombori,2005,11,,,,0.0
15.3333,-1.6833,287.0,Hombori,2005,12,,,,0.0
15.3333,-1.6833,287.0,Hombori,2006,2,27.0,40.0,,0.0
15.3333,-1.6833,287.0,Hombori,2006,3,31.7,,,
15.3333,-1.6833,287.0,Hombori,2006,4,34.5,,,0.0
15.3333,-1.6833,287.0,Hombori,2006,5,35.8,43.0,29.3,13.0
15.3333,-1.6833,287.0,Hombori,2006,6,35.4,42.9,,13.0
15.3333,-1.6833,287.0,Hombori,2006,7,31.8,,,179.0
15.3333,-1.6833,287.0,Hombori,2006,8,29.6,,,145.0
15.3333,-1.6833,287.0,Hombori,2006,9,31.2,35.0,27.7,40.0
15.3333,-1.6833,287.0,Hombori,2006,10,32.5,,,10.0
15.3333,-1.6833,287.0,Hombori,2006,11,,,,0.0
15.3333,-1.6833,287.0,Hombori,2006,12,24.5,31.9,,0.0
15.3333,-1.6833,287.0,Hombori,2007,4,35.4,,,0.0
15.3333,-1.6833,287.0,Hombori,2007,5,36.7,,,1.0
15.3333,-1.6833,287.0,Hombori,2007,6,35.3,41.4,29.6,28.0
15.3333,-1.6833,287.0,Hombori,2007,7,31.0,,,75.0
15.3333,-1.6833,287.0,Hombori,2007,8,29.2,,,95.0
15.3333,-1.6833,287.0,Hombori,2007,9,30.8,34.2,26.3,
15.3333,-1.6833,287.0,Hombori,2007,10,31.3,,,16.0
15.3333,-1.6833,287.0,Hombori,2007,11,,,,0.0
15.3333,-1.6833,287.0,Hombori,2007,12,25.1,35.7,19.7,0.0
15.3333,-1.6833,287.0,Hombori,2008,1,21.7,,,0.0
15.3333,-1.6833,287.0,Hombori,2008,2,27.4,34.8,,0.0
15.3333,-1.6833,287.0,Hombori,2008,3,31.5,,25.2,0.0
15.3333,-1.6833,287.0,Hombori,2008,4,34.0,37.9,27.6,29.0
15.3333,-1.6833,287.0,Hombori,2008,5,35.6,42.2,28.9,16.0
15.3333,-1.6833,287.0,Hombori,2008,6,34.6,40.3,28.5,41.0
15.3333,-1.6833,287.0,Hombori,2008,7,31.7,,25.7,82.0
15.3333,-1.6833,287.0,Hombori,2008,8,29.9,35.6,25.0,66.0
15.3333,-1.6833,287.0,Hombori,2008,9,31.8,37.6,26.1,54.0
15.3333,-1.6833,287.0,Hombori,2008,10,33.0,39.8,26.3,14.0
15.3333,-1.6833,287.0,Hombori,2008,11,29.2,37.3,21.5,0.0
15.3333,-1.6833,287.0,Hombori,2008,12,25.8,33.6,18.3,0.0
15.3333,-1.6833,287.0,Hombori,2009,1,23.0,30.8,16.1,0.0
15.3333,-1.6833,287.0,Hombori,2009,2,29.5,37.1,22.9,0.0
15.3333,-1.6833,287.0,Hombori,2009,3,33.1,40.3,27.2,2.0
15.3333,-1.6833,287.0,Hombori,2009,4,34.4,42.0,27.6,0.5
15.3333,-1.6833,287.0,Hombori,2009,5,36.3,43.2,30.7,3.0
15.3333,-1.6833,287.0,Hombori,2009,6,34.7,40.9,,195.0
15.3333,-1.6833,287.0,Hombori,2009,7,32.3,38.4,27.2,67.0
15.3333,-1.6833,287.0,Hombori,2009,8,30.2,36.0,25.3,93.0
15.3333,-1.6833,287.0,Hombori,2009,9,30.9,37.4,25.7,106.0
15.3333,-1.6833,287.0,Hombori,2009,10,32.1,40.1,26.1,15.0
15.3333,-1.6833,287.0,Hombori,2009,11,28.6,36.3,21.5,0.0
15.3333,-1.6833,287.0,Hombori,2009,12,27.2,35.3,19.5,0.0
15.3333,-1.6833,287.0,Hombori,2010,1,26.1,34.6,18.8,0.0
15.3333,-1.6833,287.0,Hombori,2010,2,30.8,39.5,,0.0
15.3333,-1.6833,287.0,Hombori,2010,3,31.9,40.2,24.5,0.0
15.3333,-1.6833,287.0,Hombori,2010,4,36.6,43.3,31.0,0.0
15.3333,-1.6833,287.0,Hombori,2010,5,37.6,44.3,32.1,1.0
15.3333,-1.6833,287.0,Hombori,2010,6,34.7,40.9,29.8,16.0
15.3333,-1.6833,287.0,Hombori,2010,7,31.8,37.7,27.1,93.0
15.3333,-1.6833,287.0,Hombori,2010,8,30.2,35.7,25.7,113.0
15.3333,-1.6833,287.0,Hombori,2010,9,29.9,36.6,24.7,100.0
15.3333,-1.6833,287.0,Hombori,2010,10,31.9,39.1,26.1,23.0
15.3333,-1.6833,287.0,Hombori,2010,11,30.2,39.1,22.5,0.0
15.3333,-1.6833,287.0,Hombori,2010,12,25.9,,,0.0
15.3333,-1.6833,287.0,Hombori,2011,1,25.0,33.1,18.0,0.0
15.3333,-1.6833,287.0,Hombori,2011,2,26.8,35.4,19.6,0.0
15.3333,-1.6833,287.0,Hombori,2011,3,33.9,42.2,26.7,0.0
15.3333,-1.6833,287.0,Hombori,2011,4,34.5,42.6,27.2,0.0
15.3333,-1.6833,287.0,Hombori,2011,5,36.8,43.8,30.8,3.0
15.3333,-1.6833,287.0,Hombori,2011,6,34.8,41.0,,45.0
15.3333,-1.6833,287.0,Hombori,2011,7,31.7,37.6,26.5,159.0
15.3333,-1.6833,287.0,Hombori,2011,8,29.3,,,145.0
15.3333,-1.6833,287.0,Hombori,2011,9,31.2,38.5,25.6,101.0
15.3333,-1.6833,287.0,Hombori,2011,10,33.2,41.0,26.1,0.0
15.3333,-1.6833,287.0,Hombori,2011,11,29.6,38.4,20.6,0.0
15.3333,-1.6833,287.0,Hombori,2011,12,24.3,32.4,16.8,0.0
15.3333,-1.6833,287.0,Hombori,2012,1,23.1,31.0,15.0,0.0
15.8667,2.2167,278.0,Menaka,1994,1,22.7,,,0.5
15.8667,2.2167,278.0,Menaka,1994,2,25.3,,,0.0
15.8667,2.2167,278.0,Menaka,1994,3,31.2,,,0.0
15.8667,2.2167,278.0,Menaka,1994,4,33.7,,,0.0
15.8667,2.2167,278.0,Menaka,1994,5,34.6,,,2.0
15.8667,2.2167,278.0,Menaka,1994,7,32.4,,,69.0
15.8667,2.2167,278.0,Menaka,1994,8,29.5,,,99.0
15.8667,2.2167,278.0,Menaka,1994,11,27.8,,,0.0
15.8667,2.2167,278.0,Menaka,1994,12,22.6,,,0.0
15.8667,2.2167,278.0,Menaka,1995,1,20.8,,,0.0
15.8667,2.2167,278.0,Menaka,1995,2,24.3,,,0.0
15.8667,2.2167,278.0,Menaka,1995,3,31.4,,,0.0
15.8667,2.2167,278.0,Menaka,1995,4,35.0,,,5.0
15.8667,2.2167,278.0,Menaka,1995,5,35.4,,,14.0
15.8667,2.2167,278.0,Menaka,1995,6,35.9,,,4.0
15.8667,2.2167,278.0,Menaka,1995,7,33.0,,,96.0
15.8667,2.2167,278.0,Menaka,1995,8,30.8,,,58.0
15.8667,2.2167,278.0,Menaka,1995,9,,,,87.0
15.8667,2.2167,278.0,Menaka,1995,11,27.3,,,0.0
15.8667,2.2167,278.0,Menaka,1996,1,25.9,,,0.0
15.8667,2.2167,278.0,Menaka,1996,2,27.9,,,0.0
15.8667,2.2167,278.0,Menaka,1996,6,34.2,,,41.0
15.8667,2.2167,278.0,Menaka,1996,7,32.5,,,67.0
15.8667,2.2167,278.0,Menaka,1996,11,26.4,,,0.0
15.8667,2.2167,278.0,Menaka,1996,12,25.2,,,0.0
15.8667,2.2167,278.0,Menaka,1997,2,24.4,,,0.0
15.8667,2.2167,278.0,Menaka,1997,3,30.5,,,6.0
15.8667,2.2167,278.0,Menaka,1997,5,35.4,,,6.0
15.8667,2.2167,278.0,Menaka,1997,6,34.6,,,4.0
15.8667,2.2167,278.0,Menaka,1997,8,32.1,38.5,26.7,20.0
15.8667,2.2167,278.0,Menaka,1997,9,33.4,39.3,27.9,23.0
15.8667,2.2167,278.0,Menaka,1997,10,34.0,40.6,27.5,0.5
15.8667,2.2167,278.0,Menaka,1997,11,,35.2,20.4,0.0
15.8667,2.2167,278.0,Menaka,1997,12,23.6,31.9,19.6,0.0
15.8667,2.2167,278.0,Menaka,1998,1,23.8,31.4,15.9,0.0
15.8667,2.2167,278.0,Menaka,1998,2,27.8,35.3,20.6,0.0
15.8667,2.2167,278.0,Menaka,1998,3,28.1,35.2,20.7,0.0
15.8667,2.2167,278.0,Menaka,1998,6,34.9,40.8,30.0,40.0
15.8667,2.2167,278.0,Menaka,1998,8,30.3,35.7,26.8,290.0
15.8667,2.2167,278.0,Menaka,1998,9,31.3,37.1,26.5,63.0
15.8667,2.2167,278.0,Menaka,1998,10,33.3,38.7,27.0,0.0
15.8667,2.2167,278.0,Menaka,1998,11,28.3,35.9,21.3,0.0
15.8667,2.2167,278.0,Menaka,1998,12,24.9,31.5,16.9,0.0
15.8667,2.2167,278.0,Menaka,1999,1,22.9,31.1,15.5,0.0
15.8667,2.2167,278.0,Menaka,1999,2,24.7,33.3,17.3,0.0
15.8667,2.2167,278.0,Menaka,1999,3,31.8,39.9,22.4,0.0
15.8667,2.2167,278.0,Menaka,1999,4,34.4,41.9,26.2,0.0
15.8667,2.2167,278.0,Menaka,1999,5,35.5,42.4,29.0,2.0
15.8667,2.2167,278.0,Menaka,1999,6,35.2,41.9,29.5,2.0
15.8667,2.2167,278.0,Menaka,1999,7,31.3,36.7,26.0,142.0
15.8667,2.2167,278.0,Menaka,1999,8,28.9,33.6,24.3,201.0
15.8667,2.2167,278.0,Menaka,1999,9,31.0,37.3,25.5,36.0
15.8667,2.2167,278.0,Menaka,1999,11,28.1,35.9,20.1,0.0
15.8667,2.2167,278.0,Menaka,1999,12,23.8,31.6,15.8,
15.8667,2.2167,278.0,Menaka,2000,1,25.8,32.6,18.8,0.0
15.8667,2.2167,278.0,Menaka,2000,2,23.8,30.3,16.3,0.0
15.8667,2.2167,278.0,Menaka,2000,3,28.6,36.7,20.0,0.0
15.8667,2.2167,278.0,Menaka,2000,4,35.0,43.0,25.0,0.0
15.8667,2.2167,278.0,Menaka,2000,5,35.9,42.9,28.9,
15.8667,2.2167,278.0,Menaka,2000,6,34.0,40.4,28.4,
15.8667,2.2167,278.0,Menaka,2000,8,30.0,30.8,24.0,125.0
15.8667,2.2167,278.0,Menaka,2000,9,32.3,39.4,26.9,67.0
15.8667,2.2167,278.0,Menaka,2000,10,32.2,39.2,25.9,0.0
15.8667,2.2167,278.0,Menaka,2000,11,27.4,36.1,18.9,0.0
15.8667,2.2167,278.0,Menaka,2000,12,23.8,31.2,16.1,0.0
15.8667,2.2167,278.0,Menaka,2001,1,23.0,31.1,14.5,0.0
15.8667,2.2167,278.0,Menaka,2001,2,24.5,31.9,16.5,0.0
15.8667,2.2167,278.0,Menaka,2001,4,33.7,41.5,26.2,0.5
15.8667,2.2167,278.0,Menaka,2001,8,30.7,35.3,25.3,146.0
15.8667,2.2167,278.0,Menaka,2001,10,32.6,38.4,24.3,0.0
15.8667,2.2167,278.0,Menaka,2001,11,27.3,35.5,18.9,0.0
15.8667,2.2167,278.0,Menaka,2001,12,25.7,33.7,18.3,0.0
15.8667,2.2167,278.0,Menaka,2002,3,30.4,38.6,21.8,0.0
15.8667,2.2167,278.0,Menaka,2002,4,34.7,42.2,27.0,
15.8667,2.2167,278.0,Menaka,2002,6,35.1,43.4,28.9,5.0
15.8667,2.2167,278.0,Menaka,2002,7,33.2,,,
15.8667,2.2167,278.0,Menaka,2002,10,31.0,37.3,24.7,12.0
15.8667,2.2167,278.0,Menaka,2002,11,28.2,35.1,22.0,0.0
15.8667,2.2167,278.0,Menaka,2002,12,25.7,34.0,16.8,0.0
15.8667,2.2167,278.0,Menaka,2003,1,24.8,33.0,16.7,0.0
15.8667,2.2167,278.0,Menaka,2003,2,27.1,35.2,19.5,0.0
15.8667,2.2167,278.0,Menaka,2003,4,34.6,43.4,26.6,0.0
15.8667,2.2167,278.0,Menaka,2003,5,35.1,43.7,26.2,3.0
15.8667,2.2167,278.0,Menaka,2003,6,33.4,39.7,27.1,54.0
15.8667,2.2167,278.0,Menaka,2003,7,31.3,38.3,25.7,14.0
15.8667,2.2167,278.0,Menaka,2008,6,34.8,43.6,28.6,45.0
15.8667,2.2167,278.0,Menaka,2008,7,32.1,,,48.0
15.8667,2.2167,278.0,Menaka,2008,8,31.0,,,81.0
15.8667,2.2167,278.0,Menaka,2008,9,32.7,,,63.0
15.8667,2.2167,278.0,Menaka,2008,10,32.2,40.0,25.5,
15.8667,2.2167,278.0,Menaka,2008,11,28.2,36.9,19.3,0.0
15.8667,2.2167,278.0,Menaka,2008,12,25.2,33.6,17.2,0.0
15.8667,2.2167,278.0,Menaka,2009,1,23.5,32.0,15.4,0.0
15.8667,2.2167,278.0,Menaka,2009,2,28.7,36.9,19.2,0.0
15.8667,2.2167,278.0,Menaka,2009,3,31.7,39.7,23.9,0.0
15.8667,2.2167,278.0,Menaka,2009,4,34.7,42.7,26.9,0.0
15.8667,2.2167,278.0,Menaka,2009,5,36.1,43.3,29.2,2.0
15.8667,2.2167,278.0,Menaka,2009,6,35.3,41.9,,5.0
15.8667,2.2167,278.0,Menaka,2009,7,33.9,,,3.0
15.8667,2.2167,278.0,Menaka,2009,8,32.4,,,29.0
15.8667,2.2167,278.0,Menaka,2009,9,33.3,40.2,,53.0
15.8667,2.2167,278.0,Menaka,2009,10,33.6,40.5,27.3,11.0
15.8667,2.2167,278.0,Menaka,2009,11,28.7,36.3,,0.0
15.8667,2.2167,278.0,Menaka,2009,12,25.7,35.0,18.9,0.0
15.8667,2.2167,278.0,Menaka,2010,1,25.3,34.0,16.6,0.0
15.8667,2.2167,278.0,Menaka,2010,2,29.9,39.0,21.6,0.0
15.8667,2.2167,278.0,Menaka,2010,3,31.9,40.0,24.2,0.0
15.8667,2.2167,278.0,Menaka,2010,4,36.3,,,0.0
15.8667,2.2167,278.0,Menaka,2010,5,38.0,44.6,31.6,2.0
15.8667,2.2167,278.0,Menaka,2010,6,35.3,41.6,29.1,25.0
15.8667,2.2167,278.0,Menaka,2010,7,32.6,39.1,26.9,85.0
15.8667,2.2167,278.0,Menaka,2010,8,31.4,37.7,25.9,74.0
15.8667,2.2167,278.0,Menaka,2010,9,31.9,38.5,26.5,21.0
15.8667,2.2167,278.0,Menaka,2010,10,33.7,40.7,27.6,3.0
15.8667,2.2167,278.0,Menaka,2010,11,30.7,,,0.0
15.8667,2.2167,278.0,Menaka,2010,12,25.0,33.4,16.4,0.0
15.8667,2.2167,278.0,Menaka,2011,1,23.9,31.9,16.0,0.0
15.8667,2.2167,278.0,Menaka,2011,2,27.8,35.6,20.7,0.5
15.8667,2.2167,278.0,Menaka,2011,3,32.8,41.3,24.6,0.0
15.8667,2.2167,278.0,Menaka,2011,4,34.1,42.1,26.0,0.0
15.8667,2.2167,278.0,Menaka,2011,5,37.3,44.0,30.5,0.5
15.8667,2.2167,278.0,Menaka,2011,6,35.1,41.8,,14.0
15.8667,2.2167,278.0,Menaka,2011,7,33.3,40.0,27.9,65.0
15.8667,2.2167,278.0,Menaka,2011,8,30.7,,,67.0
15.8667,2.2167,278.0,Menaka,2011,9,32.1,39.4,26.5,73.0
15.8667,2.2167,278.0,Menaka,2011,10,33.0,40.0,26.2,0.0
15.8667,2.2167,278.0,Menaka,2011,11,28.5,37.1,19.9,0.0
15.8667,2.2167,278.0,Menaka,2011,12,23.4,31.3,16.0,0.0
14.4333,-11.4333,47.0,Kayes,1994,1,22.9,,,0.0
14.4333,-11.4333,47.0,Kayes,1994,2,27.2,36.3,,0.0
14.4333,-11.4333,47.0,Kayes,1994,3,31.0,39.0,,0.0
14.4333,-11.4333,47.0,Kayes,1994,4,34.5,,,0.0
14.4333,-11.4333,47.0,Kayes,1994,5,35.1,,,9.0
14.4333,-11.4333,47.0,Kayes,1994,6,31.9,,,99.0
14.4333,-11.4333,47.0,Kayes,1994,7,30.0,,,50.0
14.4333,-11.4333,47.0,Kayes,1994,8,27.9,,,217.0
14.4333,-11.4333,47.0,Kayes,1994,9,,,,92.0
14.4333,-11.4333,47.0,Kayes,1994,10,28.2,,,69.0
14.4333,-11.4333,47.0,Kayes,1994,11,28.1,,,0.0
14.4333,-11.4333,47.0,Kayes,1994,12,24.9,,,0.0
14.4333,-11.4333,47.0,Kayes,1995,1,23.6,,,1.0
14.4333,-11.4333,47.0,Kayes,1995,2,27.4,,,0.0
14.4333,-11.4333,47.0,Kayes,1995,3,31.6,,,1.0
14.4333,-11.4333,47.0,Kayes,1995,5,35.8,,,9.0
14.4333,-11.4333,47.0,Kayes,1995,6,34.3,,,51.0
14.4333,-11.4333,47.0,Kayes,1995,8,28.3,,,259.0
14.4333,-11.4333,47.0,Kayes,1995,9,28.3,,,95.0
14.4333,-11.4333,47.0,Kayes,1995,10,27.8,,,27.0
14.4333,-11.4333,47.0,Kayes,1996,1,25.7,,,0.0
14.4333,-11.4333,47.0,Kayes,1996,2,29.8,,,0.0
14.4333,-11.4333,47.0,Kayes,1996,3,30.9,,,1.0
14.4333,-11.4333,47.0,Kayes,1996,4,34.0,,,0.0
14.4333,-11.4333,47.0,Kayes,1996,6,34.4,,,85.0
14.4333,-11.4333,47.0,Kayes,1996,7,30.3,,,65.0
14.4333,-11.4333,47.0,Kayes,1996,9,28.5,,,93.0
14.4333,-11.4333,47.0,Kayes,1996,10,29.5,37.3,,44.0
14.4333,-11.4333,47.0,Kayes,1996,11,27.3,,,0.0
14.4333,-11.4333,47.0,Kayes,1996,12,26.0,,,0.0
14.4333,-11.4333,47.0,Kayes,1997,1,26.6,,,0.0
14.4333,-11.4333,47.0,Kayes,1997,2,28.5,,,0.0
14.4333,-11.4333,47.0,Kayes,1997,3,29.6,,,0.0
14.4333,-11.4333,47.0,Kayes,1997,4,33.9,,,0.0
14.4333,-11.4333,47.0,Kayes,1997,5,34.8,,,15.0
14.4333,-11.4333,47.0,Kayes,1997,6,31.2,36.3,26.3,60.0
14.4333,-11.4333,47.0,Kayes,1997,7,30.6,34.3,27.6,51.0
14.4333,-11.4333,47.0,Kayes,1997,8,28.8,33.4,24.4,150.0
14.4333,-11.4333,47.0,Kayes,1997,9,28.5,34.2,23.8,104.0
14.4333,-11.4333,47.0,Kayes,1997,10,30.9,36.0,24.3,28.0
14.4333,-11.4333,47.0,Kayes,1997,12,26.0,38.5,15.2,0.0
14.4333,-11.4333,47.0,Kayes,1998,1,25.5,34.4,17.5,1.0
14.4333,-11.4333,47.0,Kayes,1998,2,31.0,,22.4,0.0
14.4333,-11.4333,47.0,Kayes,1998,3,32.0,40.1,24.3,0.0
14.4333,-11.4333,47.0,Kayes,1998,4,36.5,44.0,28.4,4.0
14.4333,-11.4333,47.0,Kayes,1998,5,36.9,42.9,30.1,1.0
14.4333,-11.4333,47.0,Kayes,1998,8,28.2,32.6,23.8,391.0
14.4333,-11.4333,47.0,Kayes,1998,9,28.2,33.1,23.8,198.0
14.4333,-11.4333,47.0,Kayes,1998,10,30.3,38.1,23.6,2.0
14.4333,-11.4333,47.0,Kayes,1998,11,27.9,37.2,19.7,0.0
14.4333,-11.4333,47.0,Kayes,1999,3,31.4,40.6,22.4,0.0
14.4333,-11.4333,47.0,Kayes,2000,6,33.4,38.8,27.8,91.0
14.4333,-11.4333,47.0,Kayes,2000,7,29.8,34.8,25.6,127.0
14.4333,-11.4333,47.0,Kayes,2000,8,27.2,31.8,23.3,189.0
14.4333,-11.4333,47.0,Kayes,2000,9,28.3,33.7,24.0,144.0
14.4333,-11.4333,47.0,Kayes,2000,10,28.8,35.8,23.6,136.0
14.4333,-11.4333,47.0,Kayes,2000,11,27.1,35.8,20.1,0.5
14.4333,-11.4333,47.0,Kayes,2000,12,24.8,34.6,16.8,0.0
14.4333,-11.4333,47.0,Kayes,2001,1,24.7,35.4,16.2,0.0
14.4333,-11.4333,47.0,Kayes,2001,2,27.3,,,0.0
14.4333,-11.4333,47.0,Kayes,2001,3,31.7,41.2,23.0,0.0
14.4333,-11.4333,47.0,Kayes,2001,4,34.2,42.6,26.3,0.0
14.4333,-11.4333,47.0,Kayes,2001,6,32.8,38.7,27.4,107.0
14.4333,-11.4333,47.0,Kayes,2001,7,28.9,33.5,24.9,167.0
14.4333,-11.4333,47.0,Kayes,2001,8,29.2,,25.2,137.0
14.4333,-11.4333,47.0,Kayes,2001,9,28.8,34.5,24.5,78.0
14.4333,-11.4333,47.0,Kayes,2001,10,31.1,39.5,23.3,27.0
14.4333,-11.4333,47.0,Kayes,2001,11,29.4,38.0,20.9,2.0
14.4333,-11.4333,47.0,Kayes,2001,12,27.5,36.2,19.9,0.0
14.4333,-11.4333,47.0,Kayes,2002,1,26.3,,,0.5
14.4333,-11.4333,47.0,Kayes,2002,2,28.3,37.3,,0.0
14.4333,-11.4333,47.0,Kayes,2002,3,31.5,40.8,22.9,0.0
14.4333,-11.4333,47.0,Kayes,2002,4,33.5,,,0.0
14.4333,-11.4333,47.0,Kayes,2002,5,35.8,43.5,28.4,2.0
14.4333,-11.4333,47.0,Kayes,2002,6,33.1,40.4,28.0,65.0
14.4333,-11.4333,47.0,Kayes,2002,7,30.7,37.5,26.7,32.0
14.4333,-11.4333,47.0,Kayes,2002,8,29.6,35.0,24.9,161.0
14.4333,-11.4333,47.0,Kayes,2002,9,27.8,35.6,24.8,70.0
14.4333,-11.4333,47.0,Kayes,2002,10,30.3,38.1,24.6,59.0
14.4333,-11.4333,47.0,Kayes,2002,11,29.2,38.5,21.7,0.0
14.4333,-11.4333,47.0,Kayes,2002,12,26.5,35.2,19.2,4.0
14.4333,-11.4333,47.0,Kayes,2003,1,24.9,33.9,17.6,0.5
14.4333,-11.4333,47.0,Kayes,2003,2,28.3,38.8,21.4,0.0
14.4333,-11.4333,47.0,Kayes,2003,3,32.3,41.5,24.2,0.0
14.4333,-11.4333,47.0,Kayes,2003,4,35.7,43.5,28.2,0.0
14.4333,-11.4333,47.0,Kayes,2003,5,36.4,43.7,31.1,1.0
14.4333,-11.4333,47.0,Kayes,2003,6,33.3,39.7,28.3,28.0
14.4333,-11.4333,47.0,Kayes,2003,7,29.3,34.9,25.0,207.0
14.4333,-11.4333,47.0,Kayes,2003,8,27.7,33.1,23.9,290.0
14.4333,-11.4333,47.0,Kayes,2003,9,27.9,34.3,23.3,185.0
14.4333,-11.4333,47.0,Kayes,2003,10,29.9,37.1,25.0,73.0
14.4333,-11.4333,47.0,Kayes,2003,12,27.0,35.1,,
14.4333,-11.4333,47.0,Kayes,2004,1,26.8,34.0,,1.0
14.4333,-11.4333,47.0,Kayes,2004,2,30.7,38.4,,
14.4333,-11.4333,47.0,Kayes,2004,3,31.5,40.4,,0.0
14.4333,-11.4333,47.0,Kayes,2004,4,34.9,,,0.0
14.4333,-11.4333,47.0,Kayes,2004,5,36.1,44.0,29.6,1.0
14.4333,-11.4333,47.0,Kayes,2004,6,33.6,40.1,,44.0
14.4333,-11.4333,47.0,Kayes,2004,7,29.7,33.9,24.8,219.0
14.4333,-11.4333,47.0,Kayes,2004,9,,,,68.0
14.4333,-11.4333,47.0,Kayes,2004,10,30.4,38.4,,53.0
14.4333,-11.4333,47.0,Kayes,2004,11,29.6,,,0.5
14.4333,-11.4333,47.0,Kayes,2004,12,27.4,35.3,20.4,0.0
14.4333,-11.4333,47.0,Kayes,2005,2,29.4,36.3,22.5,1.0
14.4333,-11.4333,47.0,Kayes,2005,4,,,,0.0
14.4333,-11.4333,47.0,Kayes,2005,5,36.0,41.6,28.4,29.0
14.4333,-11.4333,47.0,Kayes,2005,7,28.9,34.1,24.3,148.0
14.4333,-11.4333,47.0,Kayes,2005,9,,,,208.0
14.4333,-11.4333,47.0,Kayes,2005,10,29.5,,,59.0
14.4333,-11.4333,47.0,Kayes,2005,11,,,,0.0
14.4333,-11.4333,47.0,Kayes,2005,12,,,,0.0
14.4333,-11.4333,47.0,Kayes,2006,4,,,,0.0
14.4333,-11.4333,47.0,Kayes,2006,5,,,,0.5
14.4333,-11.4333,47.0,Kayes,2006,6,,,,57.0
14.4333,-11.4333,47.0,Kayes,2006,7,,,,97.0
14.4333,-11.4333,47.0,Kayes,2006,8,,,,266.0
14.4333,-11.4333,47.0,Kayes,2006,9,29.4,34.5,,84.0
14.4333,-11.4333,47.0,Kayes,2006,10,31.5,39.5,26.1,23.0
14.4333,-11.4333,47.0,Kayes,2006,12,26.0,33.8,,0.0
14.4333,-11.4333,47.0,Kayes,2007,2,,,,95.0
14.4333,-11.4333,47.0,Kayes,2007,3,,,,0.0
14.4333,-11.4333,47.0,Kayes,2007,6,,,,67.0
14.4333,-11.4333,47.0,Kayes,2007,7,30.1,34.7,25.5,265.0
14.4333,-11.4333,47.0,Kayes,2008,3,34.2,41.5,30.0,0.0
14.4333,-11.4333,47.0,Kayes,2008,5,36.5,,,28.0
14.4333,-11.4333,47.0,Kayes,2008,6,,,,112.0
14.4333,-11.4333,47.0,Kayes,2008,8,27.8,31.9,23.7,402.0
14.4333,-11.4333,47.0,Kayes,2008,9,28.6,33.9,23.6,132.0
14.4333,-11.4333,47.0,Kayes,2008,10,29.7,36.4,23.7,58.0
14.4333,-11.4333,47.0,Kayes,2008,11,28.2,38.0,18.3,0.0
14.4333,-11.4333,47.0,Kayes,2009,1,22.2,31.5,14.2,0.0
14.4333,-11.4333,47.0,Kayes,2009,2,28.1,36.9,19.2,0.0
14.4333,-11.4333,47.0,Kayes,2009,3,32.5,40.2,25.5,0.0
14.4333,-11.4333,47.0,Kayes,2009,4,34.8,42.5,26.2,0.0
14.4333,-11.4333,47.0,Kayes,2009,5,35.9,42.8,29.1,6.0
14.4333,-11.4333,47.0,Kayes,2009,6,33.1,38.7,27.3,85.0
14.4333,-11.4333,47.0,Kayes,2009,7,29.7,,,83.0
14.4333,-11.4333,47.0,Kayes,2009,8,28.0,32.5,24.3,214.0
14.4333,-11.4333,47.0,Kayes,2009,9,28.1,32.8,23.8,148.0
14.4333,-11.4333,47.0,Kayes,2009,10,29.5,36.3,23.4,54.0
14.4333,-11.4333,47.0,Kayes,2009,11,27.3,36.4,18.1,0.0
14.4333,-11.4333,47.0,Kayes,2009,12,26.1,,,
14.4333,-11.4333,47.0,Kayes,2010,1,25.9,36.1,15.6,0.0
14.4333,-11.4333,47.0,Kayes,2010,2,30.1,39.6,21.0,0.0
14.4333,-11.4333,47.0,Kayes,2010,3,32.9,41.7,23.9,0.0
14.4333,-11.4333,47.0,Kayes,2010,4,36.0,,,0.0
14.4333,-11.4333,47.0,Kayes,2010,5,37.2,40.4,33.8,27.0
14.4333,-11.4333,47.0,Kayes,2010,6,33.4,39.7,27.2,41.0
14.4333,-11.4333,47.0,Kayes,2010,7,29.9,34.7,25.1,153.0
14.4333,-11.4333,47.0,Kayes,2010,8,28.1,32.6,24.3,186.0
14.4333,-11.4333,47.0,Kayes,2010,9,27.8,,,201.0
14.4333,-11.4333,47.0,Kayes,2010,10,29.8,36.7,24.3,31.0
14.4333,-11.4333,47.0,Kayes,2010,11,28.5,,,
14.4333,-11.4333,47.0,Kayes,2010,12,27.3,38.0,16.9,0.0
14.4333,-11.4333,47.0,Kayes,2011,1,26.6,36.1,17.4,0.0
14.4333,-11.4333,47.0,Kayes,2011,2,27.1,35.1,17.6,0.0
14.4333,-11.4333,47.0,Kayes,2011,3,32.8,41.5,23.3,0.0
14.4333,-11.4333,47.0,Kayes,2011,4,35.5,43.2,27.4,0.0
14.4333,-11.4333,47.0,Kayes,2011,5,36.0,42.7,29.1,8.0
14.4333,-11.4333,47.0,Kayes,2011,6,34.8,,,15.0
14.4333,-11.4333,47.0,Kayes,2011,7,31.6,37.2,26.7,48.0
14.4333,-11.4333,47.0,Kayes,2011,8,28.9,,,204.0
14.4333,-11.4333,47.0,Kayes,2011,9,29.6,34.6,24.9,119.0
14.4333,-11.4333,47.0,Kayes,2011,10,30.9,37.7,24.5,4.0
14.4333,-11.4333,47.0,Kayes,2011,11,29.8,38.5,20.7,0.0
14.4333,-11.4333,47.0,Kayes,2011,12,24.5,33.8,15.8,0.0
14.4333,-11.4333,47.0,Kayes,2012,1,23.9,32.2,16.1,0.0
14.4333,-11.4333,47.0,Kayes,2012,2,25.7,33.2,19.3,0.0
14.4333,-11.4333,47.0,Kayes,2012,4,34.9,41.1,27.6,1.0
14.4333,-11.4333,47.0,Kayes,2012,5,35.7,41.9,29.2,13.0
14.4333,-11.4333,47.0,Kayes,2012,6,33.4,38.9,27.6,61.0
14.4333,-11.4333,47.0,Kayes,2012,7,28.5,33.2,25.0,298.0
14.4333,-11.4333,47.0,Kayes,2012,8,27.6,32.1,24.2,356.0
14.4333,-11.4333,47.0,Kayes,2012,11,30.9,,,
14.4333,-11.4333,47.0,Kayes,2012,12,25.4,,,
14.4333,-11.4333,47.0,Kayes,2013,6,33.5,39.5,28.0,88.0
14.4333,-11.4333,47.0,Kayes,2013,8,27.6,31.8,23.4,292.0
14.4333,-11.4333,47.0,Kayes,2013,9,28.2,33.8,24.6,201.0
14.4333,-11.4333,47.0,Kayes,2013,10,29.9,36.8,24.4,23.0
14.4333,-11.4333,47.0,Kayes,2013,11,28.7,37.7,19.5,
14.4333,-11.4333,47.0,Kayes,2013,12,25.9,34.0,17.4,0.0
14.4333,-11.4333,47.0,Kayes,2014,1,26.4,33.0,15.3,0.0
14.4333,-11.4333,47.0,Kayes,2014,2,26.8,35.1,16.8,0.0
14.4333,-11.4333,47.0,Kayes,2014,3,30.5,39.2,20.6,0.0
14.4333,-11.4333,47.0,Kayes,2014,5,35.3,41.1,30.2,10.0
14.4333,-11.4333,47.0,Kayes,2014,6,34.3,40.5,29.2,38.0
14.4333,-11.4333,47.0,Kayes,2014,7,30.9,35.5,26.4,151.0
14.4333,-11.4333,47.0,Kayes,2014,8,28.1,32.6,24.1,229.0
14.4333,-11.4333,47.0,Kayes,2014,9,28.2,33.0,23.9,186.0
14.4333,-11.4333,47.0,Kayes,2014,10,29.6,36.6,24.2,64.0
14.4333,-11.4333,47.0,Kayes,2014,11,28.4,37.4,19.9,0.0
14.4333,-11.4333,47.0,Kayes,2014,12,25.5,34.0,16.5,0.0
14.4333,-11.4333,47.0,Kayes,2015,1,24.9,32.9,16.8,0.0
14.4333,-11.4333,47.0,Kayes,2015,2,28.6,37.0,19.7,0.0
14.4333,-11.4333,47.0,Kayes,2015,3,30.9,39.0,22.8,0.0
14.4333,-11.4333,47.0,Kayes,2015,4,35.5,43.2,27.6,0.0
14.4333,-11.4333,47.0,Kayes,2015,5,36.8,43.1,31.6,0.0
14.4333,-11.4333,47.0,Kayes,2015,6,35.1,40.8,29.3,8.0
14.4333,-11.4333,47.0,Kayes,2015,7,30.1,35.3,25.8,168.0
14.4333,-11.4333,47.0,Kayes,2015,8,28.4,32.8,24.2,287.0
14.4333,-11.4333,47.0,Kayes,2015,9,28.2,33.5,24.6,146.0
14.4333,-11.4333,47.0,Kayes,2015,10,29.4,35.0,24.6,60.0
14.4333,-11.4333,47.0,Kayes,2015,11,27.6,37.3,18.9,0.5
14.4333,-11.4333,47.0,Kayes,2015,12,24.7,34.0,16.2,0.0
14.4333,-11.4333,47.0,Kayes,2016,1,26.6,34.8,18.6,3.0
14.4333,-11.4333,47.0,Kayes,2016,2,28.1,36.7,18.7,0.0
14.4333,-11.4333,47.0,Kayes,2016,3,31.4,39.7,22.3,0.0
14.4333,-11.4333,47.0,Kayes,2016,4,35.7,43.3,28.1,0.0
14.4333,-11.4333,47.0,Kayes,2016,5,37.2,43.6,31.4,6.0
14.4333,-11.4333,47.0,Kayes,2016,6,34.7,40.4,29.1,42.0
14.4333,-11.4333,47.0,Kayes,2016,7,30.0,35.1,25.9,178.0
14.4333,-11.4333,47.0,Kayes,2016,8,28.4,33.0,25.0,284.0
14.4333,-11.4333,47.0,Kayes,2016,9,28.5,34.1,24.5,101.0
14.4333,-11.4333,47.0,Kayes,2016,10,31.1,38.8,25.4,11.0
14.4333,-11.4333,47.0,Kayes,2016,11,30.6,38.6,20.9,0.0
14.4333,-11.4333,47.0,Kayes,2016,12,26.6,34.9,18.2,0.0
14.4333,-11.4333,47.0,Kayes,2017,1,24.9,33.8,15.6,0.0
14.4333,-11.4333,47.0,Kayes,2017,2,29.1,38.2,19.8,0.0
14.4333,-11.4333,47.0,Kayes,2017,3,33.8,42.2,24.7,0.0
14.4333,-11.4333,47.0,Kayes,2017,4,34.9,43.1,26.4,0.0
14.4333,-11.4333,47.0,Kayes,2017,5,36.3,42.2,31.1,28.0
14.4333,-11.4333,47.0,Kayes,2017,6,33.6,39.9,28.5,79.0
14.4333,-11.4333,47.0,Kayes,2017,7,29.5,34.5,25.4,105.0
14.4333,-11.4333,47.0,Kayes,2017,8,28.7,33.7,25.6,242.0
14.4333,-11.4333,47.0,Kayes,2017,9,29.2,34.7,25.2,162.0
14.4333,-11.4333,47.0,Kayes,2017,10,30.2,39.0,22.9,49.0
14.4333,-11.4333,47.0,Kayes,2017,11,28.7,38.2,19.8,0.0
14.4333,-11.4333,47.0,Kayes,2017,12,25.0,33.3,16.6,0.0
14.4333,-11.4333,47.0,Kayes,2018,1,25.0,34.2,15.7,0.0
14.4333,-11.4333,47.0,Kayes,2018,2,27.8,35.0,20.5,
14.4333,-11.4333,47.0,Kayes,2018,3,33.6,41.1,25.1,0.0
14.4333,-11.4333,47.0,Kayes,2018,4,34.7,42.0,27.3,0.0
14.4333,-11.4333,47.0,Kayes,2018,5,36.4,43.1,30.9,0.0
14.4333,-11.4333,47.0,Kayes,2018,6,34.1,39.7,29.3,39.0
14.4333,-11.4333,47.0,Kayes,2018,7,29.1,33.8,25.1,234.0
14.4333,-11.4333,47.0,Kayes,2018,8,27.9,32.6,24.7,258.0
14.4333,-11.4333,47.0,Kayes,2018,9,28.1,33.8,24.2,179.0
14.4333,-11.4333,47.0,Kayes,2018,10,30.1,37.3,24.8,66.0
14.4333,-11.4333,47.0,Kayes,2018,11,28.8,37.7,21.4,
14.4333,-11.4333,47.0,Kayes,2018,12,26.6,36.4,17.0,0.0
14.4333,-11.4333,47.0,Kayes,2019,1,24.7,34.2,15.2,0.0
14.4333,-11.4333,47.0,Kayes,2019,3,,,,0.0
14.4333,-11.4333,47.0,Kayes,2019,7,30.6,35.6,25.1,111.0
14.4333,-11.4333,47.0,Kayes,2019,8,29.5,34.3,25.1,254.0
14.4333,-11.4333,47.0,Kayes,2019,9,28.9,34.0,25.1,123.0
14.4333,-11.4333,47.0,Kayes,2019,10,28.9,35.6,23.5,156.0
14.4333,-11.4333,47.0,Kayes,2019,11,28.7,38.0,19.5,0.0
14.4333,-11.4333,47.0,Kayes,2019,12,26.8,36.8,16.3,0.0
14.4333,-11.4333,47.0,Kayes,2020,1,25.9,34.4,15.9,0.0
14.4333,-11.4333,47.0,Kayes,2020,2,30.3,39.2,20.7,0.0
14.4333,-11.4333,47.0,Kayes,2020,3,32.2,40.1,22.6,0.0
14.4333,-11.4333,47.0,Kayes,2020,4,36.4,42.8,29.0,0.0
14.4333,-11.4333,47.0,Kayes,2020,5,37.2,,,
14.4333,-11.4333,47.0,Kayes,2020,6,33.3,38.7,27.2,80.0
14.4333,-11.4333,47.0,Kayes,2020,7,29.4,34.4,24.1,206.0
14.4333,-11.4333,47.0,Kayes,2020,8,28.6,32.8,24.7,209.0
14.4333,-11.4333,47.0,Kayes,2020,9,27.9,33.1,23.9,346.0
14.4333,-11.4333,47.0,Kayes,2020,10,28.8,37.2,21.5,36.0
14.4333,-11.4333,47.0,Kayes,2020,11,27.5,38.2,17.0,0.0
14.4333,-11.4333,47.0,Kayes,2020,12,27.1,37.3,17.3,0.0
14.4333,-11.4333,47.0,Kayes,2021,1,27.1,37.1,16.9,0.0
14.4333,-11.4333,47.0,Kayes,2021,2,28.9,37.9,18.6,0.5
14.4333,-11.4333,47.0,Kayes,2021,3,32.3,40.7,21.9,0.0
14.4333,-11.4333,47.0,Kayes,2021,4,35.8,44.4,26.9,0.0
14.4333,-11.4333,47.0,Kayes,2021,5,37.2,43.9,30.7,0.0
14.4333,-11.4333,47.0,Kayes,2021,6,33.8,40.2,28.1,49.0
14.4333,-11.4333,47.0,Kayes,2021,7,31.1,37.0,26.1,98.0
14.4333,-11.4333,47.0,Kayes,2021,8,28.3,33.6,23.9,281.0
14.4333,-11.4333,47.0,Kayes,2021,9,29.0,34.9,24.4,130.0
14.4333,-11.4333,47.0,Kayes,2021,10,30.3,37.9,24.2,43.0
14.4333,-11.4333,47.0,Kayes,2021,11,30.4,39.6,22.0,0.0
14.4333,-11.4333,47.0,Kayes,2021,12,28.2,37.2,18.9,0.0
14.4333,-11.4333,47.0,Kayes,2022,1,27.5,36.8,17.9,0.0
14.4333,-11.4333,47.0,Kayes,2022,2,28.8,38.0,18.8,0.0
14.4333,-11.4333,47.0,Kayes,2022,3,32.4,40.5,24.0,0.0
14.4333,-11.4333,47.0,Kayes,2022,4,35.8,43.6,28.0,0.0
14.4333,-11.4333,47.0,Kayes,2022,5,35.6,42.8,29.0,44.0
14.4333,-11.4333,47.0,Kayes,2022,6,32.4,38.2,27.6,49.0
14.4333,-11.4333,47.0,Kayes,2022,7,29.4,32.6,24.6,167.5
14.4333,-11.4333,47.0,Kayes,2022,8,27.7,32.6,24.1,346.0
14.4333,-11.4333,47.0,Kayes,2022,9,27.9,33.3,24.0,259.0
14.4333,-11.4333,47.0,Kayes,2022,10,28.5,33.1,23.3,65.3
14.4333,-11.4333,47.0,Kayes,2022,11,26.3,37.2,17.0,0.0
14.4333,-11.4333,47.0,Kayes,2022,12,26.1,36.5,16.1,0.5
14.4333,-11.4333,47.0,Kayes,2023,1,25.7,35.7,15.3,0.0
14.4333,-11.4333,47.0,Kayes,2023,2,29.5,38.8,21.3,0.0
14.4333,-11.4333,47.0,Kayes,2023,3,32.3,41.9,21.8,1.0
14.4333,-11.4333,47.0,Kayes,2023,4,34.5,43.1,25.1,20.0
14.4333,-11.4333,47.0,Kayes,2023,5,36.7,43.0,30.4,1.0
14.4333,-11.4333,47.0,Kayes,2023,6,34.7,41.3,28.4,71.0
14.4333,-11.4333,47.0,Kayes,2023,7,30.4,35.7,25.4,172.0
14.4333,-11.4333,47.0,Kayes,2023,8,29.1,34.0,24.4,171.0
14.4333,-11.4333,47.0,Kayes,2023,9,29.2,34.4,24.2,159.0
14.4333,-11.4333,47.0,Kayes,2023,10,30.3,37.8,24.4,37.0
14.4333,-11.4333,47.0,Kayes,2023,11,28.4,39.5,17.7,0.0
14.4333,-11.4333,47.0,Kayes,2023,12,26.0,36.5,15.4,0.0
14.4333,-11.4333,47.0,Kayes,2024,1,27.0,38.0,16.2,0.0
14.4333,-11.4333,47.0,Kayes,2024,2,29.6,39.8,18.5,0.0
14.4333,-11.4333,47.0,Kayes,2024,3,33.1,42.1,23.2,0.0
14.4333,-11.4333,47.0,Kayes,2024,4,36.8,44.3,28.5,0.0
14.4333,-11.4333,47.0,Kayes,2024,5,37.8,45.1,30.5,21.0
14.4333,-11.4333,47.0,Kayes,2024,6,35.6,41.5,29.5,34.0
14.4333,-11.4333,47.0,Kayes,2024,7,30.2,34.3,26.1,157.0
14.4333,-11.4333,47.0,Kayes,2024,8,29.3,33.1,26.0,176.0
14.4333,-11.4333,47.0,Kayes,2024,9,27.9,32.0,24.4,275.0
14.4333,-11.4333,47.0,Kayes,2024,10,28.7,34.8,23.7,37.0
14.4333,-11.4333,47.0,Kayes,2024,11,26.9,36.9,19.2,0.0
14.4333,-11.4333,47.0,Kayes,2024,12,26.0,36.0,16.8,0.5
14.4333,-11.4333,47.0,Kayes,2025,1,25.4,35.1,15.5,0.0
14.4333,-11.4333,47.0,Kayes,2025,2,27.8,34.2,19.1,0.0
14.4333,-11.4333,47.0,Kayes,2025,3,34.0,42.6,26.0,0.0
14.4333,-11.4333,47.0,Kayes,2025,4,36.9,44.1,30.4,10.0
14.4333,-11.4333,47.0,Kayes,2025,5,36.6,42.9,31.3,22.0
14.4333,-11.4333,47.0,Kayes,2025,6,33.3,39.4,28.3,65.0
14.4333,-11.4333,47.0,Kayes,2025,7,28.4,32.8,24.8,92.5
14.5167,-4.1,276.0,Mopti,1994,1,21.9,,,0.0
14.5167,-4.1,276.0,Mopti,1994,2,26.6,35.6,,0.0
14.5167,-4.1,276.0,Mopti,1994,3,29.1,,,0.0
14.5167,-4.1,276.0,Mopti,1994,4,32.6,,,0.0
14.5167,-4.1,276.0,Mopti,1994,5,33.2,,,44.0
14.5167,-4.1,276.0,Mopti,1994,6,32.2,,,31.0
14.5167,-4.1,276.0,Mopti,1994,7,29.0,35.3,,142.0
14.5167,-4.1,276.0,Mopti,1994,8,27.1,32.3,,228.0
14.5167,-4.1,276.0,Mopti,1994,9,27.8,32.9,,141.0
14.5167,-4.1,276.0,Mopti,1994,10,28.5,,,56.0
14.5167,-4.1,276.0,Mopti,1994,11,27.1,36.0,,0.0
14.5167,-4.1,276.0,Mopti,1994,12,23.4,32.7,,0.0
14.5167,-4.1,276.0,Mopti,1995,1,21.2,,,0.0
14.5167,-4.1,276.0,Mopti,1995,2,25.3,,,0.0
14.5167,-4.1,276.0,Mopti,1995,3,31.4,,,1.0
14.5167,-4.1,276.0,Mopti,1995,4,33.3,,,13.0
14.5167,-4.1,276.0,Mopti,1995,5,33.3,,,8.0
14.5167,-4.1,276.0,Mopti,1995,6,33.7,40.2,,29.0
14.5167,-4.1,276.0,Mopti,1995,7,,,,102.0
14.5167,-4.1,276.0,Mopti,1995,8,28.0,,,104.0
14.5167,-4.1,276.0,Mopti,1995,9,29.6,,,73.0
14.5167,-4.1,276.0,Mopti,1995,10,30.5,,,9.0
14.5167,-4.1,276.0,Mopti,1995,11,28.0,,,0.0
14.5167,-4.1,276.0,Mopti,1995,12,25.1,,,0.0
14.5167,-4.1,276.0,Mopti,1996,1,26.2,35.2,,0.0
14.5167,-4.1,276.0,Mopti,1996,2,28.7,37.2,,0.0
14.5167,-4.1,276.0,Mopti,1996,3,30.7,,,0.0
14.5167,-4.1,276.0,Mopti,1996,4,33.0,40.6,,3.0
14.5167,-4.1,276.0,Mopti,1996,5,,,,22.0
14.5167,-4.1,276.0,Mopti,1996,6,33.1,,,23.0
14.5167,-4.1,276.0,Mopti,1996,7,30.9,,,199.0
14.5167,-4.1,276.0,Mopti,1996,8,28.5,,,149.0
14.5167,-4.1,276.0,Mopti,1996,9,,,,151.0
14.5167,-4.1,276.0,Mopti,1996,10,30.2,,,6.0
14.5167,-4.1,276.0,Mopti,1996,11,26.8,,,0.0
14.5167,-4.1,276.0,Mopti,1996,12,25.4,,,0.0
14.5167,-4.1,276.0,Mopti,1997,1,26.5,,,0.0
14.5167,-4.1,276.0,Mopti,1997,2,25.9,34.5,,0.0
14.5167,-4.1,276.0,Mopti,1997,3,28.3,,,0.0
14.5167,-4.1,276.0,Mopti,1997,4,32.6,,,51.0
14.5167,-4.1,276.0,Mopti,1997,5,33.7,40.8,27.6,31.0
14.5167,-4.1,276.0,Mopti,1997,6,31.1,35.2,29.2,35.0
14.5167,-4.1,276.0,Mopti,1997,7,30.6,35.7,25.7,103.0
14.5167,-4.1,276.0,Mopti,1997,8,29.5,,,138.0
14.5167,-4.1,276.0,Mopti,1997,9,30.5,34.0,26.5,30.0
14.5167,-4.1,276.0,Mopti,1997,10,31.8,32.9,26.8,9.0
14.5167,-4.1,276.0,Mopti,1997,11,28.8,37.1,20.6,0.0
14.5167,-4.1,276.0,Mopti,1997,12,24.8,29.4,21.3,0.0
14.5167,-4.1,276.0,Mopti,1998,1,24.3,32.5,16.0,0.0
14.5167,-4.1,276.0,Mopti,1998,2,29.1,37.3,20.3,0.0
14.5167,-4.1,276.0,Mopti,1998,3,30.4,37.9,22.7,0.0
14.5167,-4.1,276.0,Mopti,1998,4,35.1,42.1,27.7,9.0
14.5167,-4.1,276.0,Mopti,1998,5,35.2,41.0,29.3,0.0
14.5167,-4.1,276.0,Mopti,1998,6,32.8,36.1,29.3,77.0
14.5167,-4.1,276.0,Mopti,1998,7,30.3,35.4,25.2,118.0
14.5167,-4.1,276.0,Mopti,1998,8,29.6,33.7,24.4,
14.5167,-4.1,276.0,Mopti,1998,9,29.0,33.4,24.6,120.0
14.5167,-4.1,276.0,Mopti,1998,10,30.5,,21.5,21.0
14.5167,-4.1,276.0,Mopti,1998,11,27.5,35.7,20.0,0.0
14.5167,-4.1,276.0,Mopti,1998,12,24.5,32.0,17.4,0.0
14.5167,-4.1,276.0,Mopti,1999,1,23.6,31.0,16.8,0.0
14.5167,-4.1,276.0,Mopti,1999,2,23.7,31.8,15.8,0.0
14.5167,-4.1,276.0,Mopti,1999,3,30.2,38.2,17.5,0.0
14.5167,-4.1,276.0,Mopti,1999,4,33.8,41.5,25.8,2.0
14.5167,-4.1,276.0,Mopti,1999,5,34.6,41.6,27.6,4.0
14.5167,-4.1,276.0,Mopti,1999,6,33.9,,,80.0
14.5167,-4.1,276.0,Mopti,1999,7,29.3,35.2,23.6,195.0
14.5167,-4.1,276.0,Mopti,1999,8,26.9,31.4,22.6,234.0
14.5167,-4.1,276.0,Mopti,1999,9,27.4,32.2,23.2,132.0
14.5167,-4.1,276.0,Mopti,1999,10,29.3,35.4,23.9,33.0
14.5167,-4.1,276.0,Mopti,1999,11,27.8,36.1,23.7,0.0
14.5167,-4.1,276.0,Mopti,1999,12,23.9,33.3,15.9,0.0
14.5167,-4.1,276.0,Mopti,2000,1,26.2,34.6,19.1,0.0
14.5167,-4.1,276.0,Mopti,2000,2,24.6,33.8,16.0,0.0
14.5167,-4.1,276.0,Mopti,2000,3,29.8,38.5,21.1,1.0
14.5167,-4.1,276.0,Mopti,2000,4,34.3,43.1,26.2,1.0
14.5167,-4.1,276.0,Mopti,2000,5,33.3,40.4,26.2,81.0
14.5167,-4.1,276.0,Mopti,2000,6,32.1,38.8,26.1,26.0
14.5167,-4.1,276.0,Mopti,2000,7,29.5,35.5,24.5,87.0
14.5167,-4.1,276.0,Mopti,2000,8,28.7,,23.6,139.0
14.5167,-4.1,276.0,Mopti,2000,9,29.9,,24.5,92.0
14.5167,-4.1,276.0,Mopti,2000,10,30.1,36.8,24.0,0.0
14.5167,-4.1,276.0,Mopti,2000,11,27.7,36.7,19.8,0.0
14.5167,-4.1,276.0,Mopti,2000,12,23.7,33.2,15.1,0.0
14.5167,-4.1,276.0,Mopti,2001,1,23.8,34.1,14.1,0.0
14.5167,-4.1,276.0,Mopti,2001,2,25.5,35.0,16.3,0.0
14.5167,-4.1,276.0,Mopti,2001,3,31.0,40.6,21.5,0.0
14.5167,-4.1,276.0,Mopti,2001,4,33.1,41.4,24.5,0.0
14.5167,-4.1,276.0,Mopti,2001,6,30.7,37.5,24.2,90.0
14.5167,-4.1,276.0,Mopti,2001,7,29.0,34.9,23.1,176.0
14.5167,-4.1,276.0,Mopti,2001,8,28.5,33.1,23.5,153.0
14.5167,-4.1,276.0,Mopti,2001,9,29.4,35.5,24.3,23.0
14.5167,-4.1,276.0,Mopti,2001,10,30.2,37.5,23.0,
14.5167,-4.1,276.0,Mopti,2001,11,27.2,37.2,19.9,0.0
14.5167,-4.1,276.0,Mopti,2001,12,26.5,35.4,18.2,0.0
14.5167,-4.1,276.0,Mopti,2002,1,24.5,32.4,,0.5
14.5167,-4.1,276.0,Mopti,2002,2,26.1,34.9,17.7,0.0
14.5167,-4.1,276.0,Mopti,2002,3,31.5,39.9,22.9,0.0
14.5167,-4.1,276.0,Mopti,2002,4,33.5,41.2,26.1,0.0
14.5167,-4.1,276.0,Mopti,2002,5,35.2,42.0,28.3,12.0
14.5167,-4.1,276.0,Mopti,2002,6,33.3,39.8,26.9,13.0
14.5167,-4.1,276.0,Mopti,2002,7,31.1,37.6,25.1,77.0
14.5167,-4.1,276.0,Mopti,2002,8,29.0,34.6,23.8,96.0
14.5167,-4.1,276.0,Mopti,2002,9,30.7,37.1,25.2,42.0
14.5167,-4.1,276.0,Mopti,2002,10,30.7,37.3,24.6,58.0
14.5167,-4.1,276.0,Mopti,2002,11,29.0,34.2,21.4,0.0
14.5167,-4.1,276.0,Mopti,2002,12,25.8,33.9,17.7,0.0
14.5167,-4.1,276.0,Mopti,2003,1,24.4,32.3,17.6,0.0
14.5167,-4.1,276.0,Mopti,2003,2,28.9,37.7,20.3,0.0
14.5167,-4.1,276.0,Mopti,2003,3,31.1,39.4,22.6,0.0
14.5167,-4.1,276.0,Mopti,2003,4,34.8,42.5,26.5,0.0
14.5167,-4.1,276.0,Mopti,2003,5,34.8,41.7,27.8,15.0
14.5167,-4.1,276.0,Mopti,2003,6,31.2,36.9,25.8,131.0
14.5167,-4.1,276.0,Mopti,2003,7,28.5,33.4,23.5,221.0
14.5167,-4.1,276.0,Mopti,2003,8,27.3,31.7,23.2,166.0
14.5167,-4.1,276.0,Mopti,2003,9,27.7,32.4,24.0,113.0
14.5167,-4.1,276.0,Mopti,2003,10,30.2,35.4,25.1,12.0
14.5167,-4.1,276.0,Mopti,2003,11,28.4,36.3,22.0,0.0
14.5167,-4.1,276.0,Mopti,2003,12,23.9,32.6,15.7,0.0
14.5167,-4.1,276.0,Mopti,2004,1,23.8,31.9,16.2,0.0
14.5167,-4.1,276.0,Mopti,2004,2,27.9,36.3,19.3,0.0
14.5167,-4.1,276.0,Mopti,2004,3,30.3,37.7,,0.0
14.5167,-4.1,276.0,Mopti,2004,4,33.6,40.5,26.7,3.0
14.5167,-4.1,276.0,Mopti,2004,5,35.2,42.4,27.4,0.0
14.5167,-4.1,276.0,Mopti,2004,6,32.9,39.3,,56.0
14.5167,-4.1,276.0,Mopti,2004,7,28.4,34.0,23.7,122.0
14.5167,-4.1,276.0,Mopti,2004,8,28.3,33.8,23.6,207.0
14.5167,-4.1,276.0,Mopti,2004,9,29.5,35.4,,44.0
14.5167,-4.1,276.0,Mopti,2004,10,30.9,,,19.0
14.5167,-4.1,276.0,Mopti,2004,11,28.5,,,0.0
14.5167,-4.1,276.0,Mopti,2004,12,26.9,35.3,19.3,0.0
14.5167,-4.1,276.0,Mopti,2005,1,23.7,30.8,16.6,0.0
14.5167,-4.1,276.0,Mopti,2005,2,28.5,35.4,22.0,0.0
14.5167,-4.1,276.0,Mopti,2005,4,34.2,42.1,25.4,0.0
14.5167,-4.1,276.0,Mopti,2005,5,34.4,40.9,27.8,13.0
14.5167,-4.1,276.0,Mopti,2005,6,32.1,,,44.0
14.5167,-4.1,276.0,Mopti,2005,7,28.8,,,88.0
14.5167,-4.1,276.0,Mopti,2005,8,28.2,,,140.0
14.5167,-4.1,276.0,Mopti,2005,9,29.3,34.6,24.6,81.0
14.5167,-4.1,276.0,Mopti,2005,10,30.6,37.6,,13.0
14.5167,-4.1,276.0,Mopti,2005,11,28.4,,,0.0
14.5167,-4.1,276.0,Mopti,2005,12,26.0,,,0.0
14.5167,-4.1,276.0,Mopti,2006,2,26.2,34.6,18.3,0.0
14.5167,-4.1,276.0,Mopti,2006,3,30.6,,,0.0
14.5167,-4.1,276.0,Mopti,2006,4,33.7,,,0.5
14.5167,-4.1,276.0,Mopti,2006,5,34.2,41.3,26.9,8.0
14.5167,-4.1,276.0,Mopti,2006,6,33.2,39.4,27.5,17.0
14.5167,-4.1,276.0,Mopti,2006,7,30.5,,,137.0
14.5167,-4.1,276.0,Mopti,2006,8,28.1,,,258.0
14.5167,-4.1,276.0,Mopti,2006,9,28.9,34.0,24.3,90.0
14.5167,-4.1,276.0,Mopti,2006,10,30.2,36.3,24.7,3.0
14.5167,-4.1,276.0,Mopti,2006,11,27.3,36.0,,0.0
14.5167,-4.1,276.0,Mopti,2006,12,23.2,31.9,,0.0
14.5167,-4.1,276.0,Mopti,2007,1,23.8,32.4,,0.0
14.5167,-4.1,276.0,Mopti,2007,2,26.7,,,0.0
14.5167,-4.1,276.0,Mopti,2007,3,30.5,,,0.0
14.5167,-4.1,276.0,Mopti,2007,4,34.2,,,1.0
14.5167,-4.1,276.0,Mopti,2007,5,34.8,,,10.0
14.5167,-4.1,276.0,Mopti,2007,6,33.6,39.9,27.1,53.0
14.5167,-4.1,276.0,Mopti,2007,7,29.2,,,126.0
14.5167,-4.1,276.0,Mopti,2007,8,27.6,,,229.0
14.5167,-4.1,276.0,Mopti,2007,9,28.6,,,110.0
14.5167,-4.1,276.0,Mopti,2007,10,29.0,36.4,24.1,0.0
14.5167,-4.1,276.0,Mopti,2007,11,27.9,,,0.0
14.5167,-4.1,276.0,Mopti,2007,12,23.7,32.1,16.0,0.0
14.5167,-4.1,276.0,Mopti,2008,1,21.3,29.5,12.3,0.0
14.5167,-4.1,276.0,Mopti,2008,2,27.0,36.0,18.0,0.0
14.5167,-4.1,276.0,Mopti,2008,3,30.9,39.6,22.0,0.0
14.5167,-4.1,276.0,Mopti,2008,4,32.5,40.4,23.9,19.0
14.5167,-4.1,276.0,Mopti,2008,5,33.8,41.1,27.1,58.0
14.5167,-4.1,276.0,Mopti,2008,6,32.1,38.5,,105.0
14.5167,-4.1,276.0,Mopti,2008,7,29.3,35.2,24.0,147.0
14.5167,-4.1,276.0,Mopti,2008,8,27.5,32.3,22.9,221.0
14.5167,-4.1,276.0,Mopti,2008,9,28.7,33.3,24.3,69.0
14.5167,-4.1,276.0,Mopti,2008,10,29.5,34.9,24.4,17.0
14.5167,-4.1,276.0,Mopti,2008,11,27.1,35.5,,0.0
14.5167,-4.1,276.0,Mopti,2008,12,23.8,32.7,16.1,0.0
14.5167,-4.1,276.0,Mopti,2009,1,21.6,29.6,14.1,0.0
14.5167,-4.1,276.0,Mopti,2009,2,27.9,36.5,20.0,0.0
14.5167,-4.1,276.0,Mopti,2009,3,31.7,39.6,24.4,8.0
14.5167,-4.1,276.0,Mopti,2009,4,33.2,41.0,25.7,0.0
14.5167,-4.1,276.0,Mopti,2009,5,34.0,41.8,27.3,12.0
14.5167,-4.1,276.0,Mopti,2009,6,32.8,39.6,27.6,17.0
14.5167,-4.1,276.0,Mopti,2009,7,30.3,36.5,25.2,113.0
14.5167,-4.1,276.0,Mopti,2009,8,28.1,,,
14.5167,-4.1,276.0,Mopti,2009,9,28.2,33.5,23.8,141.0
14.5167,-4.1,276.0,Mopti,2009,10,29.2,35.7,23.9,59.0
14.5167,-4.1,276.0,Mopti,2009,11,26.3,34.5,19.4,2.0
14.5167,-4.1,276.0,Mopti,2009,12,25.0,34.8,16.8,0.0
14.5167,-4.1,276.0,Mopti,2010,1,24.3,34.5,15.3,0.0
14.5167,-4.1,276.0,Mopti,2010,2,29.4,38.9,,0.0
14.5167,-4.1,276.0,Mopti,2010,3,31.2,39.9,23.4,0.0
14.5167,-4.1,276.0,Mopti,2010,4,34.3,,,
14.5167,-4.1,276.0,Mopti,2010,5,34.7,42.4,29.0,16.0
14.5167,-4.1,276.0,Mopti,2010,6,32.1,38.4,26.8,140.0
14.5167,-4.1,276.0,Mopti,2010,7,29.8,35.9,25.2,131.0
14.5167,-4.1,276.0,Mopti,2010,8,27.5,32.9,23.6,279.0
14.5167,-4.1,276.0,Mopti,2010,9,27.3,33.2,23.5,227.0
14.5167,-4.1,276.0,Mopti,2010,10,29.2,36.7,24.2,58.0
14.5167,-4.1,276.0,Mopti,2010,11,27.7,36.5,20.7,5.0
14.5167,-4.1,276.0,Mopti,2010,12,24.8,35.5,15.8,0.0
14.5167,-4.1,276.0,Mopti,2011,1,24.3,33.8,15.5,0.0
14.5167,-4.1,276.0,Mopti,2011,2,25.0,34.0,17.2,0.0
14.5167,-4.1,276.0,Mopti,2011,3,32.3,40.6,24.3,0.0
14.5167,-4.1,276.0,Mopti,2011,4,32.7,40.9,24.6,0.0
14.5167,-4.1,276.0,Mopti,2011,5,34.3,41.5,27.9,9.0
14.5167,-4.1,276.0,Mopti,2011,6,31.9,38.7,,139.0
14.5167,-4.1,276.0,Mopti,2011,7,29.8,35.5,25.0,105.0
14.5167,-4.1,276.0,Mopti,2011,8,28.1,33.8,,184.0
14.5167,-4.1,276.0,Mopti,2011,9,28.8,34.9,23.8,118.0
14.5167,-4.1,276.0,Mopti,2011,10,30.5,33.8,24.1,2.0
14.5167,-4.1,276.0,Mopti,2011,11,28.2,38.0,19.3,0.0
14.5167,-4.1,276.0,Mopti,2011,12,22.9,32.4,14.7,0.0
14.5167,-4.1,276.0,Mopti,2012,1,22.0,30.8,14.5,0.0
14.5167,-4.1,276.0,Mopti,2012,2,25.5,33.5,19.5,0.0
14.5167,-4.1,276.0,Mopti,2012,5,34.7,42.1,27.0,9.0
14.5167,-4.1,276.0,Mopti,2012,6,31.8,38.1,26.8,89.0
14.5167,-4.1,276.0,Mopti,2012,7,29.3,34.1,24.5,192.0
14.5167,-4.1,276.0,Mopti,2012,8,27.2,32.2,23.4,295.0
14.5167,-4.1,276.0,Mopti,2012,12,23.6,,,
14.5167,-4.1,276.0,Mopti,2013,6,32.5,39.6,26.2,41.0
14.5167,-4.1,276.0,Mopti,2013,8,27.0,32.3,21.6,211.0
14.5167,-4.1,276.0,Mopti,2013,9,28.4,34.0,22.7,131.0
14.5167,-4.1,276.0,Mopti,2013,10,29.1,36.5,21.7,3.0
14.5167,-4.1,276.0,Mopti,2013,11,27.4,36.5,17.6,0.0
14.5167,-4.1,276.0,Mopti,2013,12,23.3,31.9,13.6,0.0
14.5167,-4.1,276.0,Mopti,2014,1,24.7,34.0,14.2,0.0
14.5167,-4.1,276.0,Mopti,2014,2,25.1,34.3,14.1,0.0
14.5167,-4.1,276.0,Mopti,2014,3,29.0,38.2,17.8,0.0
14.5167,-4.1,276.0,Mopti,2014,5,33.7,40.5,27.7,33.0
14.5167,-4.1,276.0,Mopti,2014,6,33.2,40.2,27.3,59.0
14.5167,-4.1,276.0,Mopti,2014,7,30.2,35.6,25.2,142.0
14.5167,-4.1,276.0,Mopti,2014,8,27.9,33.3,22.6,186.0
14.5167,-4.1,276.0,Mopti,2014,9,28.4,34.4,23.0,102.0
14.5167,-4.1,276.0,Mopti,2014,10,29.4,36.8,22.1,75.0
14.5167,-4.1,276.0,Mopti,2014,11,27.7,36.4,19.4,11.0
14.5167,-4.1,276.0,Mopti,2014,12,24.1,32.5,15.7,0.0
14.5167,-4.1,276.0,Mopti,2015,1,22.7,31.3,13.9,0.0
14.5167,-4.1,276.0,Mopti,2015,2,27.1,36.1,17.3,0.0
14.5167,-4.1,276.0,Mopti,2015,3,29.4,37.4,20.8,0.0
14.5167,-4.1,276.0,Mopti,2015,4,33.3,41.5,24.0,0.0
14.5167,-4.1,276.0,Mopti,2015,5,35.1,42.8,28.5,13.0
14.5167,-4.1,276.0,Mopti,2015,6,32.8,39.3,26.1,73.0
14.5167,-4.1,276.0,Mopti,2015,7,28.8,34.6,23.8,185.0
14.5167,-4.1,276.0,Mopti,2015,8,27.3,32.5,23.1,175.0
14.5167,-4.1,276.0,Mopti,2015,9,28.2,33.4,24.0,133.0
14.5167,-4.1,276.0,Mopti,2015,10,30.1,36.2,24.7,4.0
14.5167,-4.1,276.0,Mopti,2015,11,27.1,36.0,19.3,8.0
14.5167,-4.1,276.0,Mopti,2015,12,22.7,31.7,13.8,0.0
14.5167,-4.1,276.0,Mopti,2016,1,24.2,32.7,16.1,0.5
14.5167,-4.1,276.0,Mopti,2016,2,25.6,35.0,15.8,0.0
14.5167,-4.1,276.0,Mopti,2016,3,29.4,38.1,20.6,0.0
14.5167,-4.1,276.0,Mopti,2016,4,34.7,41.9,26.6,5.0
14.5167,-4.1,276.0,Mopti,2016,5,35.4,41.8,28.9,7.0
14.5167,-4.1,276.0,Mopti,2016,6,33.1,39.3,26.8,52.0
14.5167,-4.1,276.0,Mopti,2016,7,29.0,34.4,24.1,191.0
14.5167,-4.1,276.0,Mopti,2016,8,28.4,32.4,23.0,237.0
14.5167,-4.1,276.0,Mopti,2016,9,28.7,33.9,24.3,62.0
14.5167,-4.1,276.0,Mopti,2016,10,29.7,36.5,23.1,23.0
14.5167,-4.1,276.0,Mopti,2016,11,27.3,37.2,19.0,0.0
14.5167,-4.1,276.0,Mopti,2016,12,25.0,33.0,17.6,0.0
14.5167,-4.1,276.0,Mopti,2017,1,23.0,32.2,13.2,0.0
14.5167,-4.1,276.0,Mopti,2017,2,28.2,36.7,19.3,0.0
14.5167,-4.1,276.0,Mopti,2017,3,32.3,40.8,22.5,0.0
14.5167,-4.1,276.0,Mopti,2017,4,33.6,41.1,25.3,6.0
14.5167,-4.1,276.0,Mopti,2017,5,34.4,41.4,27.6,15.0
14.5167,-4.1,276.0,Mopti,2017,6,32.2,38.1,26.4,61.0
14.5167,-4.1,276.0,Mopti,2017,7,30.0,35.5,24.5,126.0
14.5167,-4.1,276.0,Mopti,2017,8,28.5,33.4,24.6,173.0
14.5167,-4.1,276.0,Mopti,2017,9,29.3,34.9,24.2,126.0
14.5167,-4.1,276.0,Mopti,2017,10,30.6,38.5,23.0,0.0
14.5167,-4.1,276.0,Mopti,2017,11,27.2,36.1,18.3,0.0
14.5167,-4.1,276.0,Mopti,2017,12,23.5,31.7,15.6,0.0
14.5167,-4.1,276.0,Mopti,2018,1,24.0,32.2,15.3,0.5
14.5167,-4.1,276.0,Mopti,2018,2,27.5,34.4,19.6,1.0
14.5167,-4.1,276.0,Mopti,2018,3,31.1,39.6,22.1,0.5
14.5167,-4.1,276.0,Mopti,2018,4,33.9,41.2,25.3,0.0
14.5167,-4.1,276.0,Mopti,2018,5,34.1,41.1,26.4,9.0
14.5167,-4.1,276.0,Mopti,2018,6,32.8,38.8,25.9,79.0
14.5167,-4.1,276.0,Mopti,2018,7,30.0,35.7,24.4,64.0
14.5167,-4.1,276.0,Mopti,2018,8,27.3,31.9,22.7,263.0
14.5167,-4.1,276.0,Mopti,2018,9,28.6,33.3,23.8,92.0
14.5167,-4.1,276.0,Mopti,2018,10,29.7,35.8,23.1,10.0
14.5167,-4.1,276.0,Mopti,2018,11,28.1,36.6,20.2,0.0
14.5167,-4.1,276.0,Mopti,2018,12,24.2,33.4,14.8,0.0
14.5167,-4.1,276.0,Mopti,2019,1,23.0,32.1,13.5,0.0
14.5167,-4.1,276.0,Mopti,2019,2,26.1,33.5,18.7,
14.5167,-4.1,276.0,Mopti,2019,3,29.6,37.1,21.1,0.0
14.5167,-4.1,276.0,Mopti,2019,4,33.1,40.2,26.6,
14.5167,-4.1,276.0,Mopti,2019,5,33.2,40.6,27.6,
14.5167,-4.1,276.0,Mopti,2019,6,33.2,39.7,27.3,
14.5167,-4.1,276.0,Mopti,2019,7,30.2,35.9,24.5,114.0
14.5167,-4.1,276.0,Mopti,2019,8,28.0,32.9,23.6,174.0
14.5167,-4.1,276.0,Mopti,2019,9,29.1,34.2,23.8,132.0
14.5167,-4.1,276.0,Mopti,2019,10,30.3,35.7,25.5,0.0
14.5167,-4.1,276.0,Mopti,2019,11,28.4,36.2,20.6,0.0
14.5167,-4.1,276.0,Mopti,2019,12,25.0,34.7,15.7,0.0
14.5167,-4.1,276.0,Mopti,2020,1,23.9,32.0,14.9,0.0
14.5167,-4.1,276.0,Mopti,2020,2,27.4,35.7,17.8,0.5
14.5167,-4.1,276.0,Mopti,2020,3,31.2,39.0,22.6,0.5
14.5167,-4.1,276.0,Mopti,2020,4,33.8,41.1,27.0,
14.5167,-4.1,276.0,Mopti,2020,5,35.2,41.4,28.4,
14.5167,-4.1,276.0,Mopti,2020,6,32.6,38.9,26.4,93.0
14.5167,-4.1,276.0,Mopti,2020,7,29.6,35.2,24.2,138.0
14.5167,-4.1,276.0,Mopti,2020,8,27.5,31.7,23.3,350.0
14.5167,-4.1,276.0,Mopti,2020,9,28.0,32.7,23.3,76.0
14.5167,-4.1,276.0,Mopti,2020,10,29.1,35.9,22.1,20.0
14.5167,-4.1,276.0,Mopti,2020,11,26.5,35.4,17.2,0.0
14.5167,-4.1,276.0,Mopti,2020,12,26.3,35.2,17.9,0.0
14.5167,-4.1,276.0,Mopti,2021,1,26.0,35.4,16.0,0.0
14.5167,-4.1,276.0,Mopti,2021,2,27.7,36.2,18.6,0.0
14.5167,-4.1,276.0,Mopti,2021,3,30.7,38.0,22.6,0.0
14.5167,-4.1,276.0,Mopti,2021,4,34.2,42.1,25.8,4.0
14.5167,-4.1,276.0,Mopti,2021,5,34.9,41.4,28.5,15.0
14.5167,-4.1,276.0,Mopti,2021,6,33.4,39.5,27.1,45.0
14.5167,-4.1,276.0,Mopti,2021,7,30.1,36.0,25.3,154.0
14.5167,-4.1,276.0,Mopti,2021,8,27.9,32.5,23.1,327.0
14.5167,-4.1,276.0,Mopti,2021,9,29.7,34.7,25.0,38.0
14.5167,-4.1,276.0,Mopti,2021,10,29.9,35.8,23.6,55.0
14.5167,-4.1,276.0,Mopti,2021,11,29.0,37.0,20.3,0.0
14.5167,-4.1,276.0,Mopti,2021,12,25.9,34.8,16.8,0.0
14.5167,-4.1,276.0,Mopti,2022,1,23.9,32.5,13.6,0.0
14.5167,-4.1,276.0,Mopti,2022,2,26.9,35.5,17.2,0.0
14.5167,-4.1,276.0,Mopti,2022,3,31.5,38.7,23.3,1.0
14.5167,-4.1,276.0,Mopti,2022,4,34.0,41.6,24.8,0.0
14.5167,-4.1,276.0,Mopti,2022,5,34.6,41.4,27.1,23.0
14.5167,-4.1,276.0,Mopti,2022,6,32.1,39.2,25.3,55.0
14.5167,-4.1,276.0,Mopti,2022,7,29.5,35.2,24.3,128.0
14.5167,-4.1,276.0,Mopti,2022,8,27.5,32.4,22.8,281.0
14.5167,-4.1,276.0,Mopti,2022,9,27.9,32.8,22.9,136.0
14.5167,-4.1,276.0,Mopti,2022,10,28.6,35.4,22.4,48.0
14.5167,-4.1,276.0,Mopti,2022,11,26.3,35.7,17.4,0.0
14.5167,-4.1,276.0,Mopti,2022,12,25.3,34.1,17.0,0.0
14.5167,-4.1,276.0,Mopti,2023,1,24.2,33.8,15.0,0.0
14.5167,-4.1,276.0,Mopti,2023,2,28.0,36.8,19.0,0.0
14.5167,-4.1,276.0,Mopti,2023,3,31.1,39.7,21.4,0.0
14.5167,-4.1,276.0,Mopti,2023,4,33.0,40.7,24.3,0.0
14.5167,-4.1,276.0,Mopti,2023,5,35.3,42.1,28.6,3.0
14.5167,-4.1,276.0,Mopti,2023,6,32.8,39.6,26.4,76.0
14.5167,-4.1,276.0,Mopti,2023,7,30.3,36.1,25.0,107.0
14.5167,-4.1,276.0,Mopti,2023,8,28.3,33.7,24.2,154.0
14.5167,-4.1,276.0,Mopti,2023,9,28.9,34.5,24.3,91.0
14.5167,-4.1,276.0,Mopti,2023,10,30.3,37.0,24.7,0.5
14.5167,-4.1,276.0,Mopti,2023,11,28.0,36.8,19.0,0.0
14.5167,-4.1,276.0,Mopti,2023,12,28.0,33.7,17.1,0.0
14.5167,-4.1,276.0,Mopti,2024,1,29.2,35.1,16.8,0.0
14.5167,-4.1,276.0,Mopti,2024,2,30.9,36.8,18.8,0.0
14.5167,-4.1,276.0,Mopti,2024,3,32.7,40.7,24.8,0.0
14.5167,-4.1,276.0,Mopti,2024,4,34.8,42.1,27.1,4.0
14.5167,-4.1,276.0,Mopti,2024,5,35.8,43.2,28.9,34.0
14.5167,-4.1,276.0,Mopti,2024,6,34.7,40.2,28.5,16.0
14.5167,-4.1,276.0,Mopti,2024,7,28.8,34.1,24.7,118.0
14.5167,-4.1,276.0,Mopti,2024,8,27.8,32.1,24.1,138.0
14.5167,-4.1,276.0,Mopti,2024,9,27.5,32.3,24.0,55.0
14.5167,-4.1,276.0,Mopti,2024,10,28.7,34.8,23.5,59.0
14.5167,-4.1,276.0,Mopti,2024,11,26.4,36.4,18.1,0.0
14.5167,-4.1,276.0,Mopti,2024,12,23.3,33.3,14.5,0.0
14.5167,-4.1,276.0,Mopti,2025,1,23.4,32.5,15.5,0.0
14.5167,-4.1,276.0,Mopti,2025,2,26.9,35.1,19.4,0.5
14.5167,-4.1,276.0,Mopti,2025,3,33.2,41.4,25.6,0.0
14.5167,-4.1,276.0,Mopti,2025,4,34.7,42.3,26.6,0.0
14.5167,-4.1,276.0,Mopti,2025,5,34.7,41.7,28.5,0.0
14.5167,-4.1,276.0,Mopti,2025,6,32.5,39.7,26.2,7.0
14.5167,-4.1,276.0,Mopti,2025,7,29.8,34.1,25.0,123.2
14.5167,-4.1,276.0,Mopti,2025,8,28.4,31.4,25.2,
13.0667,-9.4667,333.0,Kita,1994,1,23.6,,,0.0
13.0667,-9.4667,333.0,Kita,1994,2,27.8,,,0.0
13.0667,-9.4667,333.0,Kita,1994,3,30.9,,,0.0
13.0667,-9.4667,333.0,Kita,1994,4,33.2,,,
13.0667,-9.4667,333.0,Kita,1994,5,31.8,,,39.0
13.0667,-9.4667,333.0,Kita,1994,7,25.7,,,258.0
13.0667,-9.4667,333.0,Kita,1994,8,25.3,,,372.0
13.0667,-9.4667,333.0,Kita,1994,10,26.9,,,78.0
13.0667,-9.4667,333.0,Kita,1994,11,25.8,,,0.5
13.0667,-9.4667,333.0,Kita,1994,12,24.5,,,0.0
13.0667,-9.4667,333.0,Kita,1995,1,23.4,,,0.0
13.0667,-9.4667,333.0,Kita,1995,2,27.1,,,0.0
13.0667,-9.4667,333.0,Kita,1995,3,30.9,,,6.0
13.0667,-9.4667,333.0,Kita,1995,4,32.8,,,41.0
13.0667,-9.4667,333.0,Kita,1995,5,32.0,,,19.0
13.0667,-9.4667,333.0,Kita,1995,6,30.4,,,112.0
13.0667,-9.4667,333.0,Kita,1995,7,27.4,,,304.0
13.0667,-9.4667,333.0,Kita,1995,8,25.6,,,361.0
13.0667,-9.4667,333.0,Kita,1995,9,25.9,,,252.0
13.0667,-9.4667,333.0,Kita,1995,10,26.8,,,85.0
13.0667,-9.4667,333.0,Kita,1995,11,25.6,,,0.0
13.0667,-9.4667,333.0,Kita,1995,12,24.3,,,0.5
13.0667,-9.4667,333.0,Kita,1996,1,26.7,,,0.0
13.0667,-9.4667,333.0,Kita,1996,2,29.2,,,0.0
13.0667,-9.4667,333.0,Kita,1996,3,30.6,,,0.0
13.0667,-9.4667,333.0,Kita,1996,4,32.7,,,0.0
13.0667,-9.4667,333.0,Kita,1996,5,31.6,,,44.0
13.0667,-9.4667,333.0,Kita,1996,6,29.0,,,184.0
13.0667,-9.4667,333.0,Kita,1996,9,25.7,,,210.0
13.0667,-9.4667,333.0,Kita,1996,10,26.9,,,41.0
13.0667,-9.4667,333.0,Kita,1996,11,25.5,34.4,,0.0
13.0667,-9.4667,333.0,Kita,1996,12,25.6,,,0.0
13.0667,-9.4667,333.0,Kita,1997,1,27.3,,,0.0
13.0667,-9.4667,333.0,Kita,1997,2,28.8,,,0.0
13.0667,-9.4667,333.0,Kita,1997,3,29.3,,,0.0
13.0667,-9.4667,333.0,Kita,1997,4,32.4,,,12.0
13.0667,-9.4667,333.0,Kita,1997,5,31.1,38.0,25.2,46.0
13.0667,-9.4667,333.0,Kita,1997,6,28.2,33.9,23.8,185.0
13.0667,-9.4667,333.0,Kita,1997,8,26.1,30.9,22.6,257.0
13.0667,-9.4667,333.0,Kita,1997,9,25.9,31.3,22.0,199.0
13.0667,-9.4667,333.0,Kita,1997,11,26.4,35.8,18.3,0.0
13.0667,-9.4667,333.0,Kita,1997,12,23.8,33.4,15.4,0.0
13.0667,-9.4667,333.0,Kita,1998,1,25.0,32.0,17.1,0.0
13.0667,-9.4667,333.0,Kita,1998,2,29.8,38.0,21.7,0.0
13.0667,-9.4667,333.0,Kita,1998,3,31.4,38.7,24.4,0.0
13.0667,-9.4667,333.0,Kita,1998,4,34.8,,,
13.0667,-9.4667,333.0,Kita,1998,5,32.8,40.0,27.4,20.0
13.0667,-9.4667,333.0,Kita,1998,6,29.6,35.0,25.2,178.0
13.0667,-9.4667,333.0,Kita,1998,7,27.0,31.4,23.5,265.0
13.0667,-9.4667,333.0,Kita,1998,8,26.0,30.0,22.4,237.0
13.0667,-9.4667,333.0,Kita,1998,9,26.3,30.7,22.2,176.0
13.0667,-9.4667,333.0,Kita,1998,10,27.3,33.8,21.5,43.0
13.0667,-9.4667,333.0,Kita,1998,11,26.3,35.1,18.0,0.0
13.0667,-9.4667,333.0,Kita,1998,12,25.1,32.7,17.9,0.0
13.0667,-9.4667,333.0,Kita,1999,1,25.1,32.1,18.3,0.0
13.0667,-9.4667,333.0,Kita,1999,2,26.1,33.7,18.1,0.0
13.0667,-9.4667,333.0,Kita,1999,3,31.3,38.8,23.5,0.0
13.0667,-9.4667,333.0,Kita,1999,4,32.9,39.8,26.0,0.0
13.0667,-9.4667,333.0,Kita,1999,5,32.7,39.2,26.8,13.0
13.0667,-9.4667,333.0,Kita,1999,6,29.3,35.0,25.8,131.0
13.0667,-9.4667,333.0,Kita,1999,7,26.3,30.8,22.6,158.0
13.0667,-9.4667,333.0,Kita,1999,8,24.6,28.2,21.6,475.0
13.0667,-9.4667,333.0,Kita,1999,9,25.4,30.6,21.3,142.0
13.0667,-9.4667,333.0,Kita,1999,10,26.2,34.1,21.2,138.0
13.0667,-9.4667,333.0,Kita,1999,11,26.0,34.0,18.7,4.0
13.0667,-9.4667,333.0,Kita,1999,12,24.0,33.2,15.8,0.0
13.0667,-9.4667,333.0,Kita,2000,1,27.2,34.4,20.4,0.0
13.0667,-9.4667,333.0,Kita,2000,2,26.8,34.3,19.0,0.0
13.0667,-9.4667,333.0,Kita,2000,3,30.6,38.2,22.2,17.0
13.0667,-9.4667,333.0,Kita,2000,4,33.6,40.2,27.6,3.0
13.0667,-9.4667,333.0,Kita,2000,5,32.7,38.8,26.9,9.0
13.0667,-9.4667,333.0,Kita,2000,6,28.7,34.3,23.6,160.0
13.0667,-9.4667,333.0,Kita,2000,7,26.8,31.1,23.0,155.0
13.0667,-9.4667,333.0,Kita,2000,8,25.4,29.8,21.7,283.0
13.0667,-9.4667,333.0,Kita,2000,9,26.2,30.9,22.1,152.0
13.0667,-9.4667,333.0,Kita,2000,10,27.0,33.4,21.6,6.0
13.0667,-9.4667,333.0,Kita,2000,11,26.7,,,0.0
13.0667,-9.4667,333.0,Kita,2000,12,25.1,33.6,,0.0
13.0667,-9.4667,333.0,Kita,2001,1,25.1,33.9,16.1,0.0
13.0667,-9.4667,333.0,Kita,2001,2,27.5,35.8,18.1,0.0
13.0667,-9.4667,333.0,Kita,2001,3,32.0,39.6,22.6,1.0
13.0667,-9.4667,333.0,Kita,2001,6,29.3,35.6,23.9,126.0
13.0667,-9.4667,333.0,Kita,2001,7,26.9,31.1,22.6,246.0
13.0667,-9.4667,333.0,Kita,2001,8,26.1,30.8,21.8,273.0
13.0667,-9.4667,333.0,Kita,2001,9,26.7,30.5,22.8,150.0
13.0667,-9.4667,333.0,Kita,2001,10,27.0,34.6,21.6,18.0
13.0667,-9.4667,333.0,Kita,2001,11,27.4,35.5,18.8,1.0
13.0667,-9.4667,333.0,Kita,2001,12,27.2,35.1,18.7,0.0
13.0667,-9.4667,333.0,Kita,2002,1,26.2,,,0.0
13.0667,-9.4667,333.0,Kita,2002,2,,,,0.0
13.0667,-9.4667,333.0,Kita,2002,3,31.8,38.6,26.8,2.0
13.0667,-9.4667,333.0,Kita,2002,4,33.2,39.7,26.2,7.0
13.0667,-9.4667,333.0,Kita,2002,5,33.7,39.9,27.1,2.0
13.0667,-9.4667,333.0,Kita,2002,6,30.1,35.5,23.8,139.0
13.0667,-9.4667,333.0,Kita,2002,7,27.3,31.1,23.5,211.0
13.0667,-9.4667,333.0,Kita,2002,8,25.7,,,385.0
13.0667,-9.4667,333.0,Kita,2002,9,27.1,31.9,22.2,159.0
13.0667,-9.4667,333.0,Kita,2002,10,28.0,33.9,22.0,47.0
13.0667,-9.4667,333.0,Kita,2002,11,28.6,36.1,18.0,0.0
13.0667,-9.4667,333.0,Kita,2002,12,25.5,33.4,17.5,7.0
13.0667,-9.4667,333.0,Kita,2003,1,25.7,31.3,18.3,1.0
13.0667,-9.4667,333.0,Kita,2003,2,29.4,37.5,21.3,0.0
13.0667,-9.4667,333.0,Kita,2003,3,32.8,38.0,23.6,0.0
13.0667,-9.4667,333.0,Kita,2003,8,25.2,29.7,21.7,261.0
13.0667,-9.4667,333.0,Kita,2003,10,27.6,33.9,22.4,80.0
13.0667,-9.4667,333.0,Kita,2003,11,26.5,34.6,20.1,5.0
13.0667,-9.4667,333.0,Kita,2004,7,27.1,31.3,22.5,176.0
13.0667,-9.4667,333.0,Kita,2004,8,28.5,30.9,22.1,180.0
13.0667,-9.4667,333.0,Kita,2004,9,27.0,32.7,,75.0
13.0667,-9.4667,333.0,Kita,2004,10,28.3,,,67.0
13.0667,-9.4667,333.0,Kita,2004,11,27.8,,,0.0
13.0667,-9.4667,333.0,Kita,2004,12,27.4,35.7,19.8,0.0
13.0667,-9.4667,333.0,Kita,2005,1,25.7,,,0.0
13.0667,-9.4667,333.0,Kita,2005,2,29.5,,,0.5
13.0667,-9.4667,333.0,Kita,2005,4,34.4,,,2.0
13.0667,-9.4667,333.0,Kita,2005,6,29.7,,,109.0
13.0667,-9.4667,333.0,Kita,2005,7,26.9,32.0,23.5,104.0
13.0667,-9.4667,333.0,Kita,2005,9,,,,122.0
13.0667,-9.4667,333.0,Kita,2005,10,28.1,,,23.0
13.0667,-9.4667,333.0,Kita,2005,12,27.3,,,0.0
13.0667,-9.4667,333.0,Kita,2006,3,31.3,,,
13.0667,-9.4667,333.0,Kita,2006,4,33.4,,,10.0
13.0667,-9.4667,333.0,Kita,2006,5,31.9,,,41.0
13.0667,-9.4667,333.0,Kita,2006,6,29.4,,,84.0
13.0667,-9.4667,333.0,Kita,2006,7,28.1,,,102.0
13.0667,-9.4667,333.0,Kita,2006,9,27.3,32.7,21.9,121.0
13.0667,-9.4667,333.0,Kita,2006,10,28.3,,,45.0
13.0667,-9.4667,333.0,Kita,2006,11,27.1,,,0.0
13.0667,-9.4667,333.0,Kita,2006,12,24.8,,,0.0
13.0667,-9.4667,333.0,Kita,2007,2,29.1,,,
13.0667,-9.4667,333.0,Kita,2007,3,31.4,,,0.5
13.0667,-9.4667,333.0,Kita,2007,4,34.5,,,1.0
13.0667,-9.4667,333.0,Kita,2007,6,,,,8.0
13.0667,-9.4667,333.0,Kita,2007,8,,,,330.0
13.0667,-9.4667,333.0,Kita,2008,9,26.5,32.2,22.6,165.0
13.0667,-9.4667,333.0,Kita,2008,10,28.7,,,37.0
13.0667,-9.4667,333.0,Kita,2008,11,27.3,37.0,19.3,0.0
13.0667,-9.4667,333.0,Kita,2008,12,25.9,34.7,18.9,1.0
13.0667,-9.4667,333.0,Kita,2009,1,24.2,31.5,16.7,0.0
13.0667,-9.4667,333.0,Kita,2009,6,29.7,36.1,24.6,129.0
13.0667,-9.4667,333.0,Kita,2009,7,27.3,32.2,23.1,171.0
13.0667,-9.4667,333.0,Kita,2009,8,26.6,31.2,22.6,240.0
13.0667,-9.4667,333.0,Kita,2009,9,26.8,,,274.0
13.0667,-9.4667,333.0,Kita,2009,10,27.5,34.4,22.3,80.0
13.0667,-9.4667,333.0,Kita,2009,11,26.5,34.8,18.7,1.0
13.0667,-9.4667,333.0,Kita,2009,12,26.4,35.3,17.5,0.0
13.0667,-9.4667,333.0,Kita,2010,1,26.8,35.7,,0.0
13.0667,-9.4667,333.0,Kita,2010,2,30.9,39.2,23.9,0.0
13.0667,-9.4667,333.0,Kita,2010,3,33.1,40.6,25.5,0.0
13.0667,-9.4667,333.0,Kita,2010,4,34.9,,,0.0
13.0667,-9.4667,333.0,Kita,2010,5,33.7,40.3,27.9,24.0
13.0667,-9.4667,333.0,Kita,2010,6,29.9,35.7,24.8,115.0
13.0667,-9.4667,333.0,Kita,2010,7,28.0,32.4,24.0,114.0
13.0667,-9.4667,333.0,Kita,2010,8,26.6,31.4,22.8,231.0
13.0667,-9.4667,333.0,Kita,2010,9,26.7,32.2,22.9,260.0
13.0667,-9.4667,333.0,Kita,2010,10,28.3,34.8,23.2,56.0
13.0667,-9.4667,333.0,Kita,2010,11,28.4,,,0.5
13.0667,-9.4667,333.0,Kita,2010,12,26.5,34.3,17.0,0.0
13.0667,-9.4667,333.0,Kita,2011,1,26.6,35.0,18.7,0.0
13.0667,-9.4667,333.0,Kita,2011,2,27.8,35.0,21.0,0.0
13.0667,-9.4667,333.0,Kita,2011,3,32.8,40.5,25.1,0.5
13.0667,-9.4667,333.0,Kita,2011,4,34.0,41.2,26.6,10.0
13.0667,-9.4667,333.0,Kita,2011,5,33.8,40.2,27.8,19.0
13.0667,-9.4667,333.0,Kita,2011,6,30.9,37.1,,99.0
13.0667,-9.4667,333.0,Kita,2011,7,28.0,33.2,23.5,265.0
13.0667,-9.4667,333.0,Kita,2011,8,26.7,31.3,,275.0
13.0667,-9.4667,333.0,Kita,2011,9,27.6,33.6,23.2,107.0
13.0667,-9.4667,333.0,Kita,2011,10,28.8,36.0,22.8,7.0
13.0667,-9.4667,333.0,Kita,2011,11,28.5,38.0,19.4,0.0
13.0667,-9.4667,333.0,Kita,2011,12,25.4,34.3,17.0,0.0
13.0667,-9.4667,333.0,Kita,2012,1,25.4,33.6,18.0,0.0
13.0667,-9.4667,333.0,Kita,2012,2,27.9,35.7,20.8,
13.0667,-9.4667,333.0,Kita,2012,5,33.3,40.9,26.6,34.0
13.0667,-9.4667,333.0,Kita,2012,6,29.8,35.5,24.5,97.0
13.0667,-9.4667,333.0,Kita,2012,7,26.6,31.1,22.8,302.0
13.0667,-9.4667,333.0,Kita,2012,8,26.5,31.2,22.6,305.0
13.0667,-9.4667,333.0,Kita,2012,11,28.7,,,5.0
13.0667,-9.4667,333.0,Kita,2012,12,25.9,,,
13.0667,-9.4667,333.0,Kita,2013,6,31.5,37.8,25.3,92.0
13.0667,-9.4667,333.0,Kita,2013,8,26.5,31.0,22.3,422.0
13.0667,-9.4667,333.0,Kita,2013,9,27.3,32.8,22.5,326.0
13.0667,-9.4667,333.0,Kita,2013,10,27.3,33.7,21.9,126.0
13.0667,-9.4667,333.0,Kita,2013,11,27.0,35.5,18.5,0.0
13.0667,-9.4667,333.0,Kita,2013,12,25.3,33.4,17.3,0.0
13.0667,-9.4667,333.0,Kita,2014,1,27.1,35.2,18.5,0.0
13.0667,-9.4667,333.0,Kita,2014,2,27.4,35.1,18.9,0.0
13.0667,-9.4667,333.0,Kita,2014,3,31.1,39.2,22.2,0.0
13.0667,-9.4667,333.0,Kita,2014,5,32.3,38.6,26.7,80.0
13.0667,-9.4667,333.0,Kita,2014,6,29.3,34.7,25.4,214.0
13.0667,-9.4667,333.0,Kita,2014,7,28.9,34.7,24.4,88.0
13.0667,-9.4667,333.0,Kita,2014,8,26.5,31.4,22.3,235.0
13.0667,-9.4667,333.0,Kita,2014,9,26.9,32.3,22.3,174.0
13.0667,-9.4667,333.0,Kita,2014,10,28.6,35.3,22.5,61.0
13.0667,-9.4667,333.0,Kita,2014,11,27.6,35.8,20.0,21.0
13.0667,-9.4667,333.0,Kita,2014,12,25.9,33.8,18.2,0.0
13.0667,-9.4667,333.0,Kita,2015,1,25.6,33.4,17.7,0.0
13.0667,-9.4667,333.0,Kita,2015,2,29.7,37.6,21.2,0.0
13.0667,-9.4667,333.0,Kita,2015,3,31.3,38.4,23.6,0.0
13.0667,-9.4667,333.0,Kita,2015,4,34.4,41.6,25.8,2.0
13.0667,-9.4667,333.0,Kita,2015,5,34.1,40.7,28.8,15.0
13.0667,-9.4667,333.0,Kita,2015,6,30.5,36.4,24.5,99.0
13.0667,-9.4667,333.0,Kita,2015,7,28.4,33.4,23.4,261.0
13.0667,-9.4667,333.0,Kita,2015,8,26.8,30.9,22.6,381.0
13.0667,-9.4667,333.0,Kita,2015,9,27.3,32.0,23.3,152.0
13.0667,-9.4667,333.0,Kita,2015,10,28.2,33.9,23.3,
13.0667,-9.4667,333.0,Kita,2015,11,27.0,34.9,19.5,0.0
13.0667,-9.4667,333.0,Kita,2015,12,24.3,32.1,16.9,0.0
13.0667,-9.4667,333.0,Kita,2016,1,26.3,33.1,19.3,7.0
13.0667,-9.4667,333.0,Kita,2016,2,28.4,36.3,19.9,0.0
13.0667,-9.4667,333.0,Kita,2016,3,32.0,39.4,23.6,0.0
13.0667,-9.4667,333.0,Kita,2016,4,34.9,41.3,27.0,26.0
13.0667,-9.4667,333.0,Kita,2016,5,34.4,40.4,27.5,31.0
13.0667,-9.4667,333.0,Kita,2016,6,30.8,36.3,25.2,103.0
13.0667,-9.4667,333.0,Kita,2016,7,27.5,32.0,23.1,222.0
13.0667,-9.4667,333.0,Kita,2016,8,26.7,31.4,22.7,253.0
13.0667,-9.4667,333.0,Kita,2016,9,27.4,32.8,22.8,241.0
13.0667,-9.4667,333.0,Kita,2016,10,28.8,35.5,23.0,53.0
13.0667,-9.4667,333.0,Kita,2016,11,27.7,36.3,19.8,3.0
13.0667,-9.4667,333.0,Kita,2016,12,26.4,34.4,19.3,0.0
13.0667,-9.4667,333.0,Kita,2017,1,26.0,34.3,18.1,0.0
13.0667,-9.4667,333.0,Kita,2017,2,29.8,37.7,21.5,0.0
13.0667,-9.4667,333.0,Kita,2017,3,33.6,41.0,25.6,0.0
13.0667,-9.4667,333.0,Kita,2017,4,34.2,41.1,25.8,13.0
13.0667,-9.4667,333.0,Kita,2017,5,32.3,38.2,26.3,70.0
13.0667,-9.4667,333.0,Kita,2017,6,30.4,36.0,25.2,135.0
13.0667,-9.4667,333.0,Kita,2017,7,27.6,32.4,22.8,175.0
13.0667,-9.4667,333.0,Kita,2017,8,27.2,31.9,23.5,155.0
13.0667,-9.4667,333.0,Kita,2017,9,27.8,33.2,23.0,112.0
13.0667,-9.4667,333.0,Kita,2017,10,29.1,37.2,21.7,14.0
13.0667,-9.4667,333.0,Kita,2017,11,28.4,37.3,19.8,0.0
13.0667,-9.4667,333.0,Kita,2017,12,25.8,33.4,19.0,0.0
13.0667,-9.4667,333.0,Kita,2018,1,26.4,34.3,19.0,0.0
13.0667,-9.4667,333.0,Kita,2018,2,29.0,35.9,22.4,0.0
13.0667,-9.4667,333.0,Kita,2018,3,33.5,40.5,26.3,0.0
13.0667,-9.4667,333.0,Kita,2018,4,34.4,40.9,27.6,13.0
13.0667,-9.4667,333.0,Kita,2018,5,34.2,41.0,27.1,44.0
13.0667,-9.4667,333.0,Kita,2018,6,31.1,36.6,25.8,124.0
13.0667,-9.4667,333.0,Kita,2018,7,27.7,32.3,23.7,172.0
13.0667,-9.4667,333.0,Kita,2018,8,26.5,31.0,22.9,367.0
13.0667,-9.4667,333.0,Kita,2018,9,27.0,31.8,23.0,273.0
13.0667,-9.4667,333.0,Kita,2018,10,29.1,35.6,23.5,23.0
13.0667,-9.4667,333.0,Kita,2018,11,28.8,36.6,21.3,0.0
13.0667,-9.4667,333.0,Kita,2018,12,26.5,35.2,18.7,0.0
13.0667,-9.4667,333.0,Kita,2019,1,26.1,34.6,18.5,0.0
13.0667,-9.4667,333.0,Kita,2019,3,30.7,37.9,23.5,4.0
13.0667,-9.4667,333.0,Kita,2019,7,27.7,33.3,23.1,233.0
13.0667,-9.4667,333.0,Kita,2019,8,26.5,31.1,22.2,331.0
13.0667,-9.4667,333.0,Kita,2019,9,27.4,33.3,21.7,178.0
13.0667,-9.4667,333.0,Kita,2019,10,27.8,34.5,22.6,99.0
13.0667,-9.4667,333.0,Kita,2019,11,28.8,37.2,20.2,0.0
13.0667,-9.4667,333.0,Kita,2019,12,26.6,36.0,17.3,0.0
13.0667,-9.4667,333.0,Kita,2020,1,25.8,33.8,17.1,0.0
13.0667,-9.4667,333.0,Kita,2020,2,29.6,37.7,20.9,0.0
13.0667,-9.4667,333.0,Kita,2020,3,32.3,39.8,23.8,0.0
13.0667,-9.4667,333.0,Kita,2020,4,34.6,41.2,28.0,4.0
13.0667,-9.4667,333.0,Kita,2020,5,33.4,,,
13.0667,-9.4667,333.0,Kita,2020,6,29.9,35.9,24.4,150.0
13.0667,-9.4667,333.0,Kita,2020,7,27.3,32.0,23.0,216.0
13.0667,-9.4667,333.0,Kita,2020,8,26.8,31.1,22.6,233.0
13.0667,-9.4667,333.0,Kita,2020,9,26.5,31.9,21.9,252.0
13.0667,-9.4667,333.0,Kita,2020,10,27.8,35.0,21.0,20.0
13.0667,-9.4667,333.0,Kita,2020,11,27.1,35.7,18.7,0.0
13.0667,-9.4667,333.0,Kita,2020,12,27.6,36.1,19.8,0.0
13.0667,-9.4667,333.0,Kita,2021,1,27.3,36.1,19.2,0.0
13.0667,-9.4667,333.0,Kita,2021,2,29.4,37.3,21.6,0.5
13.0667,-9.4667,333.0,Kita,2021,3,32.0,39.3,24.4,0.5
13.0667,-9.4667,333.0,Kita,2021,4,34.3,42.0,27.4,0.5
13.0667,-9.4667,333.0,Kita,2021,5,33.4,39.9,27.7,75.0
13.0667,-9.4667,333.0,Kita,2021,6,30.6,36.8,24.4,100.0
13.0667,-9.4667,333.0,Kita,2021,7,27.3,32.8,23.1,214.0
13.0667,-9.4667,333.0,Kita,2021,8,26.0,31.4,22.2,369.0
13.0667,-9.4667,333.0,Kita,2021,9,26.8,32.9,22.2,221.0
13.0667,-9.4667,333.0,Kita,2021,10,27.9,34.3,23.2,51.0
13.0667,-9.4667,333.0,Kita,2021,11,28.5,36.2,21.3,0.0
13.0667,-9.4667,333.0,Kita,2021,12,27.0,35.1,19.7,0.0
13.0667,-9.4667,333.0,Kita,2022,1,26.4,34.1,19.0,0.0
13.0667,-9.4667,333.0,Kita,2022,2,28.4,36.4,20.6,0.0
13.0667,-9.4667,333.0,Kita,2022,3,32.0,38.9,24.9,7.0
13.0667,-9.4667,333.0,Kita,2022,4,34.3,41.1,27.2,20.0
13.0667,-9.4667,333.0,Kita,2022,5,33.0,39.8,26.6,27.0
13.0667,-9.4667,333.0,Kita,2022,6,28.7,35.2,23.7,153.0
13.0667,-9.4667,333.0,Kita,2022,7,26.7,31.9,23.0,224.0
13.0667,-9.4667,333.0,Kita,2022,8,25.8,30.7,22.3,344.0
13.0667,-9.4667,333.0,Kita,2022,9,26.5,32.1,22.3,184.0
13.0667,-9.4667,333.0,Kita,2022,10,27.6,34.0,22.2,34.0
13.0667,-9.4667,333.0,Kita,2022,11,26.6,34.9,19.0,1.0
13.0667,-9.4667,333.0,Kita,2022,12,26.2,33.8,19.1,0.0
13.0667,-9.4667,333.0,Kita,2023,1,26.6,34.6,18.7,0.0
13.0667,-9.4667,333.0,Kita,2023,2,29.9,37.7,22.4,0.0
13.0667,-9.4667,333.0,Kita,2023,3,32.2,39.6,24.2,1.0
13.0667,-9.4667,333.0,Kita,2023,4,33.7,40.8,26.2,0.0
13.0667,-9.4667,333.0,Kita,2023,5,32.2,39.2,26.3,84.0
13.0667,-9.4667,333.0,Kita,2023,6,30.5,37.4,25.6,113.0
13.0667,-9.4667,333.0,Kita,2023,7,27.4,33.5,23.5,247.0
13.0667,-9.4667,333.0,Kita,2023,8,26.6,30.9,22.3,221.8
13.0667,-9.4667,333.0,Kita,2023,9,27.1,33.0,22.9,293.0
13.0667,-9.4667,333.0,Kita,2023,10,28.2,35.0,23.4,46.0
13.0667,-9.4667,333.0,Kita,2023,11,27.7,36.2,20.0,0.0
13.0667,-9.4667,333.0,Kita,2023,12,26.0,34.4,18.4,0.0
13.0667,-9.4667,333.0,Kita,2024,1,27.3,36.0,19.0,0.0
13.0667,-9.4667,333.0,Kita,2024,2,29.5,37.7,21.4,0.0
13.0667,-9.4667,333.0,Kita,2024,3,33.7,40.8,26.4,1.0
13.0667,-9.4667,333.0,Kita,2024,4,35.4,42.0,28.5,0.0
13.0667,-9.4667,333.0,Kita,2024,5,34.6,41.5,28.5,47.0
13.0667,-9.4667,333.0,Kita,2024,6,31.0,37.1,25.4,164.0
13.0667,-9.4667,333.0,Kita,2024,7,27.3,31.8,23.6,410.0
13.0667,-9.4667,333.0,Kita,2024,8,26.9,31.3,23.4,246.0
13.0667,-9.4667,333.0,Kita,2024,9,26.7,31.8,23.2,171.0
13.0667,-9.4667,333.0,Kita,2024,10,27.7,34.0,22.7,77.0
13.0667,-9.4667,333.0,Kita,2024,11,27.3,35.4,19.4,0.0
13.0667,-9.4667,333.0,Kita,2024,12,25.8,34.0,18.1,0.0
13.0667,-9.4667,333.0,Kita,2025,1,26.0,33.8,18.7,0.0
13.0667,-9.4667,333.0,Kita,2025,2,28.3,35.3,21.4,0.0
13.0667,-9.4667,333.0,Kita,2025,3,33.6,40.2,27.2,0.0
13.0667,-9.4667,333.0,Kita,2025,4,34.2,40.8,27.9,11.0
13.0667,-9.4667,333.0,Kita,2025,5,32.7,39.2,27.5,29.0
13.0667,-9.4667,333.0,Kita,2025,6,29.6,36.2,24.6,117.0
13.0667,-9.4667,333.0,Kita,2025,7,27.2,30.9,22.3,262.4
13.4,-6.15,288.0,Segou,1994,1,22.4,,,0.0
13.4,-6.15,288.0,Segou,1994,2,,,,0.0
13.4,-6.15,288.0,Segou,1994,3,30.1,,,0.0
13.4,-6.15,288.0,Segou,1994,4,31.9,,,0.5
13.4,-6.15,288.0,Segou,1994,5,31.1,,,72.0
13.4,-6.15,288.0,Segou,1994,6,30.0,,,109.0
13.4,-6.15,288.0,Segou,1994,7,27.2,,,337.0
13.4,-6.15,288.0,Segou,1994,8,25.9,,,254.0
13.4,-6.15,288.0,Segou,1994,9,26.3,,,104.0
13.4,-6.15,288.0,Segou,1994,10,27.0,,,25.0
13.4,-6.15,288.0,Segou,1994,11,27.2,,,0.0
13.4,-6.15,288.0,Segou,1994,12,23.7,,,0.0
13.4,-6.15,288.0,Segou,1995,1,21.7,,,0.0
13.4,-6.15,288.0,Segou,1995,2,25.7,,,0.0
13.4,-6.15,288.0,Segou,1995,3,30.0,,,4.0
13.4,-6.15,288.0,Segou,1995,4,32.9,,,10.0
13.4,-6.15,288.0,Segou,1995,5,32.0,,,41.0
13.4,-6.15,288.0,Segou,1995,6,32.4,,,108.0
13.4,-6.15,288.0,Segou,1995,7,28.3,,,214.0
13.4,-6.15,288.0,Segou,1995,8,26.9,,,152.0
13.4,-6.15,288.0,Segou,1995,10,28.7,,,2.0
13.4,-6.15,288.0,Segou,1995,11,27.8,,,0.0
13.4,-6.15,288.0,Segou,1995,12,24.9,,,0.0
13.4,-6.15,288.0,Segou,1996,1,26.5,,,0.0
13.4,-6.15,288.0,Segou,1996,2,28.6,,,0.0
13.4,-6.15,288.0,Segou,1996,3,30.9,,,0.0
13.4,-6.15,288.0,Segou,1996,4,32.2,,,16.0
13.4,-6.15,288.0,Segou,1996,5,31.9,,,9.0
13.4,-6.15,288.0,Segou,1996,7,29.0,,,132.0
13.4,-6.15,288.0,Segou,1996,8,26.9,,,118.0
13.4,-6.15,288.0,Segou,1996,9,27.1,,,242.0
13.4,-6.15,288.0,Segou,1996,10,28.5,,,26.0
13.4,-6.15,288.0,Segou,1996,11,27.0,,,0.0
13.4,-6.15,288.0,Segou,1996,12,25.5,,,0.0
13.4,-6.15,288.0,Segou,1997,1,26.4,,,0.0
13.4,-6.15,288.0,Segou,1997,2,28.5,,,0.0
13.4,-6.15,288.0,Segou,1997,3,28.4,,,0.0
13.4,-6.15,288.0,Segou,1997,4,32.2,,,4.0
13.4,-6.15,288.0,Segou,1997,5,32.4,39.7,26.6,42.0
13.4,-6.15,288.0,Segou,1997,6,29.5,35.8,24.8,138.0
13.4,-6.15,288.0,Segou,1997,9,25.8,33.4,23.6,92.0
13.4,-6.15,288.0,Segou,1997,10,,,,18.0
13.4,-6.15,288.0,Segou,1998,2,29.3,39.0,21.7,0.0
13.4,-6.15,288.0,Segou,1998,3,30.6,39.6,22.2,0.0
13.4,-6.15,288.0,Segou,1998,4,34.9,42.9,27.9,5.0
13.4,-6.15,288.0,Segou,1998,5,32.6,39.5,27.1,97.0
13.4,-6.15,288.0,Segou,1998,7,29.4,35.7,25.1,51.0
13.4,-6.15,288.0,Segou,1998,8,27.3,32.6,24.5,190.0
13.4,-6.15,288.0,Segou,1998,9,27.5,32.9,23.9,144.0
13.4,-6.15,288.0,Segou,1998,10,29.9,37.8,24.2,16.0
13.4,-6.15,288.0,Segou,1998,11,27.9,38.2,20.3,0.0
13.4,-6.15,288.0,Segou,1998,12,24.9,33.0,17.5,0.0
13.4,-6.15,288.0,Segou,1999,1,23.9,33.5,17.3,0.0
13.4,-6.15,288.0,Segou,1999,2,24.5,34.2,16.5,0.0
13.4,-6.15,288.0,Segou,1999,3,30.5,36.4,22.8,0.0
13.4,-6.15,288.0,Segou,1999,5,33.9,,,80.0
13.4,-6.15,288.0,Segou,1999,8,25.9,30.2,23.1,369.0
13.4,-6.15,288.0,Segou,1999,9,26.4,31.5,22.8,158.0
13.4,-6.15,288.0,Segou,1999,10,,,,176.0
13.4,-6.15,288.0,Segou,1999,11,26.7,36.7,21.2,3.0
13.4,-6.15,288.0,Segou,1999,12,24.6,35.8,17.6,0.0
13.4,-6.15,288.0,Segou,2000,1,26.6,37.4,19.9,0.0
13.4,-6.15,288.0,Segou,2000,2,25.0,35.6,17.9,0.0
13.4,-6.15,288.0,Segou,2000,3,30.3,40.7,22.2,0.0
13.4,-6.15,288.0,Segou,2000,5,32.2,39.7,25.9,89.0
13.4,-6.15,288.0,Segou,2000,6,30.0,35.5,24.7,67.0
13.4,-6.15,288.0,Segou,2000,7,27.9,31.9,23.4,204.0
13.4,-6.15,288.0,Segou,2000,9,27.9,34.1,23.1,68.0
13.4,-6.15,288.0,Segou,2000,10,28.6,37.2,22.3,18.0
13.4,-6.15,288.0,Segou,2000,12,24.6,35.6,17.1,0.0
13.4,-6.15,288.0,Segou,2001,1,24.8,35.5,17.1,0.0
13.4,-6.15,288.0,Segou,2001,2,25.9,36.2,18.2,0.0
13.4,-6.15,288.0,Segou,2001,3,31.1,41.5,22.5,0.0
13.4,-6.15,288.0,Segou,2001,4,33.0,42.3,25.8,16.0
13.4,-6.15,288.0,Segou,2001,6,29.5,35.8,24.8,136.0
13.4,-6.15,288.0,Segou,2001,7,27.3,32.6,23.4,281.0
13.4,-6.15,288.0,Segou,2001,8,26.9,30.3,21.5,128.0
13.4,-6.15,288.0,Segou,2001,12,26.7,,,
13.4,-6.15,288.0,Segou,2002,1,25.2,34.0,,0.5
13.4,-6.15,288.0,Segou,2002,2,26.6,36.0,,0.0
13.4,-6.15,288.0,Segou,2002,3,31.2,40.3,24.0,0.5
13.4,-6.15,288.0,Segou,2002,4,33.1,41.2,26.8,0.0
13.4,-6.15,288.0,Segou,2002,5,33.8,41.2,28.3,24.0
13.4,-6.15,288.0,Segou,2002,6,31.5,38.6,26.5,64.0
13.4,-6.15,288.0,Segou,2002,7,29.0,35.0,24.7,99.0
13.4,-6.15,288.0,Segou,2002,8,27.4,,,163.0
13.4,-6.15,288.0,Segou,2002,9,28.7,35.5,24.2,89.0
13.4,-6.15,288.0,Segou,2002,10,29.2,36.7,24.0,95.0
13.4,-6.15,288.0,Segou,2002,11,28.1,37.8,20.7,0.0
13.4,-6.15,288.0,Segou,2002,12,25.5,34.7,19.0,0.0
13.4,-6.15,288.0,Segou,2003,4,34.1,42.3,27.5,0.0
13.4,-6.15,288.0,Segou,2003,5,34.1,41.9,28.5,19.0
13.4,-6.15,288.0,Segou,2003,6,30.3,36.8,25.8,83.0
13.4,-6.15,288.0,Segou,2003,8,26.5,31.1,23.0,188.0
13.4,-6.15,288.0,Segou,2003,9,27.0,32.6,23.3,135.0
13.4,-6.15,288.0,Segou,2003,10,29.6,37.5,24.4,8.0
13.4,-6.15,288.0,Segou,2003,11,28.3,37.4,22.0,0.0
13.4,-6.15,288.0,Segou,2003,12,24.4,34.1,17.3,0.0
13.4,-6.15,288.0,Segou,2004,1,24.3,33.1,18.3,1.0
13.4,-6.15,288.0,Segou,2004,2,28.3,37.7,20.8,0.0
13.4,-6.15,288.0,Segou,2004,3,30.8,39.5,,0.0
13.4,-6.15,288.0,Segou,2004,4,33.0,40.6,27.4,19.0
13.4,-6.15,288.0,Segou,2004,5,34.2,42.3,,4.0
13.4,-6.15,288.0,Segou,2004,7,27.3,32.7,23.5,194.0
13.4,-6.15,288.0,Segou,2005,2,28.5,37.2,22.4,0.0
13.4,-6.15,288.0,Segou,2005,5,33.6,42.4,27.8,10.0
13.4,-6.15,288.0,Segou,2005,6,30.7,,,62.0
13.4,-6.15,288.0,Segou,2005,7,28.1,34.9,24.1,124.0
13.4,-6.15,288.0,Segou,2005,8,27.2,33.7,23.1,223.0
13.4,-6.15,288.0,Segou,2005,9,27.9,34.8,23.7,90.0
13.4,-6.15,288.0,Segou,2005,10,29.2,38.6,,22.0
13.4,-6.15,288.0,Segou,2005,11,28.1,,,0.0
13.4,-6.15,288.0,Segou,2005,12,26.4,,,0.0
13.4,-6.15,288.0,Segou,2006,2,26.2,36.1,19.3,0.0
13.4,-6.15,288.0,Segou,2006,3,30.8,,,
13.4,-6.15,288.0,Segou,2006,4,33.2,,,0.5
13.4,-6.15,288.0,Segou,2006,5,32.8,41.6,26.8,44.0
13.4,-6.15,288.0,Segou,2006,6,31.4,39.5,,15.0
13.4,-6.15,288.0,Segou,2006,7,29.7,,,131.0
13.4,-6.15,288.0,Segou,2006,8,27.1,,,295.0
13.4,-6.15,288.0,Segou,2006,9,27.3,33.8,23.2,130.0
13.4,-6.15,288.0,Segou,2006,10,29.1,37.4,24.1,25.0
13.4,-6.15,288.0,Segou,2006,11,27.5,38.3,,0.0
13.4,-6.15,288.0,Segou,2006,12,23.4,33.9,,0.0
13.4,-6.15,288.0,Segou,2007,1,24.1,35.5,,0.0
13.4,-6.15,288.0,Segou,2007,2,27.0,,,0.0
13.4,-6.15,288.0,Segou,2007,3,30.6,,,0.0
13.4,-6.15,288.0,Segou,2007,4,33.6,,,3.0
13.4,-6.15,288.0,Segou,2007,5,34.1,,,3.0
13.4,-6.15,288.0,Segou,2007,6,33.2,41.0,27.6,21.0
13.4,-6.15,288.0,Segou,2007,7,29.0,,,150.0
13.4,-6.15,288.0,Segou,2007,8,26.9,,,251.0
13.4,-6.15,288.0,Segou,2007,9,28.3,34.8,24.0,31.0
13.4,-6.15,288.0,Segou,2007,10,29.6,38.1,24.0,16.0
13.4,-6.15,288.0,Segou,2007,11,27.5,,,0.0
13.4,-6.15,288.0,Segou,2007,12,24.3,33.8,17.4,0.0
13.4,-6.15,288.0,Segou,2008,1,21.9,31.2,14.8,0.0
13.4,-6.15,288.0,Segou,2008,2,27.8,38.4,19.6,0.0
13.4,-6.15,288.0,Segou,2008,3,31.1,41.2,23.4,0.0
13.4,-6.15,288.0,Segou,2008,4,32.8,42.1,25.8,7.0
13.4,-6.15,288.0,Segou,2009,6,31.3,38.1,26.4,52.0
13.4,-6.15,288.0,Segou,2009,8,27.0,,,
13.4,-6.15,288.0,Segou,2009,9,27.0,32.1,23.5,166.0
13.4,-6.15,288.0,Segou,2009,10,28.8,36.9,23.8,10.0
13.4,-6.15,288.0,Segou,2009,11,26.3,35.7,19.8,18.0
13.4,-6.15,288.0,Segou,2009,12,25.8,36.1,18.3,0.0
13.4,-6.15,288.0,Segou,2010,1,25.2,36.0,17.1,0.0
13.4,-6.15,288.0,Segou,2010,2,29.5,39.6,,0.0
13.4,-6.15,288.0,Segou,2010,3,31.7,41.1,24.5,0.0
13.4,-6.15,288.0,Segou,2010,4,34.3,,,
13.4,-6.15,288.0,Segou,2010,5,33.3,40.6,28.0,32.0
13.4,-6.15,288.0,Segou,2010,6,31.1,36.8,26.6,165.0
13.4,-6.15,288.0,Segou,2010,7,28.1,32.8,24.4,209.0
13.4,-6.15,288.0,Segou,2010,8,26.7,31.9,23.3,304.0
13.4,-6.15,288.0,Segou,2010,9,26.5,31.8,,139.0
13.4,-6.15,288.0,Segou,2010,10,28.1,35.3,23.6,43.0
13.4,-6.15,288.0,Segou,2010,11,27.2,,,3.0
13.4,-6.15,288.0,Segou,2010,12,25.2,36.9,16.4,0.0
13.4,-6.15,288.0,Segou,2011,1,24.8,35.1,17.0,0.0
13.4,-6.15,288.0,Segou,2011,2,25.3,34.8,18.4,0.0
13.4,-6.15,288.0,Segou,2011,3,31.5,41.1,24.2,2.0
13.4,-6.15,288.0,Segou,2011,4,32.3,41.2,25.5,0.0
13.4,-6.15,288.0,Segou,2011,5,32.9,40.5,27.1,40.0
13.4,-6.15,288.0,Segou,2011,6,30.9,37.6,,93.0
13.4,-6.15,288.0,Segou,2011,7,27.7,,,214.0
13.4,-6.15,288.0,Segou,2011,8,26.9,32.0,,307.0
13.4,-6.15,288.0,Segou,2011,9,27.9,33.7,23.6,58.0
13.4,-6.15,288.0,Segou,2011,10,29.4,36.4,23.6,0.0
13.4,-6.15,288.0,Segou,2011,11,28.0,39.2,20.0,0.0
13.4,-6.15,288.0,Segou,2011,12,23.5,33.6,15.9,0.0
13.4,-6.15,288.0,Segou,2012,1,22.9,32.5,15.8,0.0
13.4,-6.15,288.0,Segou,2012,2,25.8,34.8,19.2,0.0
13.4,-6.15,288.0,Segou,2012,4,32.7,40.3,27.0,10.0
13.4,-6.15,288.0,Segou,2012,5,33.1,40.5,29.1,66.0
13.4,-6.15,288.0,Segou,2012,6,30.1,36.2,25.2,120.0
13.4,-6.15,288.0,Segou,2012,7,27.6,32.4,23.9,195.0
13.4,-6.15,288.0,Segou,2012,8,26.4,31.4,23.5,287.0
13.4,-6.15,288.0,Segou,2012,11,29.0,,,
13.4,-6.15,288.0,Segou,2012,12,25.1,,,
13.4,-6.15,288.0,Segou,2013,6,31.5,37.5,26.5,56.0
13.4,-6.15,288.0,Segou,2013,8,26.7,32.0,23.3,229.0
13.4,-6.15,288.0,Segou,2013,9,28.1,33.5,23.8,73.0
13.4,-6.15,288.0,Segou,2013,10,28.9,36.0,23.5,18.0
13.4,-6.15,288.0,Segou,2013,11,27.8,36.7,20.3,0.0
13.4,-6.15,288.0,Segou,2013,12,23.9,32.2,17.2,0.0
13.4,-6.15,288.0,Segou,2014,1,25.6,34.2,18.7,0.0
13.4,-6.15,288.0,Segou,2014,2,25.8,38.1,18.8,0.0
13.4,-6.15,288.0,Segou,2014,3,29.4,36.8,21.8,0.0
13.4,-6.15,288.0,Segou,2014,5,32.6,39.5,27.7,48.0
13.4,-6.15,288.0,Segou,2014,6,30.6,36.7,26.6,110.0
13.4,-6.15,288.0,Segou,2014,7,28.4,34.2,24.8,108.0
13.4,-6.15,288.0,Segou,2014,8,27.2,32.5,23.2,157.0
13.4,-6.15,288.0,Segou,2014,9,27.7,33.7,23.1,61.0
13.4,-6.15,288.0,Segou,2014,10,29.6,37.5,23.7,5.0
13.4,-6.15,288.0,Segou,2014,11,28.3,36.9,21.4,0.5
13.4,-6.15,288.0,Segou,2014,12,24.6,32.8,18.1,0.0
13.4,-6.15,288.0,Segou,2015,1,23.7,31.8,16.1,0.0
13.4,-6.15,288.0,Segou,2015,2,27.7,36.7,19.9,0.0
13.4,-6.15,288.0,Segou,2015,3,29.6,37.8,22.9,0.0
13.4,-6.15,288.0,Segou,2015,4,33.3,42.0,25.7,0.0
13.4,-6.15,288.0,Segou,2015,5,34.2,41.5,29.1,25.0
13.4,-6.15,288.0,Segou,2015,6,31.4,38.0,26.2,113.0
13.4,-6.15,288.0,Segou,2015,7,28.5,34.9,24.3,139.0
13.4,-6.15,288.0,Segou,2015,8,26.9,32.2,23.3,162.0
13.4,-6.15,288.0,Segou,2015,9,27.3,32.9,23.7,124.0
13.4,-6.15,288.0,Segou,2015,10,29.4,35.7,24.6,41.0
13.4,-6.15,288.0,Segou,2015,11,27.5,35.9,20.9,0.0
13.4,-6.15,288.0,Segou,2015,12,23.6,31.6,17.3,0.0
13.4,-6.15,288.0,Segou,2016,1,24.8,32.3,18.8,11.0
13.4,-6.15,288.0,Segou,2016,2,26.5,35.4,18.8,0.0
13.4,-6.15,288.0,Segou,2016,3,30.2,38.9,22.6,0.0
13.4,-6.15,288.0,Segou,2016,4,34.5,42.3,28.0,0.0
13.4,-6.15,288.0,Segou,2016,5,34.5,41.6,29.2,6.0
13.4,-6.15,288.0,Segou,2016,6,31.6,38.2,26.8,133.0
13.4,-6.15,288.0,Segou,2016,7,28.1,32.9,24.4,198.0
13.4,-6.15,288.0,Segou,2016,8,27.1,31.9,23.5,247.0
13.4,-6.15,288.0,Segou,2016,9,28.1,34.0,24.3,56.0
13.4,-6.15,288.0,Segou,2016,10,29.8,37.5,24.2,12.0
13.4,-6.15,288.0,Segou,2016,11,28.0,36.9,21.2,0.5
13.4,-6.15,288.0,Segou,2016,12,25.3,33.5,19.0,0.0
13.4,-6.15,288.0,Segou,2017,1,23.6,32.6,16.6,0.0
13.4,-6.15,288.0,Segou,2017,2,28.4,37.5,22.0,0.0
13.4,-6.15,288.0,Segou,2017,3,32.5,41.3,25.4,0.5
13.4,-6.15,288.0,Segou,2017,4,33.3,41.2,26.8,0.5
13.4,-6.15,288.0,Segou,2017,5,33.0,40.0,27.5,27.0
13.4,-6.15,288.0,Segou,2017,6,31.3,37.6,26.6,47.0
13.4,-6.15,288.0,Segou,2017,7,28.6,33.5,24.2,188.0
13.4,-6.15,288.0,Segou,2017,8,27.2,32.0,24.3,217.0
13.4,-6.15,288.0,Segou,2017,9,27.8,33.6,23.7,141.0
13.4,-6.15,288.0,Segou,2017,10,29.5,37.9,22.9,0.0
13.4,-6.15,288.0,Segou,2017,11,26.8,36.5,19.4,0.0
13.4,-6.15,288.0,Segou,2017,12,23.6,31.9,17.4,0.0
13.4,-6.15,288.0,Segou,2018,1,23.9,32.9,17.1,0.0
13.4,-6.15,288.0,Segou,2018,2,27.2,35.6,20.6,4.0
13.4,-6.15,288.0,Segou,2018,3,31.3,40.4,23.9,9.0
13.4,-6.15,288.0,Segou,2018,4,33.1,41.3,26.4,0.0
13.4,-6.15,288.0,Segou,2018,5,33.2,40.9,27.1,10.0
13.4,-6.15,288.0,Segou,2018,6,31.7,37.8,26.2,119.0
13.4,-6.15,288.0,Segou,2018,7,28.3,33.8,24.0,98.0
13.4,-6.15,288.0,Segou,2018,8,26.8,32.2,23.3,255.0
13.4,-6.15,288.0,Segou,2018,9,27.4,32.9,23.4,180.0
13.4,-6.15,288.0,Segou,2018,10,28.9,36.9,23.7,0.0
13.4,-6.15,288.0,Segou,2018,11,28.2,37.3,21.2,0.0
13.4,-6.15,288.0,Segou,2018,12,25.2,34.1,18.1,0.0
13.4,-6.15,288.0,Segou,2019,1,23.7,33.3,15.7,0.0
13.4,-6.15,288.0,Segou,2019,3,29.2,37.9,22.5,0.0
13.4,-6.15,288.0,Segou,2019,7,28.4,34.4,24.1,220.0
13.4,-6.15,288.0,Segou,2019,8,27.5,32.4,23.5,288.0
13.4,-6.15,288.0,Segou,2019,9,27.8,33.7,23.4,170.0
13.4,-6.15,288.0,Segou,2019,10,29.3,36.4,24.4,10.0
13.4,-6.15,288.0,Segou,2019,11,28.1,37.4,21.2,0.0
13.4,-6.15,288.0,Segou,2019,12,25.2,35.7,17.2,0.0
13.4,-6.15,288.0,Segou,2020,1,23.8,32.9,16.5,0.0
13.4,-6.15,288.0,Segou,2020,2,27.7,36.9,19.7,0.0
13.4,-6.15,288.0,Segou,2020,3,30.7,40.0,22.9,0.0
13.4,-6.15,288.0,Segou,2020,4,33.3,41.4,26.4,30.0
13.4,-6.15,288.0,Segou,2020,5,33.2,,,
13.4,-6.15,288.0,Segou,2020,6,31.1,37.9,26.5,105.0
13.4,-6.15,288.0,Segou,2020,7,28.5,33.9,24.2,207.0
13.4,-6.15,288.0,Segou,2020,8,26.9,32.0,23.0,313.0
13.4,-6.15,288.0,Segou,2020,9,27.3,33.1,23.1,121.0
13.4,-6.15,288.0,Segou,2020,10,28.1,36.4,22.4,18.0
13.4,-6.15,288.0,Segou,2020,11,26.8,36.3,19.1,0.0
13.4,-6.15,288.0,Segou,2020,12,26.1,36.2,18.3,0.0
13.4,-6.15,288.0,Segou,2021,1,25.7,36.1,17.3,0.0
13.4,-6.15,288.0,Segou,2021,2,27.7,37.5,19.7,0.0
13.4,-6.15,288.0,Segou,2021,3,30.7,39.9,23.3,0.0
13.4,-6.15,288.0,Segou,2021,4,33.7,42.9,26.7,5.0
13.4,-6.15,288.0,Segou,2021,5,34.3,41.7,28.6,21.0
13.4,-6.15,288.0,Segou,2021,6,31.0,37.9,25.2,117.0
13.4,-6.15,288.0,Segou,2021,7,28.6,34.1,24.2,131.0
13.4,-6.15,288.0,Segou,2021,8,27.3,32.6,23.2,133.0
13.4,-6.15,288.0,Segou,2021,9,28.3,34.2,23.6,104.0
13.4,-6.15,288.0,Segou,2021,10,30.1,37.3,24.8,15.0
13.4,-6.15,288.0,Segou,2021,11,29.1,37.3,22.4,0.0
13.4,-6.15,288.0,Segou,2021,12,26.5,35.1,19.2,0.0
13.4,-6.15,288.0,Segou,2022,1,24.7,33.0,17.3,0.0
13.4,-6.15,288.0,Segou,2022,2,26.8,35.9,19.7,0.0
13.4,-6.15,288.0,Segou,2022,3,31.3,39.0,24.7,0.0
13.4,-6.15,288.0,Segou,2022,4,33.4,41.1,26.5,0.0
13.4,-6.15,288.0,Segou,2022,5,33.8,41.2,27.7,5.0
13.4,-6.15,288.0,Segou,2022,6,30.9,37.6,25.7,58.0
13.4,-6.15,288.0,Segou,2022,7,28.0,33.4,23.3,244.0
13.4,-6.15,288.0,Segou,2022,8,26.7,31.3,22.3,313.0
13.4,-6.15,288.0,Segou,2022,9,27.0,32.5,22.8,264.0
13.4,-6.15,288.0,Segou,2022,10,28.2,34.9,22.7,60.0
13.4,-6.15,288.0,Segou,2022,11,26.6,35.0,19.6,1.0
13.4,-6.15,288.0,Segou,2022,12,25.6,33.6,18.5,0.0
13.4,-6.15,288.0,Segou,2023,1,24.7,33.2,17.3,0.0
13.4,-6.15,288.0,Segou,2023,2,27.8,36.6,20.7,0.0
13.4,-6.15,288.0,Segou,2023,3,30.8,39.6,22.7,0.0
13.4,-6.15,288.0,Segou,2023,4,32.1,39.7,24.7,32.0
13.4,-6.15,288.0,Segou,2023,5,33.6,40.4,27.7,19.0
13.4,-6.15,288.0,Segou,2023,6,31.6,37.5,26.7,75.0
13.4,-6.15,288.0,Segou,2023,7,29.0,34.7,24.7,111.0
13.4,-6.15,288.0,Segou,2023,8,27.4,32.2,23.8,160.0
13.4,-6.15,288.0,Segou,2023,9,27.4,32.2,23.8,158.0
13.4,-6.15,288.0,Segou,2023,10,30.2,36.9,25.1,32.0
13.4,-6.15,288.0,Segou,2023,11,28.4,37.0,21.3,0.0
13.4,-6.15,288.0,Segou,2023,12,24.7,33.2,17.8,0.0
13.4,-6.15,288.0,Segou,2024,1,25.7,34.9,17.9,0.0
13.4,-6.15,288.0,Segou,2024,2,27.6,36.6,20.0,0.0
13.4,-6.15,288.0,Segou,2024,3,32.6,40.6,25.3,0.0
13.4,-6.15,288.0,Segou,2024,4,34.8,42.1,28.3,0.0
13.4,-6.15,288.0,Segou,2024,5,34.7,41.8,28.6,80.0
13.4,-6.15,288.0,Segou,2024,6,32.2,38.1,26.7,112.0
13.4,-6.15,288.0,Segou,2024,7,28.2,33.2,25.0,260.0
13.4,-6.15,288.0,Segou,2024,8,27.7,31.6,23.7,461.0
13.4,-6.15,288.0,Segou,2024,9,28.1,31.5,23.8,218.0
13.4,-6.15,288.0,Segou,2024,10,28.4,34.3,23.5,35.0
13.4,-6.15,288.0,Segou,2024,11,27.2,34.9,18.9,0.0
13.4,-6.15,288.0,Segou,2024,12,24.3,32.7,16.8,0.0
13.4,-6.15,288.0,Segou,2025,1,23.9,32.3,16.4,0.0
13.4,-6.15,288.0,Segou,2025,2,26.6,34.7,19.4,1.0
13.4,-6.15,288.0,Segou,2025,3,32.6,40.6,26.0,0.5
13.4,-6.15,288.0,Segou,2025,4,33.7,41.5,26.6,14.0
13.4,-6.15,288.0,Segou,2025,5,33.3,40.0,28.0,70.0
13.4,-6.15,288.0,Segou,2025,6,31.3,38.0,25.6,67.0
13.4,-6.15,288.0,Segou,2025,7,27.6,32.8,23.3,161.7
13.3333,-4.8333,283.0,San,1994,1,23.0,,,0.0
13.3333,-4.8333,283.0,San,1994,2,27.3,,,0.0
13.3333,-4.8333,283.0,San,1994,3,30.9,,,0.0
13.3333,-4.8333,283.0,San,1994,4,33.6,,,0.0
13.3333,-4.8333,283.0,San,1994,5,32.2,,,32.0
13.3333,-4.8333,283.0,San,1994,6,30.8,,,54.0
13.3333,-4.8333,283.0,San,1994,7,28.2,,,170.0
13.3333,-4.8333,283.0,San,1994,8,26.1,,,472.0
13.3333,-4.8333,283.0,San,1994,9,26.7,,,157.0
13.3333,-4.8333,283.0,San,1994,11,27.2,,,0.0
13.3333,-4.8333,283.0,San,1994,12,23.7,,,0.0
13.3333,-4.8333,283.0,San,1995,1,23.2,,,0.0
13.3333,-4.8333,283.0,San,1995,2,25.6,,,0.0
13.3333,-4.8333,283.0,San,1995,3,31.4,,,2.0
13.3333,-4.8333,283.0,San,1995,4,33.1,,,28.0
13.3333,-4.8333,283.0,San,1995,5,32.2,,,47.0
13.3333,-4.8333,283.0,San,1995,6,32.3,,,42.0
13.3333,-4.8333,283.0,San,1995,8,26.9,,,168.0
13.3333,-4.8333,283.0,San,1995,9,27.9,,,104.0
13.3333,-4.8333,283.0,San,1995,10,29.5,,,
13.3333,-4.8333,283.0,San,1995,11,27.9,,,0.0
13.3333,-4.8333,283.0,San,1995,12,25.2,,,0.0
13.3333,-4.8333,283.0,San,1996,1,26.7,,,0.0
13.3333,-4.8333,283.0,San,1996,2,29.2,,,0.0
13.3333,-4.8333,283.0,San,1996,3,31.5,,,0.0
13.3333,-4.8333,283.0,San,1996,4,33.0,,,5.0
13.3333,-4.8333,283.0,San,1996,5,33.3,,,17.0
13.3333,-4.8333,283.0,San,1996,6,31.5,,,118.0
13.3333,-4.8333,283.0,San,1996,7,29.1,,,143.0
13.3333,-4.8333,283.0,San,1996,8,27.1,,,198.0
13.3333,-4.8333,283.0,San,1996,9,27.1,,,236.0
13.3333,-4.8333,283.0,San,1996,10,29.0,,,18.0
13.3333,-4.8333,283.0,San,1996,11,26.7,,,0.0
13.3333,-4.8333,283.0,San,1996,12,25.6,,,0.0
13.3333,-4.8333,283.0,San,1997,1,26.4,,,0.0
13.3333,-4.8333,283.0,San,1997,2,26.4,,,0.0
13.3333,-4.8333,283.0,San,1997,3,29.2,,,0.0
13.3333,-4.8333,283.0,San,1997,4,32.5,,,21.0
13.3333,-4.8333,283.0,San,1997,5,32.5,,,25.0
13.3333,-4.8333,283.0,San,1997,6,30.3,36.0,25.2,42.0
13.3333,-4.8333,283.0,San,1997,8,27.7,32.9,23.7,204.0
13.3333,-4.8333,283.0,San,1997,9,28.3,33.6,24.0,82.0
13.3333,-4.8333,283.0,San,1997,10,29.7,36.5,23.8,60.0
13.3333,-4.8333,283.0,San,1997,11,28.7,37.4,20.4,0.0
13.3333,-4.8333,283.0,San,1997,12,25.3,33.8,17.1,0.0
13.3333,-4.8333,283.0,San,1998,1,24.8,33.0,16.8,0.0
13.3333,-4.8333,283.0,San,1998,2,29.6,38.0,21.2,0.0
13.3333,-4.8333,283.0,San,1998,5,32.8,38.5,27.5,73.0
13.3333,-4.8333,283.0,San,1998,7,28.9,34.0,24.3,183.0
13.3333,-4.8333,283.0,San,1998,8,27.3,32.3,23.5,198.0
13.3333,-4.8333,283.0,San,1998,9,27.3,32.5,23.3,277.0
13.3333,-4.8333,283.0,San,1998,10,29.8,36.3,24.5,12.0
13.3333,-4.8333,283.0,San,1998,11,27.8,36.2,20.0,0.0
13.3333,-4.8333,283.0,San,1998,12,25.7,,,
13.3333,-4.8333,283.0,San,1999,1,24.1,31.8,17.2,0.5
13.3333,-4.8333,283.0,San,1999,2,25.0,,17.2,0.0
13.3333,-4.8333,283.0,San,1999,3,31.0,39.0,23.1,0.5
13.3333,-4.8333,283.0,San,1999,5,,,,53.0
13.3333,-4.8333,283.0,San,1999,6,32.1,38.5,26.6,31.0
13.3333,-4.8333,283.0,San,1999,7,28.2,33.7,23.7,140.0
13.3333,-4.8333,283.0,San,1999,8,26.1,30.6,23.0,232.0
13.3333,-4.8333,283.0,San,1999,9,,,,162.0
13.3333,-4.8333,283.0,San,1999,10,,,,43.0
13.3333,-4.8333,283.0,San,1999,11,28.1,36.3,21.0,0.0
13.3333,-4.8333,283.0,San,1999,12,24.4,33.2,16.4,0.0
13.3333,-4.8333,283.0,San,2000,1,26.8,35.0,19.9,0.5
13.3333,-4.8333,283.0,San,2000,2,25.3,33.7,16.5,0.0
13.3333,-4.8333,283.0,San,2000,3,30.1,38.2,21.6,7.0
13.3333,-4.8333,283.0,San,2000,4,34.3,41.7,27.7,8.0
13.3333,-4.8333,283.0,San,2000,5,32.8,39.5,27.2,96.0
13.3333,-4.8333,283.0,San,2000,6,30.7,36.7,25.5,55.0
13.3333,-4.8333,283.0,San,2000,7,,,,172.0
13.3333,-4.8333,283.0,San,2000,8,27.0,32.5,22.8,225.0
13.3333,-4.8333,283.0,San,2000,9,28.0,33.7,23.6,99.0
13.3333,-4.8333,283.0,San,2000,10,29.0,36.2,23.0,14.0
13.3333,-4.8333,283.0,San,2000,11,27.9,36.0,19.9,0.0
13.3333,-4.8333,283.0,San,2000,12,24.3,33.1,16.2,0.0
13.3333,-4.8333,283.0,San,2001,1,24.6,33.5,15.5,0.0
13.3333,-4.8333,283.0,San,2001,2,26.1,34.8,17.9,0.0
13.3333,-4.8333,283.0,San,2001,3,31.6,40.2,22.7,0.0
13.3333,-4.8333,283.0,San,2001,6,28.9,34.8,24.2,134.0
13.3333,-4.8333,283.0,San,2001,7,27.7,32.7,23.5,281.0
13.3333,-4.8333,283.0,San,2001,9,27.7,33.4,23.2,58.0
13.3333,-4.8333,283.0,San,2001,10,29.9,37.3,23.5,8.0
13.3333,-4.8333,283.0,San,2001,11,28.4,36.8,20.0,0.0
13.3333,-4.8333,283.0,San,2001,12,26.5,,,0.0
13.3333,-4.8333,283.0,San,2002,1,24.9,,,
13.3333,-4.8333,283.0,San,2002,2,27.0,,,
13.3333,-4.8333,283.0,San,2002,3,32.2,40.2,24.1,0.0
13.3333,-4.8333,283.0,San,2002,4,34.1,40.9,27.4,0.0
13.3333,-4.8333,283.0,San,2002,5,34.3,40.7,28.3,21.0
13.3333,-4.8333,283.0,San,2002,6,31.9,38.2,26.3,42.0
13.3333,-4.8333,283.0,San,2002,7,29.8,35.2,24.4,146.0
13.3333,-4.8333,283.0,San,2002,8,27.8,33.0,23.5,145.0
13.3333,-4.8333,283.0,San,2002,9,29.3,,24.3,68.0
13.3333,-4.8333,283.0,San,2002,10,30.1,36.8,23.8,45.0
13.3333,-4.8333,283.0,San,2002,11,29.0,37.1,20.4,0.0
13.3333,-4.8333,283.0,San,2002,12,26.0,34.1,18.1,0.0
13.3333,-4.8333,283.0,San,2003,1,25.3,33.0,17.9,0.0
13.3333,-4.8333,283.0,San,2003,2,29.6,38.1,21.0,0.0
13.3333,-4.8333,283.0,San,2003,3,31.8,39.3,24.0,0.0
13.3333,-4.8333,283.0,San,2003,4,34.9,41.7,27.3,0.0
13.3333,-4.8333,283.0,San,2003,5,33.9,40.1,27.8,76.0
13.3333,-4.8333,283.0,San,2003,6,30.7,35.7,25.2,115.0
13.3333,-4.8333,283.0,San,2003,7,27.7,33.4,23.3,302.0
13.3333,-4.8333,283.0,San,2003,8,26.9,30.9,22.9,258.0
13.3333,-4.8333,283.0,San,2003,9,27.3,31.9,23.3,122.0
13.3333,-4.8333,283.0,San,2003,10,30.1,36.8,24.5,29.0
13.3333,-4.8333,283.0,San,2003,11,28.7,36.6,21.7,11.0
13.3333,-4.8333,283.0,San,2003,12,24.9,,,
13.3333,-4.8333,283.0,San,2004,1,24.9,,,
13.3333,-4.8333,283.0,San,2004,6,31.9,37.7,26.0,95.0
13.3333,-4.8333,283.0,San,2004,7,27.8,32.6,23.3,246.0
13.3333,-4.8333,283.0,San,2004,8,27.6,33.0,23.2,218.0
13.3333,-4.8333,283.0,San,2004,9,29.1,,,73.0
13.3333,-4.8333,283.0,San,2004,10,30.8,,,11.0
13.3333,-4.8333,283.0,San,2004,11,29.3,,,0.0
13.3333,-4.8333,283.0,San,2004,12,27.8,36.3,19.6,0.0
13.3333,-4.8333,283.0,San,2005,1,24.6,31.6,17.2,4.0
13.3333,-4.8333,283.0,San,2005,2,29.7,36.4,22.9,1.0
13.3333,-4.8333,283.0,San,2005,4,34.8,41.7,27.6,0.0
13.3333,-4.8333,283.0,San,2005,5,34.1,40.1,27.6,20.0
13.3333,-4.8333,283.0,San,2005,6,,,,73.0
13.3333,-4.8333,283.0,San,2005,8,27.7,32.2,23.2,215.0
13.3333,-4.8333,283.0,San,2005,9,28.5,33.8,23.9,155.0
13.3333,-4.8333,283.0,San,2005,10,30.8,,,3.0
13.3333,-4.8333,283.0,San,2005,11,29.8,,,
13.3333,-4.8333,283.0,San,2006,9,27.9,32.8,23.5,186.0
13.3333,-4.8333,283.0,San,2006,10,29.6,36.4,24.3,32.0
13.3333,-4.8333,283.0,San,2007,6,32.4,38.6,26.4,72.0
13.3333,-4.8333,283.0,San,2007,7,,,,222.0
13.3333,-4.8333,283.0,San,2007,8,,,,316.0
13.3333,-4.8333,283.0,San,2007,9,28.4,33.7,23.9,98.0
13.3333,-4.8333,283.0,San,2007,10,30.4,37.0,24.6,4.0
13.3333,-4.8333,283.0,San,2007,12,24.7,32.9,17.1,0.0
13.3333,-4.8333,283.0,San,2008,1,22.2,30.2,14.3,0.0
13.3333,-4.8333,283.0,San,2008,2,28.1,36.7,19.1,0.0
13.3333,-4.8333,283.0,San,2008,3,31.9,39.6,23.6,0.0
13.3333,-4.8333,283.0,San,2008,4,33.4,40.6,25.9,11.0
13.3333,-4.8333,283.0,San,2008,5,33.6,40.3,27.4,20.0
13.3333,-4.8333,283.0,San,2008,7,28.6,34.0,23.9,130.0
13.3333,-4.8333,283.0,San,2008,8,27.2,32.3,23.1,157.0
13.3333,-4.8333,283.0,San,2008,9,28.5,33.9,24.0,94.0
13.3333,-4.8333,283.0,San,2008,10,30.1,36.4,24.5,52.0
13.3333,-4.8333,283.0,San,2008,11,27.9,37.0,19.4,0.0
13.3333,-4.8333,283.0,San,2008,12,25.4,34.0,17.5,0.0
13.3333,-4.8333,283.0,San,2009,1,23.3,30.8,16.1,0.0
13.3333,-4.8333,283.0,San,2009,2,29.3,37.9,21.3,0.0
13.3333,-4.8333,283.0,San,2009,3,32.7,40.1,25.9,2.0
13.3333,-4.8333,283.0,San,2009,4,33.9,41.2,26.6,9.0
13.3333,-4.8333,283.0,San,2009,5,33.8,41.1,27.8,26.0
13.3333,-4.8333,283.0,San,2009,6,31.4,37.9,26.2,53.0
13.3333,-4.8333,283.0,San,2009,7,29.2,34.9,23.9,176.0
13.3333,-4.8333,283.0,San,2009,8,27.8,33.1,23.4,264.0
13.3333,-4.8333,283.0,San,2009,9,27.9,33.2,23.4,189.0
13.3333,-4.8333,283.0,San,2009,10,29.4,36.3,23.7,119.0
13.3333,-4.8333,283.0,San,2009,11,26.3,33.7,19.3,3.0
13.3333,-4.8333,283.0,San,2009,12,26.1,35.2,17.5,0.0
13.3333,-4.8333,283.0,San,2010,1,25.7,35.2,16.6,0.0
13.3333,-4.8333,283.0,San,2010,2,30.5,39.3,22.0,0.0
13.3333,-4.8333,283.0,San,2010,3,32.5,40.6,24.4,0.0
13.3333,-4.8333,283.0,San,2010,4,35.2,,,0.5
13.3333,-4.8333,283.0,San,2010,5,34.3,41.0,28.7,18.0
13.3333,-4.8333,283.0,San,2010,6,31.0,36.4,26.0,179.0
13.3333,-4.8333,283.0,San,2010,7,29.0,34.3,24.6,150.0
13.3333,-4.8333,283.0,San,2010,8,27.4,32.3,23.1,375.0
13.3333,-4.8333,283.0,San,2010,9,27.0,32.1,22.4,146.0
13.3333,-4.8333,283.0,San,2010,10,29.0,35.3,24.0,48.0
13.3333,-4.8333,283.0,San,2010,11,28.6,36.6,21.3,0.0
13.3333,-4.8333,283.0,San,2010,12,26.2,35.0,16.9,0.0
13.3333,-4.8333,283.0,San,2011,1,25.3,34.4,16.6,0.0
13.3333,-4.8333,283.0,San,2011,2,26.4,34.6,19.0,0.0
13.3333,-4.8333,283.0,San,2011,3,33.0,41.3,24.9,1.0
13.3333,-4.8333,283.0,San,2011,4,33.4,41.0,25.7,3.0
13.3333,-4.8333,283.0,San,2011,5,33.9,41.0,28.1,23.0
13.3333,-4.8333,283.0,San,2011,6,31.6,38.4,,69.0
13.3333,-4.8333,283.0,San,2011,7,29.2,34.7,24.1,105.0
13.3333,-4.8333,283.0,San,2011,8,28.2,34.0,,112.0
13.3333,-4.8333,283.0,San,2011,9,29.0,35.1,24.0,78.0
13.3333,-4.8333,283.0,San,2011,10,30.9,37.7,24.9,14.0
13.3333,-4.8333,283.0,San,2011,11,29.7,38.7,20.6,0.0
13.3333,-4.8333,283.0,San,2011,12,24.6,33.4,15.8,0.0
13.3333,-4.8333,283.0,San,2012,1,23.8,31.9,15.9,0.0
13.3333,-4.8333,283.0,San,2012,2,26.5,35.0,20.3,0.0
13.3333,-4.8333,283.0,San,2012,4,34.1,40.7,27.7,3.0
13.3333,-4.8333,283.0,San,2012,5,34.0,40.8,27.3,69.0
13.3333,-4.8333,283.0,San,2012,6,30.7,36.2,25.5,154.0
13.3333,-4.8333,283.0,San,2012,7,28.3,33.2,23.6,211.0
13.3333,-4.8333,283.0,San,2012,8,26.8,31.7,22.6,403.0
13.3333,-4.8333,283.0,San,2012,11,30.0,,,
13.3333,-4.8333,283.0,San,2012,12,25.1,,,
13.3333,-4.8333,283.0,San,2013,6,31.9,38.7,26.2,72.0
13.3333,-4.8333,283.0,San,2013,8,26.9,32.3,22.8,311.0
13.3333,-4.8333,283.0,San,2013,9,28.5,34.3,23.6,92.0
13.3333,-4.8333,283.0,San,2013,10,30.0,37.5,23.8,10.0
13.3333,-4.8333,283.0,San,2013,11,28.9,37.7,21.0,0.0
13.3333,-4.8333,283.0,San,2013,12,24.8,33.5,17.1,0.0
13.3333,-4.8333,283.0,San,2014,1,26.4,34.9,18.5,0.0
13.3333,-4.8333,283.0,San,2014,2,26.9,35.5,18.5,0.0
13.3333,-4.8333,283.0,San,2014,3,30.9,39.6,22.2,0.0
13.3333,-4.8333,283.0,San,2014,5,33.8,40.1,28.3,22.0
13.3333,-4.8333,283.0,San,2014,6,32.9,39.3,27.2,51.0
13.3333,-4.8333,283.0,San,2014,7,29.0,34.5,25.0,175.0
13.3333,-4.8333,283.0,San,2014,8,27.9,32.9,23.6,170.0
13.3333,-4.8333,283.0,San,2014,9,27.9,33.7,23.1,143.0
13.3333,-4.8333,283.0,San,2014,10,29.8,37.5,23.3,40.0
13.3333,-4.8333,283.0,San,2014,11,28.9,37.6,21.3,23.0
13.3333,-4.8333,283.0,San,2014,12,25.4,33.9,17.8,0.0
13.3333,-4.8333,283.0,San,2015,1,24.1,32.7,16.0,0.0
13.3333,-4.8333,283.0,San,2015,2,28.9,37.7,20.2,0.0
13.3333,-4.8333,283.0,San,2015,3,31.0,39.8,23.2,0.0
13.3333,-4.8333,283.0,San,2015,4,34.3,42.0,26.2,0.0
13.3333,-4.8333,283.0,San,2015,5,35.2,42.3,29.2,34.0
13.3333,-4.8333,283.0,San,2015,6,32.1,38.6,26.0,92.0
13.3333,-4.8333,283.0,San,2015,7,29.0,35.1,23.8,225.0
13.3333,-4.8333,283.0,San,2015,8,27.3,32.6,23.2,384.0
13.3333,-4.8333,283.0,San,2015,9,27.9,33.2,24.0,
13.3333,-4.8333,283.0,San,2015,10,30.4,36.9,24.9,18.0
13.3333,-4.8333,283.0,San,2015,11,28.4,36.8,20.5,0.0
13.3333,-4.8333,283.0,San,2015,12,23.8,32.0,16.0,0.0
13.3333,-4.8333,283.0,San,2016,1,25.1,33.1,17.8,1.0
13.3333,-4.8333,283.0,San,2016,2,27.1,35.9,18.3,0.0
13.3333,-4.8333,283.0,San,2016,3,31.4,39.7,23.2,0.0
13.3333,-4.8333,283.0,San,2016,4,35.3,42.4,28.3,0.5
13.3333,-4.8333,283.0,San,2016,5,34.6,41.2,28.5,43.0
13.3333,-4.8333,283.0,San,2016,6,31.5,37.8,26.1,175.0
13.3333,-4.8333,283.0,San,2016,7,28.6,34.1,24.0,167.0
13.3333,-4.8333,283.0,San,2016,8,27.5,32.7,23.3,209.0
13.3333,-4.8333,283.0,San,2016,9,28.8,34.9,24.5,52.0
13.3333,-4.8333,283.0,San,2016,10,31.2,38.2,25.0,
13.3333,-4.8333,283.0,San,2016,11,29.2,37.9,21.5,0.0
13.3333,-4.8333,283.0,San,2016,12,26.0,34.3,18.8,0.0
13.3333,-4.8333,283.0,San,2017,1,24.4,32.6,16.5,0.0
13.3333,-4.8333,283.0,San,2017,2,29.0,37.7,21.2,0.0
13.3333,-4.8333,283.0,San,2017,3,33.3,40.9,25.5,0.5
13.3333,-4.8333,283.0,San,2017,4,34.2,41.2,27.7,7.0
13.3333,-4.8333,283.0,San,2017,5,33.6,40.1,27.8,47.0
13.3333,-4.8333,283.0,San,2017,6,31.5,37.4,26.8,71.0
13.3333,-4.8333,283.0,San,2017,7,29.0,33.8,24.5,216.0
13.3333,-4.8333,283.0,San,2017,8,28.0,32.6,24.3,269.0
13.3333,-4.8333,283.0,San,2017,9,29.0,34.5,24.4,78.0
13.3333,-4.8333,283.0,San,2017,10,31.0,38.2,24.4,0.5
13.3333,-4.8333,283.0,San,2017,11,28.4,37.0,20.4,0.0
13.3333,-4.8333,283.0,San,2017,12,24.9,32.8,17.6,0.0
13.3333,-4.8333,283.0,San,2018,1,25.3,33.7,17.6,0.0
13.3333,-4.8333,283.0,San,2018,2,28.8,36.5,21.7,0.0
13.3333,-4.8333,283.0,San,2018,3,32.7,40.6,24.6,0.5
13.3333,-4.8333,283.0,San,2018,4,34.5,41.7,27.3,0.0
13.3333,-4.8333,283.0,San,2018,5,34.0,41.0,27.3,23.0
13.3333,-4.8333,283.0,San,2018,6,31.9,37.8,26.6,148.0
13.3333,-4.8333,283.0,San,2018,7,28.6,33.7,24.2,164.0
13.3333,-4.8333,283.0,San,2018,8,27.3,32.3,23.4,274.0
13.3333,-4.8333,283.0,San,2018,9,28.0,32.9,23.6,219.0
13.3333,-4.8333,283.0,San,2018,10,29.7,35.8,24.3,23.0
13.3333,-4.8333,283.0,San,2018,11,28.9,36.8,21.8,0.0
13.3333,-4.8333,283.0,San,2018,12,25.2,34.0,17.3,0.0
13.3333,-4.8333,283.0,San,2019,1,24.4,33.3,15.9,0.0
13.3333,-4.8333,283.0,San,2019,3,30.6,37.8,23.1,0.0
13.3333,-4.8333,283.0,San,2019,7,28.8,33.6,23.8,148.0
13.3333,-4.8333,283.0,San,2019,8,28.0,32.7,24.1,220.0
13.3333,-4.8333,283.0,San,2019,9,28.7,33.5,24.0,124.0
13.3333,-4.8333,283.0,San,2019,10,29.8,35.2,24.9,80.0
13.3333,-4.8333,283.0,San,2019,11,29.5,37.0,22.4,0.0
13.3333,-4.8333,283.0,San,2019,12,26.4,35.5,17.5,0.0
13.3333,-4.8333,283.0,San,2020,1,24.7,32.9,16.7,0.0
13.3333,-4.8333,283.0,San,2020,2,28.2,36.6,19.3,0.0
13.3333,-4.8333,283.0,San,2020,3,32.6,40.8,24.6,0.0
13.3333,-4.8333,283.0,San,2020,4,35.0,42.1,28.1,0.5
13.3333,-4.8333,283.0,San,2020,5,34.9,,,
13.3333,-4.8333,283.0,San,2020,6,32.2,38.0,26.9,128.0
13.3333,-4.8333,283.0,San,2020,7,29.2,34.0,24.8,271.0
13.3333,-4.8333,283.0,San,2020,8,27.7,31.5,24.2,298.0
13.3333,-4.8333,283.0,San,2020,9,28.2,32.5,24.1,156.0
13.3333,-4.8333,283.0,San,2020,10,30.0,36.2,24.5,14.0
13.3333,-4.8333,283.0,San,2020,11,28.1,36.1,20.8,0.0
13.3333,-4.8333,283.0,San,2020,12,27.3,36.3,19.2,0.0
13.3333,-4.8333,283.0,San,2021,1,26.7,36.4,17.6,0.0
13.3333,-4.8333,283.0,San,2021,2,28.7,37.9,19.7,0.0
13.3333,-4.8333,283.0,San,2021,3,31.9,39.8,24.0,0.0
13.3333,-4.8333,283.0,San,2021,4,35.0,42.8,27.1,0.5
13.3333,-4.8333,283.0,San,2021,5,34.7,41.4,28.7,34.0
13.3333,-4.8333,283.0,San,2021,6,32.2,37.9,26.4,120.0
13.3333,-4.8333,283.0,San,2021,7,29.5,34.8,25.0,118.0
13.3333,-4.8333,283.0,San,2021,8,27.8,32.7,23.9,200.0
13.3333,-4.8333,283.0,San,2021,9,29.9,34.9,25.5,65.0
13.3333,-4.8333,283.0,San,2021,10,31.2,37.1,26.3,10.0
13.3333,-4.8333,283.0,San,2021,11,29.7,37.6,22.9,0.5
13.3333,-4.8333,283.0,San,2021,12,26.6,35.6,18.5,0.0
13.3333,-4.8333,283.0,San,2022,1,24.5,33.7,16.0,0.0
13.3333,-4.8333,283.0,San,2022,2,27.5,37.1,18.3,4.0
13.3333,-4.8333,283.0,San,2022,3,32.1,40.1,24.8,1.0
13.3333,-4.8333,283.0,San,2022,4,34.6,42.1,27.4,13.0
13.3333,-4.8333,283.0,San,2022,5,34.6,41.7,28.3,14.0
13.3333,-4.8333,283.0,San,2022,6,31.5,38.2,25.9,117.0
13.3333,-4.8333,283.0,San,2022,7,28.5,33.8,24.0,208.0
13.3333,-4.8333,283.0,San,2022,8,27.4,31.9,23.5,378.0
13.3333,-4.8333,283.0,San,2022,9,27.8,32.6,23.6,248.0
13.3333,-4.8333,283.0,San,2022,10,29.8,35.5,24.6,28.0
13.3333,-4.8333,283.0,San,2022,11,28.0,35.8,21.0,0.0
13.3333,-4.8333,283.0,San,2022,12,26.1,34.2,18.7,0.0
13.3333,-4.8333,283.0,San,2023,1,25.2,34.6,16.4,0.0
13.3333,-4.8333,283.0,San,2023,2,28.7,38.0,20.3,0.0
13.3333,-4.8333,283.0,San,2023,3,32.1,40.9,23.3,4.0
13.3333,-4.8333,283.0,San,2023,4,33.9,41.9,26.1,0.0
13.3333,-4.8333,283.0,San,2023,5,34.6,41.3,28.8,22.0
13.3333,-4.8333,283.0,San,2023,6,31.7,37.6,26.8,171.0
13.3333,-4.8333,283.0,San,2023,7,29.7,34.9,25.3,144.0
13.3333,-4.8333,283.0,San,2023,8,27.9,32.8,24.0,219.0
13.3333,-4.8333,283.0,San,2023,9,29.0,34.1,24.7,110.0
13.3333,-4.8333,283.0,San,2023,10,30.8,36.6,26.2,2.4
13.3333,-4.8333,283.0,San,2023,11,29.8,37.7,22.8,0.0
13.3333,-4.8333,283.0,San,2023,12,25.3,34.2,17.1,0.0
13.3333,-4.8333,283.0,San,2024,1,26.3,35.8,17.0,0.0
13.3333,-4.8333,283.0,San,2024,2,28.4,37.5,19.5,0.0
13.3333,-4.8333,283.0,San,2024,3,33.8,42.1,26.0,0.0
13.3333,-4.8333,283.0,San,2024,4,35.0,42.8,29.1,2.0
13.3333,-4.8333,283.0,San,2024,5,35.6,42.7,29.5,33.0
13.3333,-4.8333,283.0,San,2024,6,32.6,39.2,27.4,124.0
13.3333,-4.8333,283.0,San,2024,7,28.8,33.7,25.2,243.0
13.3333,-4.8333,283.0,San,2024,8,27.6,31.6,24.3,395.0
13.3333,-4.8333,283.0,San,2024,9,27.9,31.9,24.6,175.0
13.3333,-4.8333,283.0,San,2024,10,29.4,34.4,25.3,59.0
13.3333,-4.8333,283.0,San,2024,11,28.6,35.5,21.3,0.0
13.3333,-4.8333,283.0,San,2024,12,24.6,33.1,17.3,0.0
13.3333,-4.8333,283.0,San,2025,1,24.5,32.8,17.2,0.0
13.3333,-4.8333,283.0,San,2025,2,27.4,35.8,19.9,0.0
13.3333,-4.8333,283.0,San,2025,3,33.8,41.5,26.8,0.0
13.3333,-4.8333,283.0,San,2025,4,34.5,41.9,27.4,18.0
13.3333,-4.8333,283.0,San,2025,5,34.0,40.7,28.5,4.0
13.3333,-4.8333,283.0,San,2025,6,31.3,37.7,25.6,132.0
13.3333,-4.8333,283.0,San,2025,7,28.5,33.1,23.5,158.7
12.85,-11.2333,132.0,Kenieba,1994,1,25.9,,,0.0
12.85,-11.2333,132.0,Kenieba,1994,2,29.8,,,0.0
12.85,-11.2333,132.0,Kenieba,1994,3,32.2,,,20.0
12.85,-11.2333,132.0,Kenieba,1994,4,33.8,,,0.0
12.85,-11.2333,132.0,Kenieba,1994,5,32.4,,,34.0
12.85,-11.2333,132.0,Kenieba,1994,6,29.7,,,209.0
12.85,-11.2333,132.0,Kenieba,1994,7,26.9,,,210.0
12.85,-11.2333,132.0,Kenieba,1994,8,26.9,,,366.0
12.85,-11.2333,132.0,Kenieba,1994,9,26.6,,,323.0
12.85,-11.2333,132.0,Kenieba,1994,10,26.9,,,182.0
12.85,-11.2333,132.0,Kenieba,1994,11,26.0,,,13.0
12.85,-11.2333,132.0,Kenieba,1994,12,25.5,,,0.0
12.85,-11.2333,132.0,Kenieba,1995,1,26.6,,,0.0
12.85,-11.2333,132.0,Kenieba,1995,2,29.6,,,0.0
12.85,-11.2333,132.0,Kenieba,1995,3,32.0,,,12.0
12.85,-11.2333,132.0,Kenieba,1995,7,28.3,,,245.0
12.85,-11.2333,132.0,Kenieba,1995,12,26.5,,,0.0
12.85,-11.2333,132.0,Kenieba,1996,1,,,,0.0
12.85,-11.2333,132.0,Kenieba,1996,2,31.2,,,0.0
12.85,-11.2333,132.0,Kenieba,1996,3,31.7,,,0.0
12.85,-11.2333,132.0,Kenieba,1996,5,33.0,,,51.0
12.85,-11.2333,132.0,Kenieba,1996,6,30.8,,,109.0
12.85,-11.2333,132.0,Kenieba,1996,11,25.0,,,0.0
12.85,-11.2333,132.0,Kenieba,1996,12,,,,0.0
12.85,-11.2333,132.0,Kenieba,1997,2,,,,0.0
12.85,-11.2333,132.0,Kenieba,1997,3,31.0,,,0.0
12.85,-11.2333,132.0,Kenieba,1997,4,33.4,,,0.0
12.85,-11.2333,132.0,Kenieba,1997,5,31.8,,,68.0
12.85,-11.2333,132.0,Kenieba,1997,6,29.1,33.7,24.4,136.0
12.85,-11.2333,132.0,Kenieba,1997,8,27.1,30.8,23.3,338.0
12.85,-11.2333,132.0,Kenieba,1997,9,26.9,31.3,22.8,
12.85,-11.2333,132.0,Kenieba,1997,10,28.9,,,49.0
12.85,-11.2333,132.0,Kenieba,1998,2,32.6,,,
12.85,-11.2333,132.0,Kenieba,1998,5,,,,10.0
12.85,-11.2333,132.0,Kenieba,1998,6,31.2,36.6,26.3,121.0
12.85,-11.2333,132.0,Kenieba,1998,7,,,,230.0
12.85,-11.2333,132.0,Kenieba,1998,8,26.7,30.4,23.3,292.0
12.85,-11.2333,132.0,Kenieba,1998,9,27.1,,,255.0
12.85,-11.2333,132.0,Kenieba,1998,10,28.5,,,
12.85,-11.2333,132.0,Kenieba,1998,11,,,,0.0
12.85,-11.2333,132.0,Kenieba,1999,1,,,,0.0
12.85,-11.2333,132.0,Kenieba,1999,2,27.8,35.7,19.8,0.0
12.85,-11.2333,132.0,Kenieba,2000,1,28.4,36.3,19.2,0.0
12.85,-11.2333,132.0,Kenieba,2000,4,33.8,40.8,26.0,0.0
12.85,-11.2333,132.0,Kenieba,2000,5,33.8,40.4,26.1,33.0
12.85,-11.2333,132.0,Kenieba,2000,6,29.7,34.9,24.1,256.0
12.85,-11.2333,132.0,Kenieba,2000,7,27.1,31.2,22.8,440.0
12.85,-11.2333,132.0,Kenieba,2000,8,26.1,30.6,21.0,377.0
12.85,-11.2333,132.0,Kenieba,2000,9,26.9,31.6,22.0,147.0
12.85,-11.2333,132.0,Kenieba,2000,10,27.5,33.1,21.8,98.0
12.85,-11.2333,132.0,Kenieba,2000,11,25.8,35.2,16.9,5.0
12.85,-11.2333,132.0,Kenieba,2000,12,25.3,35.2,15.3,0.0
12.85,-11.2333,132.0,Kenieba,2001,1,26.5,36.2,17.1,0.0
12.85,-11.2333,132.0,Kenieba,2001,2,30.5,37.7,23.2,0.0
12.85,-11.2333,132.0,Kenieba,2001,3,32.3,40.8,23.1,0.0
12.85,-11.2333,132.0,Kenieba,2001,6,29.1,33.6,24.5,193.0
12.85,-11.2333,132.0,Kenieba,2001,8,27.5,31.5,23.6,255.0
12.85,-11.2333,132.0,Kenieba,2001,9,27.1,32.0,22.4,140.0
12.85,-11.2333,132.0,Kenieba,2001,10,28.4,34.4,22.4,71.0
12.85,-11.2333,132.0,Kenieba,2001,11,27.0,35.3,19.3,0.0
12.85,-11.2333,132.0,Kenieba,2001,12,26.8,36.1,18.0,0.0
12.85,-11.2333,132.0,Kenieba,2002,3,32.0,40.1,23.9,0.0
12.85,-11.2333,132.0,Kenieba,2002,4,33.7,40.9,26.5,0.0
12.85,-11.2333,132.0,Kenieba,2002,5,34.6,41.3,28.5,35.0
12.85,-11.2333,132.0,Kenieba,2002,6,30.0,35.5,25.5,185.0
12.85,-11.2333,132.0,Kenieba,2002,7,27.9,,,
12.85,-11.2333,132.0,Kenieba,2002,8,27.2,,,
12.85,-11.2333,132.0,Kenieba,2002,9,27.8,32.8,23.4,182.0
12.85,-11.2333,132.0,Kenieba,2002,10,27.9,33.3,23.5,59.0
12.85,-11.2333,132.0,Kenieba,2002,11,26.7,36.3,17.7,0.0
12.85,-11.2333,132.0,Kenieba,2002,12,27.1,34.8,18.8,0.0
12.85,-11.2333,132.0,Kenieba,2003,1,26.5,33.8,19.4,5.0
12.85,-11.2333,132.0,Kenieba,2003,2,30.5,38.9,22.3,0.0
12.85,-11.2333,132.0,Kenieba,2003,3,33.2,41.0,25.2,0.0
12.85,-11.2333,132.0,Kenieba,2003,4,34.7,41.6,27.9,5.0
12.85,-11.2333,132.0,Kenieba,2003,5,34.5,38.0,29.1,6.0
12.85,-11.2333,132.0,Kenieba,2003,6,29.9,35.5,25.4,176.0
12.85,-11.2333,132.0,Kenieba,2003,7,27.2,31.5,23.2,375.0
12.85,-11.2333,132.0,Kenieba,2003,8,26.7,30.9,23.2,338.0
12.85,-11.2333,132.0,Kenieba,2003,9,27.3,33.0,23.5,263.0
12.85,-11.2333,132.0,Kenieba,2003,10,28.6,34.0,23.6,77.0
12.85,-11.2333,132.0,Kenieba,2003,11,26.7,34.8,19.5,0.0
12.85,-11.2333,132.0,Kenieba,2003,12,25.7,35.3,16.9,0.0
12.85,-11.2333,132.0,Kenieba,2004,1,25.7,35.3,19.6,0.0
12.85,-11.2333,132.0,Kenieba,2004,2,30.3,36.5,22.8,0.0
12.85,-11.2333,132.0,Kenieba,2004,3,32.2,39.8,,0.0
12.85,-11.2333,132.0,Kenieba,2004,4,34.5,41.6,27.8,4.0
12.85,-11.2333,132.0,Kenieba,2004,5,34.2,41.1,28.1,79.0
12.85,-11.2333,132.0,Kenieba,2004,6,30.6,,,113.0
12.85,-11.2333,132.0,Kenieba,2004,7,28.9,31.2,23.1,353.0
12.85,-11.2333,132.0,Kenieba,2004,8,27.4,31.4,23.6,298.0
12.85,-11.2333,132.0,Kenieba,2004,9,27.4,32.9,,153.0
12.85,-11.2333,132.0,Kenieba,2004,10,28.6,,,13.0
12.85,-11.2333,132.0,Kenieba,2004,11,27.6,,,2.0
12.85,-11.2333,132.0,Kenieba,2004,12,27.1,36.4,,0.0
12.85,-11.2333,132.0,Kenieba,2005,1,27.5,,,
12.85,-11.2333,132.0,Kenieba,2005,2,30.9,,,0.0
12.85,-11.2333,132.0,Kenieba,2005,4,34.7,,,0.0
12.85,-11.2333,132.0,Kenieba,2005,6,30.5,,,164.0
12.85,-11.2333,132.0,Kenieba,2005,9,28.1,,,251.0
12.85,-11.2333,132.0,Kenieba,2005,10,28.6,34.5,,52.0
12.85,-11.2333,132.0,Kenieba,2005,11,28.7,,,0.0
12.85,-11.2333,132.0,Kenieba,2005,12,28.9,,,0.0
12.85,-11.2333,132.0,Kenieba,2006,4,,,,6.0
12.85,-11.2333,132.0,Kenieba,2006,5,33.4,,,110.0
12.85,-11.2333,132.0,Kenieba,2006,6,30.4,35.5,,159.0
12.85,-11.2333,132.0,Kenieba,2006,7,28.6,,,254.0
12.85,-11.2333,132.0,Kenieba,2006,8,27.9,,,271.0
12.85,-11.2333,132.0,Kenieba,2006,9,27.4,32.5,23.0,232.0
12.85,-11.2333,132.0,Kenieba,2006,10,28.9,35.6,24.1,44.0
12.85,-11.2333,132.0,Kenieba,2006,11,28.4,,,0.0
12.85,-11.2333,132.0,Kenieba,2006,12,26.7,34.7,,0.0
12.85,-11.2333,132.0,Kenieba,2007,1,27.7,,,0.0
12.85,-11.2333,132.0,Kenieba,2007,2,30.7,,,0.5
12.85,-11.2333,132.0,Kenieba,2007,3,33.2,,,0.0
12.85,-11.2333,132.0,Kenieba,2007,4,34.1,,,0.0
12.85,-11.2333,132.0,Kenieba,2007,5,34.1,,,56.0
12.85,-11.2333,132.0,Kenieba,2007,6,32.6,37.2,26.6,124.0
12.85,-11.2333,132.0,Kenieba,2007,7,,,,184.0
12.85,-11.2333,132.0,Kenieba,2007,8,27.2,,,438.0
12.85,-11.2333,132.0,Kenieba,2007,9,,,,215.0
12.85,-11.2333,132.0,Kenieba,2007,10,28.2,,,53.0
12.85,-11.2333,132.0,Kenieba,2007,11,27.0,,,4.0
12.85,-11.2333,132.0,Kenieba,2007,12,26.8,,,0.0
12.85,-11.2333,132.0,Kenieba,2008,1,27.0,33.7,21.2,0.0
12.85,-11.2333,132.0,Kenieba,2008,2,30.4,37.5,22.3,0.0
12.85,-11.2333,132.0,Kenieba,2008,3,33.4,41.3,25.1,0.0
12.85,-11.2333,132.0,Kenieba,2008,5,33.3,40.1,27.6,77.0
12.85,-11.2333,132.0,Kenieba,2008,6,30.5,,,130.0
12.85,-11.2333,132.0,Kenieba,2009,7,28.0,33.0,24.0,222.0
12.85,-11.2333,132.0,Kenieba,2009,8,27.1,32.5,22.8,495.0
12.85,-11.2333,132.0,Kenieba,2009,9,27.4,,,
12.85,-11.2333,132.0,Kenieba,2009,10,28.0,34.7,22.5,42.0
12.85,-11.2333,132.0,Kenieba,2009,11,27.0,34.7,17.9,0.0
12.85,-11.2333,132.0,Kenieba,2009,12,25.9,36.2,16.0,0.0
12.85,-11.2333,132.0,Kenieba,2010,1,29.0,37.1,,0.0
12.85,-11.2333,132.0,Kenieba,2010,2,31.9,40.2,,0.0
12.85,-11.2333,132.0,Kenieba,2010,3,33.8,40.5,25.6,0.0
12.85,-11.2333,132.0,Kenieba,2010,4,34.2,,,11.0
12.85,-11.2333,132.0,Kenieba,2010,5,33.9,40.3,28.9,85.0
12.85,-11.2333,132.0,Kenieba,2010,6,29.6,35.6,25.4,160.0
12.85,-11.2333,132.0,Kenieba,2010,7,27.9,32.5,24.6,229.0
12.85,-11.2333,132.0,Kenieba,2010,8,26.9,31.4,23.9,329.0
12.85,-11.2333,132.0,Kenieba,2010,9,26.7,32.1,23.6,381.0
12.85,-11.2333,132.0,Kenieba,2010,10,27.9,33.9,24.1,108.0
12.85,-11.2333,132.0,Kenieba,2010,11,27.7,,,1.0
12.85,-11.2333,132.0,Kenieba,2010,12,25.7,36.8,16.2,0.0
12.85,-11.2333,132.0,Kenieba,2011,1,27.4,36.2,19.6,0.0
12.85,-11.2333,132.0,Kenieba,2011,2,29.1,36.7,21.9,0.0
12.85,-11.2333,132.0,Kenieba,2011,3,32.3,41.1,24.6,8.0
12.85,-11.2333,132.0,Kenieba,2011,4,34.1,42.0,26.0,0.0
12.85,-11.2333,132.0,Kenieba,2011,5,33.9,40.6,28.5,28.0
12.85,-11.2333,132.0,Kenieba,2011,6,30.1,,,191.0
12.85,-11.2333,132.0,Kenieba,2011,7,28.5,33.4,24.1,222.0
12.85,-11.2333,132.0,Kenieba,2011,8,27.1,32.0,,565.0
12.85,-11.2333,132.0,Kenieba,2011,9,27.4,32.9,23.7,109.0
12.85,-11.2333,132.0,Kenieba,2011,10,28.6,35.4,23.6,4.0
12.85,-11.2333,132.0,Kenieba,2011,11,27.3,37.5,19.4,0.0
12.85,-11.2333,132.0,Kenieba,2011,12,26.2,35.2,17.3,0.0
12.85,-11.2333,132.0,Kenieba,2012,1,27.5,34.8,20.5,0.0
12.85,-11.2333,132.0,Kenieba,2012,2,28.9,36.1,22.6,0.0
12.85,-11.2333,132.0,Kenieba,2012,4,33.4,40.6,27.7,13.0
12.85,-11.2333,132.0,Kenieba,2012,5,32.9,39.7,27.7,50.0
12.85,-11.2333,132.0,Kenieba,2012,6,30.2,36.1,25.9,115.0
12.85,-11.2333,132.0,Kenieba,2012,7,26.7,31.1,24.2,278.0
12.85,-11.2333,132.0,Kenieba,2012,8,26.9,31.5,23.8,326.0
12.85,-11.2333,132.0,Kenieba,2012,11,27.9,,,
12.85,-11.2333,132.0,Kenieba,2012,12,25.3,,,
12.85,-11.2333,132.0,Kenieba,2013,6,30.6,36.2,26.3,96.0
12.85,-11.2333,132.0,Kenieba,2013,8,26.5,30.9,23.4,559.0
12.85,-11.2333,132.0,Kenieba,2013,9,27.1,31.9,23.5,284.0
12.85,-11.2333,132.0,Kenieba,2013,10,27.7,33.0,23.1,64.0
12.85,-11.2333,132.0,Kenieba,2013,11,26.4,34.9,19.5,2.0
12.85,-11.2333,132.0,Kenieba,2013,12,25.8,34.2,17.6,0.0
12.85,-11.2333,132.0,Kenieba,2014,1,26.4,35.9,18.3,0.0
12.85,-11.2333,132.0,Kenieba,2014,2,28.9,36.5,20.9,0.0
12.85,-11.2333,132.0,Kenieba,2014,3,31.2,39.8,22.7,0.0
12.85,-11.2333,132.0,Kenieba,2014,5,32.2,39.2,27.4,109.0
12.85,-11.2333,132.0,Kenieba,2014,6,29.7,35.0,26.1,
12.85,-11.2333,132.0,Kenieba,2014,7,28.7,33.6,25.1,185.0
12.85,-11.2333,132.0,Kenieba,2014,8,26.7,31.4,23.1,296.0
12.85,-11.2333,132.0,Kenieba,2014,9,26.8,32.0,22.9,332.0
12.85,-11.2333,132.0,Kenieba,2014,10,27.9,34.2,23.4,81.0
12.85,-11.2333,132.0,Kenieba,2014,11,26.8,35.4,20.0,0.0
12.85,-11.2333,132.0,Kenieba,2014,12,26.2,34.3,18.4,0.0
12.85,-11.2333,132.0,Kenieba,2015,1,26.7,34.6,19.0,0.0
12.85,-11.2333,132.0,Kenieba,2015,2,29.5,38.1,21.4,0.0
12.85,-11.2333,132.0,Kenieba,2015,3,31.9,39.1,24.7,0.0
12.85,-11.2333,132.0,Kenieba,2015,4,33.7,41.3,26.8,19.0
12.85,-11.2333,132.0,Kenieba,2015,5,34.0,40.3,29.0,1.0
12.85,-11.2333,132.0,Kenieba,2015,6,31.8,37.8,26.4,82.0
12.85,-11.2333,132.0,Kenieba,2015,7,28.2,33.0,24.7,311.0
12.85,-11.2333,132.0,Kenieba,2015,8,27.0,32.1,23.6,589.0
12.85,-11.2333,132.0,Kenieba,2015,9,27.3,32.7,24.1,337.0
12.85,-11.2333,132.0,Kenieba,2015,10,27.8,33.7,23.9,169.0
12.85,-11.2333,132.0,Kenieba,2015,11,26.5,35.4,19.4,11.0
12.85,-11.2333,132.0,Kenieba,2015,12,24.5,33.4,16.4,0.0
12.85,-11.2333,132.0,Kenieba,2016,1,26.8,34.3,19.7,1.0
12.85,-11.2333,132.0,Kenieba,2016,2,29.4,37.5,21.3,0.0
12.85,-11.2333,132.0,Kenieba,2016,3,32.2,40.4,23.7,0.0
12.85,-11.2333,132.0,Kenieba,2016,4,34.2,41.7,26.9,11.0
12.85,-11.2333,132.0,Kenieba,2016,5,34.7,41.0,29.3,18.0
12.85,-11.2333,132.0,Kenieba,2016,6,30.2,35.7,25.6,220.0
12.85,-11.2333,132.0,Kenieba,2016,7,27.5,31.7,24.0,282.0
12.85,-11.2333,132.0,Kenieba,2016,8,27.1,31.6,23.8,267.0
12.85,-11.2333,132.0,Kenieba,2016,9,27.1,32.7,23.3,245.0
12.85,-11.2333,132.0,Kenieba,2016,10,28.5,34.4,23.8,46.0
12.85,-11.2333,132.0,Kenieba,2016,11,27.1,36.1,19.8,5.0
12.85,-11.2333,132.0,Kenieba,2016,12,26.9,35.1,19.1,0.0
12.85,-11.2333,132.0,Kenieba,2017,1,27.5,35.3,19.3,0.0
12.85,-11.2333,132.0,Kenieba,2017,2,30.0,38.3,22.1,0.0
12.85,-11.2333,132.0,Kenieba,2017,3,33.5,41.5,25.8,0.0
12.85,-11.2333,132.0,Kenieba,2017,4,34.0,41.9,26.7,0.0
12.85,-11.2333,132.0,Kenieba,2017,5,33.0,38.9,27.8,99.0
12.85,-11.2333,132.0,Kenieba,2017,6,30.7,36.3,26.3,158.0
12.85,-11.2333,132.0,Kenieba,2017,7,27.5,31.8,24.2,287.0
12.85,-11.2333,132.0,Kenieba,2017,8,27.0,31.6,24.2,369.0
12.85,-11.2333,132.0,Kenieba,2017,9,28.1,33.1,24.4,194.0
12.85,-11.2333,132.0,Kenieba,2017,10,28.4,36.1,22.9,65.0
12.85,-11.2333,132.0,Kenieba,2017,11,27.0,36.8,19.3,0.0
12.85,-11.2333,132.0,Kenieba,2017,12,26.1,34.2,18.4,0.0
12.85,-11.2333,132.0,Kenieba,2018,1,27.2,35.2,19.3,0.0
12.85,-11.2333,132.0,Kenieba,2018,2,28.7,36.2,21.4,0.0
12.85,-11.2333,132.0,Kenieba,2018,3,33.2,41.1,25.6,0.0
12.85,-11.2333,132.0,Kenieba,2018,4,33.6,41.5,26.3,0.5
12.85,-11.2333,132.0,Kenieba,2018,5,34.5,41.6,27.6,3.0
12.85,-11.2333,132.0,Kenieba,2018,6,30.9,36.2,26.7,151.0
12.85,-11.2333,132.0,Kenieba,2018,7,27.8,32.2,24.4,180.0
12.85,-11.2333,132.0,Kenieba,2018,8,26.4,30.9,23.5,367.0
12.85,-11.2333,132.0,Kenieba,2018,9,27.0,32.5,23.5,287.0
12.85,-11.2333,132.0,Kenieba,2018,10,28.4,34.4,23.8,73.0
12.85,-11.2333,132.0,Kenieba,2018,11,27.1,35.8,20.0,0.0
12.85,-11.2333,132.0,Kenieba,2018,12,26.4,35.9,17.5,0.0
12.85,-11.2333,132.0,Kenieba,2019,1,26.2,35.3,17.9,
12.85,-11.2333,132.0,Kenieba,2019,3,31.4,38.9,23.9,1.0
12.85,-11.2333,132.0,Kenieba,2019,7,27.8,32.8,23.9,367.0
12.85,-11.2333,132.0,Kenieba,2019,8,27.0,31.5,23.7,496.0
12.85,-11.2333,132.0,Kenieba,2019,9,27.4,32.7,23.4,327.0
12.85,-11.2333,132.0,Kenieba,2019,10,27.8,34.6,23.3,92.0
12.85,-11.2333,132.0,Kenieba,2019,11,28.2,37.6,20.5,0.0
12.85,-11.2333,132.0,Kenieba,2019,12,26.2,36.9,16.7,0.0
12.85,-11.2333,132.0,Kenieba,2020,1,28.8,35.4,19.9,0.0
12.85,-11.2333,132.0,Kenieba,2020,2,31.9,39.4,24.3,0.0
12.85,-11.2333,132.0,Kenieba,2020,3,32.5,41.2,23.7,0.0
12.85,-11.2333,132.0,Kenieba,2020,4,34.8,42.3,28.1,11.0
12.85,-11.2333,132.0,Kenieba,2020,5,34.3,,,
12.85,-11.2333,132.0,Kenieba,2020,6,30.3,36.6,25.5,162.0
12.85,-11.2333,132.0,Kenieba,2020,7,27.9,33.0,24.4,308.0
12.85,-11.2333,132.0,Kenieba,2020,8,27.3,32.1,23.8,279.0
12.85,-11.2333,132.0,Kenieba,2020,9,26.8,32.8,23.2,448.0
12.85,-11.2333,132.0,Kenieba,2020,10,28.0,35.6,22.2,44.0
12.85,-11.2333,132.0,Kenieba,2020,11,27.3,37.2,18.5,0.0
12.85,-11.2333,132.0,Kenieba,2020,12,27.8,37.4,19.4,0.0
12.85,-11.2333,132.0,Kenieba,2021,1,29.0,37.4,20.8,0.0
12.85,-11.2333,132.0,Kenieba,2021,2,30.6,38.9,22.8,0.0
12.85,-11.2333,132.0,Kenieba,2021,3,32.9,40.9,25.7,0.5
12.85,-11.2333,132.0,Kenieba,2021,4,34.6,43.1,28.6,0.5
12.85,-11.2333,132.0,Kenieba,2021,5,34.5,41.3,29.1,68.0
12.85,-11.2333,132.0,Kenieba,2021,6,31.2,37.2,26.4,91.0
12.85,-11.2333,132.0,Kenieba,2021,7,28.1,33.4,24.2,146.0
12.85,-11.2333,132.0,Kenieba,2021,8,26.8,32.2,23.3,657.0
12.85,-11.2333,132.0,Kenieba,2021,9,27.9,33.8,23.7,202.0
12.85,-11.2333,132.0,Kenieba,2021,10,28.3,34.7,24.1,168.0
12.85,-11.2333,132.0,Kenieba,2021,11,28.1,36.9,21.2,0.5
12.85,-11.2333,132.0,Kenieba,2021,12,27.5,36.8,19.6,0.0
12.85,-11.2333,132.0,Kenieba,2022,1,29.1,36.8,21.7,0.0
12.85,-11.2333,132.0,Kenieba,2022,2,30.4,38.2,22.9,0.0
12.85,-11.2333,132.0,Kenieba,2022,3,32.9,40.8,25.4,0.5
12.85,-11.2333,132.0,Kenieba,2022,4,35.2,43.0,28.2,0.5
12.85,-11.2333,132.0,Kenieba,2022,5,33.7,41.1,28.0,72.0
12.85,-11.2333,132.0,Kenieba,2022,6,29.5,35.9,24.8,207.0
12.85,-11.2333,132.0,Kenieba,2022,7,27.7,32.7,24.4,129.0
12.85,-11.2333,132.0,Kenieba,2022,8,26.7,31.9,23.7,261.0
12.85,-11.2333,132.0,Kenieba,2022,9,26.6,32.6,23.3,289.0
12.85,-11.2333,132.0,Kenieba,2022,10,27.2,33.9,22.7,179.0
12.85,-11.2333,132.0,Kenieba,2022,11,26.4,36.1,17.9,1.4
12.85,-11.2333,132.0,Kenieba,2022,12,27.1,35.9,19.0,0.5
12.85,-11.2333,132.0,Kenieba,2023,1,28.3,36.6,19.7,0.0
12.85,-11.2333,132.0,Kenieba,2023,2,31.2,39.4,23.0,0.0
12.85,-11.2333,132.0,Kenieba,2023,3,32.6,41.4,24.3,0.5
12.85,-11.2333,132.0,Kenieba,2023,4,34.6,42.6,27.3,0.5
12.85,-11.2333,132.0,Kenieba,2023,5,34.0,41.2,28.5,40.0
12.85,-11.2333,132.0,Kenieba,2023,6,31.3,38.0,26.5,180.0
12.85,-11.2333,132.0,Kenieba,2023,7,28.3,34.1,24.6,245.0
12.85,-11.2333,132.0,Kenieba,2023,8,28.1,32.9,24.6,208.0
12.85,-11.2333,132.0,Kenieba,2023,9,28.0,33.7,23.9,316.0
12.85,-11.2333,132.0,Kenieba,2023,10,28.3,34.3,24.2,152.0
12.85,-11.2333,132.0,Kenieba,2023,11,27.6,36.9,20.1,0.0
12.85,-11.2333,132.0,Kenieba,2023,12,26.9,36.4,18.1,0.0
12.85,-11.2333,132.0,Kenieba,2024,1,28.7,38.0,20.4,0.0
12.85,-11.2333,132.0,Kenieba,2024,2,31.4,39.9,23.8,0.0
12.85,-11.2333,132.0,Kenieba,2024,3,33.7,42.3,25.5,0.0
12.85,-11.2333,132.0,Kenieba,2024,4,36.1,43.3,29.7,1.0
12.85,-11.2333,132.0,Kenieba,2024,5,35.4,42.3,29.5,68.0
12.85,-11.2333,132.0,Kenieba,2024,6,31.1,37.2,26.0,217.0
12.85,-11.2333,132.0,Kenieba,2024,7,28.2,32.9,25.5,381.0
12.85,-11.2333,132.0,Kenieba,2024,8,28.2,32.9,24.8,348.0
12.85,-11.2333,132.0,Kenieba,2024,9,27.0,31.9,24.0,241.0
12.85,-11.2333,132.0,Kenieba,2024,10,27.8,34.1,23.3,165.0
12.85,-11.2333,132.0,Kenieba,2024,11,27.9,37.0,20.3,0.0
12.85,-11.2333,132.0,Kenieba,2024,12,27.5,35.4,17.5,0.0
12.85,-11.2333,132.0,Kenieba,2025,1,28.3,35.8,20.8,0.0
12.85,-11.2333,132.0,Kenieba,2025,2,29.7,36.8,22.9,0.0
12.85,-11.2333,132.0,Kenieba,2025,3,33.6,41.3,26.2,0.0
12.85,-11.2333,132.0,Kenieba,2025,4,35.0,42.0,29.0,13.0
12.85,-11.2333,132.0,Kenieba,2025,5,33.2,39.5,27.8,107.0
12.85,-11.2333,132.0,Kenieba,2025,6,30.2,35.8,25.4,134.0
12.85,-11.2333,132.0,Kenieba,2025,7,27.8,31.4,23.3,249.0
12.5333,-7.95,380.0,Bamako / Senou,1994,1,24.2,,,0.0
12.5333,-7.95,380.0,Bamako / Senou,1994,2,28.3,,,0.5
12.5333,-7.95,380.0,Bamako / Senou,1994,3,31.3,,,0.5
12.5333,-7.95,380.0,Bamako / Senou,1994,4,33.2,,,4.0
12.5333,-7.95,380.0,Bamako / Senou,1994,5,31.1,,,95.0
12.5333,-7.95,380.0,Bamako / Senou,1994,6,28.4,34.3,,153.0
12.5333,-7.95,380.0,Bamako / Senou,1994,7,26.2,,,318.0
12.5333,-7.95,380.0,Bamako / Senou,1994,8,25.2,30.0,,330.0
12.5333,-7.95,380.0,Bamako / Senou,1994,9,25.9,,,245.0
12.5333,-7.95,380.0,Bamako / Senou,1994,10,26.5,32.6,,49.0
12.5333,-7.95,380.0,Bamako / Senou,1994,11,27.5,,,0.0
12.5333,-7.95,380.0,Bamako / Senou,1994,12,25.1,32.2,,0.0
12.5333,-7.95,380.0,Bamako / Senou,1995,1,23.7,,,0.0
12.5333,-7.95,380.0,Bamako / Senou,1995,2,27.1,,,0.0
12.5333,-7.95,380.0,Bamako / Senou,1995,3,31.0,,,31.0
12.5333,-7.95,380.0,Bamako / Senou,1995,4,31.3,38.4,,17.0
12.5333,-7.95,380.0,Bamako / Senou,1995,5,,,,131.0
12.5333,-7.95,380.0,Bamako / Senou,1995,6,29.1,,,89.0
12.5333,-7.95,380.0,Bamako / Senou,1995,7,26.9,,,163.0
12.5333,-7.95,380.0,Bamako / Senou,1995,8,25.6,,,310.0
12.5333,-7.95,380.0,Bamako / Senou,1995,9,26.2,,,198.0
12.5333,-7.95,380.0,Bamako / Senou,1995,10,27.4,,,114.0
12.5333,-7.95,380.0,Bamako / Senou,1995,11,28.0,,,0.0
12.5333,-7.95,380.0,Bamako / Senou,1995,12,25.4,,,0.0
12.5333,-7.95,380.0,Bamako / Senou,1996,1,27.6,35.1,,0.0
12.5333,-7.95,380.0,Bamako / Senou,1996,2,29.7,37.1,,0.0
12.5333,-7.95,380.0,Bamako / Senou,1996,3,31.2,,,0.5
12.5333,-7.95,380.0,Bamako / Senou,1996,4,32.1,38.9,,8.0
12.5333,-7.95,380.0,Bamako / Senou,1996,5,31.3,,,85.0
12.5333,-7.95,380.0,Bamako / Senou,1996,6,28.7,,,122.0
12.5333,-7.95,380.0,Bamako / Senou,1996,7,26.8,,,133.0
12.5333,-7.95,380.0,Bamako / Senou,1996,8,25.5,,,259.0
12.5333,-7.95,380.0,Bamako / Senou,1996,9,26.1,,,187.0
12.5333,-7.95,380.0,Bamako / Senou,1996,10,27.9,,,28.0
12.5333,-7.95,380.0,Bamako / Senou,1996,11,27.3,35.2,,0.0
12.5333,-7.95,380.0,Bamako / Senou,1996,12,25.6,,,0.0
12.5333,-7.95,380.0,Bamako / Senou,1997,1,27.4,,,0.0
12.5333,-7.95,380.0,Bamako / Senou,1997,2,27.8,,,0.0
12.5333,-7.95,380.0,Bamako / Senou,1997,3,29.5,,,0.0
12.5333,-7.95,380.0,Bamako / Senou,1997,4,31.5,,,10.0
12.5333,-7.95,380.0,Bamako / Senou,1997,5,30.6,36.6,24.5,66.0
12.5333,-7.95,380.0,Bamako / Senou,1997,6,28.3,33.8,24.0,120.0
12.5333,-7.95,380.0,Bamako / Senou,1997,7,,,,129.0
12.5333,-7.95,380.0,Bamako / Senou,1997,8,26.2,31.0,22.3,
12.5333,-7.95,380.0,Bamako / Senou,1997,9,26.3,31.7,21.7,165.0
12.5333,-7.95,380.0,Bamako / Senou,1997,10,27.5,34.1,21.9,36.0
12.5333,-7.95,380.0,Bamako / Senou,1997,11,27.6,35.9,19.0,0.0
12.5333,-7.95,380.0,Bamako / Senou,1997,12,25.3,32.8,17.7,0.0
12.5333,-7.95,380.0,Bamako / Senou,1998,1,25.4,32.6,17.9,0.0
12.5333,-7.95,380.0,Bamako / Senou,1998,2,30.1,37.7,22.3,0.0
12.5333,-7.95,380.0,Bamako / Senou,1998,3,31.3,38.4,23.8,0.5
12.5333,-7.95,380.0,Bamako / Senou,1998,4,33.6,40.7,26.9,4.0
12.5333,-7.95,380.0,Bamako / Senou,1998,5,31.9,38.5,26.5,54.0
12.5333,-7.95,380.0,Bamako / Senou,1998,6,29.1,34.9,24.4,130.0
12.5333,-7.95,380.0,Bamako / Senou,1998,7,27.3,32.4,23.4,198.0
12.5333,-7.95,380.0,Bamako / Senou,1998,8,25.9,30.4,22.0,242.0
12.5333,-7.95,380.0,Bamako / Senou,1998,9,26.1,31.3,20.1,149.0
12.5333,-7.95,380.0,Bamako / Senou,1998,10,27.6,34.3,22.0,41.0
12.5333,-7.95,380.0,Bamako / Senou,1998,11,26.9,35.2,18.8,0.0
12.5333,-7.95,380.0,Bamako / Senou,1998,12,25.4,32.4,18.1,0.0
12.5333,-7.95,380.0,Bamako / Senou,1999,1,25.1,31.9,18.7,0.0
12.5333,-7.95,380.0,Bamako / Senou,1999,2,25.9,33.2,18.4,0.0
12.5333,-7.95,380.0,Bamako / Senou,1999,3,30.9,37.9,23.5,13.0
12.5333,-7.95,380.0,Bamako / Senou,1999,4,32.1,38.6,27.8,34.0
12.5333,-7.95,380.0,Bamako / Senou,1999,5,31.7,38.1,25.9,14.0
12.5333,-7.95,380.0,Bamako / Senou,1999,6,29.9,35.9,24.6,108.0
12.5333,-7.95,380.0,Bamako / Senou,1999,7,26.1,29.1,24.0,240.0
12.5333,-7.95,380.0,Bamako / Senou,1999,8,24.8,28.3,21.7,297.0
12.5333,-7.95,380.0,Bamako / Senou,1999,9,25.2,30.3,21.1,204.0
12.5333,-7.95,380.0,Bamako / Senou,1999,10,26.0,32.1,21.0,104.0
12.5333,-7.95,380.0,Bamako / Senou,1999,11,26.1,33.4,18.5,0.5
12.5333,-7.95,380.0,Bamako / Senou,1999,12,24.4,32.0,16.1,0.0
12.5333,-7.95,380.0,Bamako / Senou,2000,1,26.9,33.4,19.8,0.0
12.5333,-7.95,380.0,Bamako / Senou,2000,2,26.7,33.7,18.8,0.0
12.5333,-7.95,380.0,Bamako / Senou,2000,3,30.6,37.9,22.7,0.5
12.5333,-7.95,380.0,Bamako / Senou,2000,4,32.6,39.7,25.6,25.0
12.5333,-7.95,380.0,Bamako / Senou,2000,5,31.2,37.4,25.4,42.0
12.5333,-7.95,380.0,Bamako / Senou,2000,6,27.8,33.5,22.7,103.0
12.5333,-7.95,380.0,Bamako / Senou,2000,7,26.0,31.2,22.0,247.0
12.5333,-7.95,380.0,Bamako / Senou,2000,8,25.3,30.3,21.1,224.0
12.5333,-7.95,380.0,Bamako / Senou,2000,9,26.1,32.0,21.4,129.0
12.5333,-7.95,380.0,Bamako / Senou,2000,10,26.3,33.4,20.6,43.0
12.5333,-7.95,380.0,Bamako / Senou,2000,11,26.1,35.0,17.7,11.0
12.5333,-7.95,380.0,Bamako / Senou,2000,12,24.9,33.3,16.1,0.0
12.5333,-7.95,380.0,Bamako / Senou,2001,1,25.3,32.5,16.3,0.0
12.5333,-7.95,380.0,Bamako / Senou,2001,2,27.4,35.1,19.0,0.0
12.5333,-7.95,380.0,Bamako / Senou,2001,3,31.3,38.2,,0.0
12.5333,-7.95,380.0,Bamako / Senou,2001,6,28.0,31.1,24.6,140.0
12.5333,-7.95,380.0,Bamako / Senou,2001,7,26.1,31.0,22.2,213.0
12.5333,-7.95,380.0,Bamako / Senou,2001,8,25.6,31.0,22.0,248.0
12.5333,-7.95,380.0,Bamako / Senou,2001,9,25.2,31.9,21.6,106.0
12.5333,-7.95,380.0,Bamako / Senou,2001,10,27.3,35.1,21.0,41.0
12.5333,-7.95,380.0,Bamako / Senou,2001,11,27.0,35.9,18.3,0.0
12.5333,-7.95,380.0,Bamako / Senou,2001,12,27.0,,,0.0
12.5333,-7.95,380.0,Bamako / Senou,2002,1,26.0,,,0.0
12.5333,-7.95,380.0,Bamako / Senou,2002,2,27.5,35.7,,0.0
12.5333,-7.95,380.0,Bamako / Senou,2002,3,31.4,38.9,24.0,2.0
12.5333,-7.95,380.0,Bamako / Senou,2002,4,32.5,39.5,25.3,23.0
12.5333,-7.95,380.0,Bamako / Senou,2002,5,32.2,39.2,26.4,22.0
12.5333,-7.95,380.0,Bamako / Senou,2002,6,29.3,36.5,23.9,65.0
12.5333,-7.95,380.0,Bamako / Senou,2002,7,26.9,31.9,22.6,138.0
12.5333,-7.95,380.0,Bamako / Senou,2002,8,25.7,30.9,22.0,300.0
12.5333,-7.95,380.0,Bamako / Senou,2002,9,26.8,32.6,22.2,120.0
12.5333,-7.95,380.0,Bamako / Senou,2002,10,27.0,34.3,21.6,62.0
12.5333,-7.95,380.0,Bamako / Senou,2002,11,27.0,35.9,18.5,0.0
12.5333,-7.95,380.0,Bamako / Senou,2002,12,26.0,33.5,18.5,0.0
12.5333,-7.95,380.0,Bamako / Senou,2003,1,25.2,32.1,18.3,0.5
12.5333,-7.95,380.0,Bamako / Senou,2003,2,29.7,37.4,22.7,0.0
12.5333,-7.95,380.0,Bamako / Senou,2003,3,31.6,39.1,24.0,0.0
12.5333,-7.95,380.0,Bamako / Senou,2003,4,32.8,40.1,26.1,13.0
12.5333,-7.95,380.0,Bamako / Senou,2003,5,31.8,,,48.0
12.5333,-7.95,380.0,Bamako / Senou,2003,6,27.8,33.9,23.1,143.0
12.5333,-7.95,380.0,Bamako / Senou,2003,7,25.8,31.1,22.1,278.0
12.5333,-7.95,380.0,Bamako / Senou,2003,8,25.4,,,265.0
12.5333,-7.95,380.0,Bamako / Senou,2003,9,25.4,31.2,20.5,269.0
12.5333,-7.95,380.0,Bamako / Senou,2003,10,27.3,34.5,20.5,60.0
12.5333,-7.95,380.0,Bamako / Senou,2003,11,26.5,34.7,17.4,9.0
12.5333,-7.95,380.0,Bamako / Senou,2003,12,24.8,34.2,15.3,0.0
12.5333,-7.95,380.0,Bamako / Senou,2004,1,25.2,33.0,15.9,1.0
12.5333,-7.95,380.0,Bamako / Senou,2004,2,28.7,36.7,20.2,0.0
12.5333,-7.95,380.0,Bamako / Senou,2004,3,30.6,38.2,,0.0
12.5333,-7.95,380.0,Bamako / Senou,2004,4,31.7,38.4,25.0,32.0
12.5333,-7.95,380.0,Bamako / Senou,2004,5,31.6,39.2,24.0,30.0
12.5333,-7.95,380.0,Bamako / Senou,2004,6,28.1,,,231.0
12.5333,-7.95,380.0,Bamako / Senou,2004,7,25.5,30.6,21.1,397.0
12.5333,-7.95,380.0,Bamako / Senou,2004,8,25.6,31.1,21.1,302.0
12.5333,-7.95,380.0,Bamako / Senou,2004,9,26.5,,,110.0
12.5333,-7.95,380.0,Bamako / Senou,2004,10,27.6,36.5,,16.0
12.5333,-7.95,380.0,Bamako / Senou,2004,11,27.4,,,0.0
12.5333,-7.95,380.0,Bamako / Senou,2004,12,26.3,35.8,17.3,0.0
12.5333,-7.95,380.0,Bamako / Senou,2005,1,24.8,32.3,16.9,0.5
12.5333,-7.95,380.0,Bamako / Senou,2005,2,29.4,36.2,21.8,0.0
12.5333,-7.95,380.0,Bamako / Senou,2005,4,32.9,40.6,23.5,52.0
12.5333,-7.95,380.0,Bamako / Senou,2005,5,31.5,38.6,24.0,29.0
12.5333,-7.95,380.0,Bamako / Senou,2005,6,28.1,,,153.0
12.5333,-7.95,380.0,Bamako / Senou,2005,7,26.1,,,300.0
12.5333,-7.95,380.0,Bamako / Senou,2005,8,25.5,31.1,21.3,369.0
12.5333,-7.95,380.0,Bamako / Senou,2005,9,26.3,32.2,21.6,177.0
12.5333,-7.95,380.0,Bamako / Senou,2005,10,26.9,,,41.0
12.5333,-7.95,380.0,Bamako / Senou,2005,11,26.2,36.6,,0.0
12.5333,-7.95,380.0,Bamako / Senou,2005,12,26.6,,,0.0
12.5333,-7.95,380.0,Bamako / Senou,2006,2,27.3,35.4,19.4,0.0
12.5333,-7.95,380.0,Bamako / Senou,2006,3,30.8,,,0.0
12.5333,-7.95,380.0,Bamako / Senou,2006,4,31.4,,,99.0
12.5333,-7.95,380.0,Bamako / Senou,2006,5,30.1,37.3,23.6,134.0
12.5333,-7.95,380.0,Bamako / Senou,2006,6,28.1,34.6,,107.0
12.5333,-7.95,380.0,Bamako / Senou,2006,7,27.0,,,105.0
12.5333,-7.95,380.0,Bamako / Senou,2006,8,26.1,,,278.0
12.5333,-7.95,380.0,Bamako / Senou,2006,9,25.6,31.5,20.0,340.0
12.5333,-7.95,380.0,Bamako / Senou,2006,10,27.1,34.8,19.7,26.0
12.5333,-7.95,380.0,Bamako / Senou,2006,11,25.5,35.8,,0.0
12.5333,-7.95,380.0,Bamako / Senou,2006,12,23.6,32.7,,0.0
12.5333,-7.95,380.0,Bamako / Senou,2007,1,24.7,33.2,,0.0
12.5333,-7.95,380.0,Bamako / Senou,2007,2,27.8,,,0.0
12.5333,-7.95,380.0,Bamako / Senou,2007,3,31.0,,,0.0
12.5333,-7.95,380.0,Bamako / Senou,2007,4,32.6,,,2.0
12.5333,-7.95,380.0,Bamako / Senou,2007,5,31.6,,,76.0
12.5333,-7.95,380.0,Bamako / Senou,2007,6,30.4,36.8,24.6,96.0
12.5333,-7.95,380.0,Bamako / Senou,2007,7,26.5,31.6,22.6,207.0
12.5333,-7.95,380.0,Bamako / Senou,2007,8,25.4,,,256.0
12.5333,-7.95,380.0,Bamako / Senou,2007,9,26.2,32.3,21.5,178.0
12.5333,-7.95,380.0,Bamako / Senou,2007,10,27.0,34.9,20.7,40.0
12.5333,-7.95,380.0,Bamako / Senou,2007,11,26.5,,,0.0
12.5333,-7.95,380.0,Bamako / Senou,2007,12,24.6,,,0.0
12.5333,-7.95,380.0,Bamako / Senou,2008,1,22.8,30.4,14.8,0.0
12.5333,-7.95,380.0,Bamako / Senou,2008,2,28.3,36.6,18.6,0.0
12.5333,-7.95,380.0,Bamako / Senou,2008,3,30.6,38.7,21.7,8.0
12.5333,-7.95,380.0,Bamako / Senou,2008,4,31.4,38.8,23.5,45.0
12.5333,-7.95,380.0,Bamako / Senou,2008,5,31.0,38.3,24.9,77.0
12.5333,-7.95,380.0,Bamako / Senou,2008,6,28.9,35.4,23.0,111.0
12.5333,-7.95,380.0,Bamako / Senou,2008,7,25.9,31.1,21.7,307.0
12.5333,-7.95,380.0,Bamako / Senou,2008,8,25.4,30.8,21.7,375.0
12.5333,-7.95,380.0,Bamako / Senou,2008,9,26.1,,,150.0
12.5333,-7.95,380.0,Bamako / Senou,2008,10,26.8,33.8,21.4,153.0
12.5333,-7.95,380.0,Bamako / Senou,2008,11,25.4,35.4,15.0,0.0
12.5333,-7.95,380.0,Bamako / Senou,2008,12,25.0,33.3,15.4,0.0
12.5333,-7.95,380.0,Bamako / Senou,2009,1,23.5,30.8,15.9,0.0
12.5333,-7.95,380.0,Bamako / Senou,2009,2,28.9,36.3,21.4,0.0
12.5333,-7.95,380.0,Bamako / Senou,2009,3,31.4,38.3,24.1,3.0
12.5333,-7.95,380.0,Bamako / Senou,2009,4,32.7,39.7,25.1,5.0
12.5333,-7.95,380.0,Bamako / Senou,2009,5,31.7,38.7,25.2,31.0
12.5333,-7.95,380.0,Bamako / Senou,2009,6,29.2,35.7,23.6,84.0
12.5333,-7.95,380.0,Bamako / Senou,2009,7,26.9,32.5,22.2,209.0
12.5333,-7.95,380.0,Bamako / Senou,2009,8,25.7,30.8,22.0,206.0
12.5333,-7.95,380.0,Bamako / Senou,2009,9,26.0,31.6,21.9,351.0
12.5333,-7.95,380.0,Bamako / Senou,2009,10,26.9,34.6,21.0,35.0
12.5333,-7.95,380.0,Bamako / Senou,2009,11,25.3,34.2,16.3,16.0
12.5333,-7.95,380.0,Bamako / Senou,2009,12,25.6,34.7,15.0,0.0
12.5333,-7.95,380.0,Bamako / Senou,2010,1,25.6,34.9,15.7,0.0
12.5333,-7.95,380.0,Bamako / Senou,2010,2,29.8,38.4,,0.0
12.5333,-7.95,380.0,Bamako / Senou,2010,3,31.7,39.5,23.2,0.0
12.5333,-7.95,380.0,Bamako / Senou,2010,4,32.7,39.9,26.1,26.0
12.5333,-7.95,380.0,Bamako / Senou,2010,5,30.1,36.4,24.9,143.0
12.5333,-7.95,380.0,Bamako / Senou,2010,6,28.9,34.4,23.7,111.0
12.5333,-7.95,380.0,Bamako / Senou,2010,7,26.4,31.3,22.0,187.0
12.5333,-7.95,380.0,Bamako / Senou,2010,8,25.5,30.7,22.0,313.0
12.5333,-7.95,380.0,Bamako / Senou,2010,9,25.7,31.2,21.0,318.0
12.5333,-7.95,380.0,Bamako / Senou,2010,10,26.9,34.0,21.2,66.0
12.5333,-7.95,380.0,Bamako / Senou,2010,11,26.6,,,0.5
12.5333,-7.95,380.0,Bamako / Senou,2010,12,24.8,34.9,13.4,0.0
12.5333,-7.95,380.0,Bamako / Senou,2011,1,25.2,33.6,15.2,0.0
12.5333,-7.95,380.0,Bamako / Senou,2011,2,26.5,34.2,18.5,0.0
12.5333,-7.95,380.0,Bamako / Senou,2011,3,31.4,39.3,22.7,0.0
12.5333,-7.95,380.0,Bamako / Senou,2011,4,31.3,39.0,23.5,16.0
12.5333,-7.95,380.0,Bamako / Senou,2011,5,30.5,37.3,24.7,77.0
12.5333,-7.95,380.0,Bamako / Senou,2011,6,28.4,35.1,24.1,146.0
12.5333,-7.95,380.0,Bamako / Senou,2011,7,26.2,31.7,21.9,239.0
12.5333,-7.95,380.0,Bamako / Senou,2011,8,25.6,,,299.0
12.5333,-7.95,380.0,Bamako / Senou,2011,9,26.4,33.0,20.9,87.0
12.5333,-7.95,380.0,Bamako / Senou,2011,10,27.0,35.2,20.7,44.0
12.5333,-7.95,380.0,Bamako / Senou,2011,11,26.0,36.5,15.9,0.0
12.5333,-7.95,380.0,Bamako / Senou,2011,12,23.9,32.4,14.4,0.0
12.5333,-7.95,380.0,Bamako / Senou,2012,1,24.2,31.8,16.2,0.0
12.5333,-7.95,380.0,Bamako / Senou,2012,2,26.8,34.1,18.5,0.0
12.5333,-7.95,380.0,Bamako / Senou,2012,4,31.5,38.4,23.6,16.0
12.5333,-7.95,380.0,Bamako / Senou,2012,5,31.2,37.8,23.8,29.0
12.5333,-7.95,380.0,Bamako / Senou,2012,6,27.7,33.5,23.5,206.0
12.5333,-7.95,380.0,Bamako / Senou,2012,7,25.6,30.8,22.2,305.0
12.5333,-7.95,380.0,Bamako / Senou,2012,8,25.2,30.7,22.3,325.0
12.5333,-7.95,380.0,Bamako / Senou,2012,10,27.3,,,
12.5333,-7.95,380.0,Bamako / Senou,2012,11,26.8,,,5.0
12.5333,-7.95,380.0,Bamako / Senou,2012,12,25.2,,,
12.5333,-7.95,380.0,Bamako / Senou,2013,1,23.5,,,
12.5333,-7.95,380.0,Bamako / Senou,2013,2,27.3,,,
12.5333,-7.95,380.0,Bamako / Senou,2013,6,29.2,35.3,23.8,106.0
12.5333,-7.95,380.0,Bamako / Senou,2013,8,25.7,,,
12.5333,-7.95,380.0,Bamako / Senou,2013,9,26.5,32.5,22.0,143.0
12.5333,-7.95,380.0,Bamako / Senou,2013,10,26.6,34.3,21.1,93.0
12.5333,-7.95,380.0,Bamako / Senou,2013,11,26.6,36.0,17.2,0.0
12.5333,-7.95,380.0,Bamako / Senou,2013,12,24.5,32.6,15.9,0.0
12.5333,-7.95,380.0,Bamako / Senou,2014,1,26.3,34.5,17.9,0.0
12.5333,-7.95,380.0,Bamako / Senou,2014,2,27.0,34.4,19.2,0.0
12.5333,-7.95,380.0,Bamako / Senou,2014,3,29.7,38.0,20.7,0.0
12.5333,-7.95,380.0,Bamako / Senou,2014,5,29.8,36.1,24.4,662.0
12.5333,-7.95,380.0,Bamako / Senou,2014,6,27.8,33.4,23.5,242.0
12.5333,-7.95,380.0,Bamako / Senou,2014,7,26.7,32.4,23.1,147.0
12.5333,-7.95,380.0,Bamako / Senou,2014,8,25.8,31.0,22.0,135.0
12.5333,-7.95,380.0,Bamako / Senou,2014,9,25.9,32.1,21.2,171.0
12.5333,-7.95,380.0,Bamako / Senou,2014,10,27.2,35.0,21.0,19.0
12.5333,-7.95,380.0,Bamako / Senou,2014,11,26.8,35.7,18.4,5.0
12.5333,-7.95,380.0,Bamako / Senou,2014,12,24.9,32.8,17.0,0.0
12.5333,-7.95,380.0,Bamako / Senou,2015,1,24.4,31.8,16.9,0.0
12.5333,-7.95,380.0,Bamako / Senou,2015,2,28.1,36.2,19.9,0.0
12.5333,-7.95,380.0,Bamako / Senou,2015,3,30.2,37.3,22.6,0.0
12.5333,-7.95,380.0,Bamako / Senou,2015,4,32.5,39.9,24.5,14.0
12.5333,-7.95,380.0,Bamako / Senou,2015,5,31.7,38.7,26.2,28.0
12.5333,-7.95,380.0,Bamako / Senou,2015,6,28.8,35.5,23.8,152.0
12.5333,-7.95,380.0,Bamako / Senou,2015,7,26.9,32.4,22.3,260.0
12.5333,-7.95,380.0,Bamako / Senou,2015,8,25.8,30.8,21.9,220.0
12.5333,-7.95,380.0,Bamako / Senou,2015,9,26.2,31.8,22.3,198.0
12.5333,-7.95,380.0,Bamako / Senou,2015,10,27.0,33.6,22.1,86.0
12.5333,-7.95,380.0,Bamako / Senou,2015,11,25.9,34.4,17.5,0.0
12.5333,-7.95,380.0,Bamako / Senou,2015,12,24.1,31.3,15.5,0.0
12.5333,-7.95,380.0,Bamako / Senou,2016,1,25.6,32.1,18.5,8.0
12.5333,-7.95,380.0,Bamako / Senou,2016,2,27.6,35.3,19.3,0.0
12.5333,-7.95,380.0,Bamako / Senou,2016,3,30.4,38.5,21.5,0.0
12.5333,-7.95,380.0,Bamako / Senou,2016,4,33.0,40.4,25.2,19.0
12.5333,-7.95,380.0,Bamako / Senou,2016,5,31.5,38.6,25.6,98.0
12.5333,-7.95,380.0,Bamako / Senou,2016,6,28.9,34.8,23.8,184.0
12.5333,-7.95,380.0,Bamako / Senou,2016,7,26.0,31.1,22.4,276.0
12.5333,-7.95,380.0,Bamako / Senou,2016,8,25.7,30.5,22.1,289.0
12.5333,-7.95,380.0,Bamako / Senou,2016,9,26.4,32.5,22.2,100.0
12.5333,-7.95,380.0,Bamako / Senou,2016,10,27.9,35.6,21.8,25.0
12.5333,-7.95,380.0,Bamako / Senou,2016,11,26.4,36.0,17.9,0.5
12.5333,-7.95,380.0,Bamako / Senou,2016,12,26.0,33.3,18.7,0.0
12.5333,-7.95,380.0,Bamako / Senou,2017,1,25.1,33.1,16.9,0.0
12.5333,-7.95,380.0,Bamako / Senou,2017,2,29.2,36.9,21.6,0.0
12.5333,-7.95,380.0,Bamako / Senou,2017,3,31.9,39.9,23.9,34.0
12.5333,-7.95,380.0,Bamako / Senou,2017,4,32.2,39.8,25.1,8.0
12.5333,-7.95,380.0,Bamako / Senou,2017,5,30.6,37.3,25.1,55.0
12.5333,-7.95,380.0,Bamako / Senou,2017,6,28.5,34.4,24.1,69.0
12.5333,-7.95,380.0,Bamako / Senou,2017,7,26.5,31.6,22.4,331.0
12.5333,-7.95,380.0,Bamako / Senou,2017,8,25.8,30.8,22.7,228.0
12.5333,-7.95,380.0,Bamako / Senou,2017,9,26.5,32.7,21.7,90.0
12.5333,-7.95,380.0,Bamako / Senou,2017,10,27.5,36.0,19.7,9.0
12.5333,-7.95,380.0,Bamako / Senou,2017,11,26.0,36.3,17.9,0.0
12.5333,-7.95,380.0,Bamako / Senou,2017,12,24.2,31.8,16.6,0.0
12.5333,-7.95,380.0,Bamako / Senou,2018,1,25.0,32.6,17.3,0.0
12.5333,-7.95,380.0,Bamako / Senou,2018,2,27.9,35.1,20.6,0.0
12.5333,-7.95,380.0,Bamako / Senou,2018,3,31.3,38.9,22.8,0.0
12.5333,-7.95,380.0,Bamako / Senou,2018,4,32.0,39.4,24.6,2.0
12.5333,-7.95,380.0,Bamako / Senou,2018,5,31.3,38.4,24.4,65.0
12.5333,-7.95,380.0,Bamako / Senou,2018,6,28.6,34.3,23.5,154.0
12.5333,-7.95,380.0,Bamako / Senou,2018,7,26.3,31.0,22.2,282.0
12.5333,-7.95,380.0,Bamako / Senou,2018,8,25.3,30.4,21.9,297.0
12.5333,-7.95,380.0,Bamako / Senou,2018,9,26.0,31.4,21.9,238.0
12.5333,-7.95,380.0,Bamako / Senou,2018,10,27.7,34.9,22.0,
12.5333,-7.95,380.0,Bamako / Senou,2018,11,27.6,35.5,19.2,0.0
12.5333,-7.95,380.0,Bamako / Senou,2018,12,25.4,33.6,15.4,0.0
12.5333,-7.95,380.0,Bamako / Senou,2019,1,24.5,33.0,14.7,0.0
12.5333,-7.95,380.0,Bamako / Senou,2019,2,27.3,34.9,20.3,
12.5333,-7.95,380.0,Bamako / Senou,2019,3,29.5,36.6,21.4,4.0
12.5333,-7.95,380.0,Bamako / Senou,2019,4,33.3,39.7,26.8,
12.5333,-7.95,380.0,Bamako / Senou,2019,5,32.0,38.5,26.5,
12.5333,-7.95,380.0,Bamako / Senou,2019,6,29.7,36.0,24.2,
12.5333,-7.95,380.0,Bamako / Senou,2019,7,26.7,32.1,22.0,256.0
12.5333,-7.95,380.0,Bamako / Senou,2019,8,25.7,30.4,21.4,358.0
12.5333,-7.95,380.0,Bamako / Senou,2019,9,26.4,32.3,21.5,161.0
12.5333,-7.95,380.0,Bamako / Senou,2019,10,27.0,33.9,21.4,89.0
12.5333,-7.95,380.0,Bamako / Senou,2019,11,27.7,35.8,18.4,0.0
12.5333,-7.95,380.0,Bamako / Senou,2019,12,25.7,34.5,14.9,0.0
12.5333,-7.95,380.0,Bamako / Senou,2020,1,24.9,32.3,16.4,0.0
12.5333,-7.95,380.0,Bamako / Senou,2020,2,29.2,36.1,19.6,0.0
12.5333,-7.95,380.0,Bamako / Senou,2020,3,30.9,38.6,23.3,0.5
12.5333,-7.95,380.0,Bamako / Senou,2020,4,32.3,39.5,24.7,6.0
12.5333,-7.95,380.0,Bamako / Senou,2020,5,31.5,38.5,26.5,
12.5333,-7.95,380.0,Bamako / Senou,2020,6,28.6,34.9,22.8,107.0
12.5333,-7.95,380.0,Bamako / Senou,2020,7,26.2,31.0,22.1,380.0
12.5333,-7.95,380.0,Bamako / Senou,2020,8,25.6,29.9,21.7,263.0
12.5333,-7.95,380.0,Bamako / Senou,2020,9,25.8,31.4,21.4,165.0
12.5333,-7.95,380.0,Bamako / Senou,2020,10,26.4,34.0,19.3,45.0
12.5333,-7.95,380.0,Bamako / Senou,2020,11,26.6,34.9,15.7,0.0
12.5333,-7.95,380.0,Bamako / Senou,2020,12,26.5,35.0,16.3,0.0
12.5333,-7.95,380.0,Bamako / Senou,2021,1,26.8,34.8,17.5,0.0
12.5333,-7.95,380.0,Bamako / Senou,2021,2,28.1,36.1,19.0,0.0
12.5333,-7.95,380.0,Bamako / Senou,2021,3,30.8,37.9,23.0,4.0
12.5333,-7.95,380.0,Bamako / Senou,2021,4,32.5,40.4,24.3,4.0
12.5333,-7.95,380.0,Bamako / Senou,2021,5,31.0,37.8,24.7,51.0
12.5333,-7.95,380.0,Bamako / Senou,2021,6,28.7,35.2,23.1,95.0
12.5333,-7.95,380.0,Bamako / Senou,2021,7,26.7,32.1,22.2,261.0
12.5333,-7.95,380.0,Bamako / Senou,2021,8,25.3,30.5,21.9,287.0
12.5333,-7.95,380.0,Bamako / Senou,2021,9,26.4,32.6,21.7,146.0
12.5333,-7.95,380.0,Bamako / Senou,2021,10,27.3,34.6,22.1,52.0
12.5333,-7.95,380.0,Bamako / Senou,2021,11,27.6,36.2,17.6,0.5
12.5333,-7.95,380.0,Bamako / Senou,2021,12,26.6,34.5,17.2,0.0
12.5333,-7.95,380.0,Bamako / Senou,2022,1,25.6,33.0,16.8,0.0
12.5333,-7.95,380.0,Bamako / Senou,2022,2,27.9,36.4,19.4,0.0
12.5333,-7.95,380.0,Bamako / Senou,2022,3,31.1,38.4,23.6,8.0
12.5333,-7.95,380.0,Bamako / Senou,2022,4,32.5,40.0,24.5,10.0
12.5333,-7.95,380.0,Bamako / Senou,2022,5,31.4,38.6,25.1,39.0
12.5333,-7.95,380.0,Bamako / Senou,2022,6,28.1,34.8,22.3,171.0
12.5333,-7.95,380.0,Bamako / Senou,2022,7,26.2,31.5,22.0,158.0
12.5333,-7.95,380.0,Bamako / Senou,2022,8,25.3,31.3,21.6,284.0
12.5333,-7.95,380.0,Bamako / Senou,2022,9,25.6,31.4,21.2,239.0
12.5333,-7.95,380.0,Bamako / Senou,2022,10,27.1,34.3,21.3,33.7
12.5333,-7.95,380.0,Bamako / Senou,2022,11,25.5,34.7,15.4,0.0
12.5333,-7.95,380.0,Bamako / Senou,2022,12,25.8,33.5,16.2,0.0
12.5333,-7.95,380.0,Bamako / Senou,2023,1,25.7,34.4,15.2,0.0
12.5333,-7.95,380.0,Bamako / Senou,2023,2,29.0,37.1,20.3,0.0
12.5333,-7.95,380.0,Bamako / Senou,2023,3,29.9,39.4,20.5,14.0
12.5333,-7.95,380.0,Bamako / Senou,2023,4,32.2,40.3,23.8,1.0
12.5333,-7.95,380.0,Bamako / Senou,2023,5,30.1,37.5,24.3,226.0
12.5333,-7.95,380.0,Bamako / Senou,2023,6,28.3,34.5,23.6,98.0
12.5333,-7.95,380.0,Bamako / Senou,2023,7,27.0,33.2,22.8,117.0
12.5333,-7.95,380.0,Bamako / Senou,2023,8,26.2,31.2,22.5,231.0
12.5333,-7.95,380.0,Bamako / Senou,2023,9,26.6,33.1,21.9,128.0
12.5333,-7.95,380.0,Bamako / Senou,2023,10,27.3,35.1,21.8,48.0
12.5333,-7.95,380.0,Bamako / Senou,2023,11,27.0,36.8,17.4,0.0
12.5333,-7.95,380.0,Bamako / Senou,2023,12,25.5,33.8,15.6,0.0
12.5333,-7.95,380.0,Bamako / Senou,2024,1,26.9,35.4,16.8,0.0
12.5333,-7.95,380.0,Bamako / Senou,2024,2,29.0,37.3,19.7,0.0
12.5333,-7.95,380.0,Bamako / Senou,2024,3,32.8,40.2,25.3,0.0
12.5333,-7.95,380.0,Bamako / Senou,2024,4,33.6,41.0,26.8,36.0
12.5333,-7.95,380.0,Bamako / Senou,2024,5,32.8,40.1,26.7,63.0
12.5333,-7.95,380.0,Bamako / Senou,2024,6,29.7,37.0,24.7,143.0
12.5333,-7.95,380.0,Bamako / Senou,2024,7,26.7,31.9,23.0,377.0
12.5333,-7.95,380.0,Bamako / Senou,2024,8,26.1,31.0,22.6,382.0
12.5333,-7.95,380.0,Bamako / Senou,2024,9,26.3,31.5,22.6,141.0
12.5333,-7.95,380.0,Bamako / Senou,2024,10,26.9,33.8,21.3,112.0
12.5333,-7.95,380.0,Bamako / Senou,2024,11,26.5,35.3,15.7,0.0
12.5333,-7.95,380.0,Bamako / Senou,2024,12,25.4,33.6,15.7,0.0
12.5333,-7.95,380.0,Bamako / Senou,2025,1,25.5,33.4,17.4,0.0
12.5333,-7.95,380.0,Bamako / Senou,2025,2,27.7,35.1,20.1,0.0
12.5333,-7.95,380.0,Bamako / Senou,2025,3,31.6,39.7,24.3,10.0
12.5333,-7.95,380.0,Bamako / Senou,2025,4,32.0,39.9,25.0,36.0
12.5333,-7.95,380.0,Bamako / Senou,2025,5,30.1,37.2,24.7,51.0
12.5333,-7.95,380.0,Bamako / Senou,2025,6,28.4,35.4,23.2,188.0
12.5333,-7.95,380.0,Bamako / Senou,2025,7,26.7,31.3,22.8,180.7
12.5333,-7.95,380.0,Bamako / Senou,2025,8,25.7,29.7,22.5,
12.3833,-5.4667,365.0,Koutiala,1994,1,23.3,,,0.0
12.3833,-5.4667,365.0,Koutiala,1994,2,27.2,35.6,19.7,27.0
12.3833,-5.4667,365.0,Koutiala,1994,3,30.9,,24.3,0.0
12.3833,-5.4667,365.0,Koutiala,1994,4,32.5,39.6,,18.0
12.3833,-5.4667,365.0,Koutiala,1994,5,30.3,,,99.0
12.3833,-5.4667,365.0,Koutiala,1994,6,28.6,34.4,,96.0
12.3833,-5.4667,365.0,Koutiala,1994,7,26.2,,,190.0
12.3833,-5.4667,365.0,Koutiala,1994,8,25.0,29.2,,465.0
12.3833,-5.4667,365.0,Koutiala,1994,9,25.4,,,317.0
12.3833,-5.4667,365.0,Koutiala,1994,10,26.5,,,156.0
12.3833,-5.4667,365.0,Koutiala,1994,11,27.1,,,2.0
12.3833,-5.4667,365.0,Koutiala,1994,12,24.1,,,0.0
12.3833,-5.4667,365.0,Koutiala,1995,1,22.3,,,0.0
12.3833,-5.4667,365.0,Koutiala,1995,2,25.9,35.1,,0.0
12.3833,-5.4667,365.0,Koutiala,1995,3,31.2,,24.6,12.0
12.3833,-5.4667,365.0,Koutiala,1995,4,31.2,,26.2,56.0
12.3833,-5.4667,365.0,Koutiala,1995,5,30.3,,,71.0
12.3833,-5.4667,365.0,Koutiala,1995,6,29.7,34.7,,100.0
12.3833,-5.4667,365.0,Koutiala,1995,7,26.4,,,196.0
12.3833,-5.4667,365.0,Koutiala,1995,8,25.8,,,255.0
12.3833,-5.4667,365.0,Koutiala,1995,9,26.7,,,112.0
12.3833,-5.4667,365.0,Koutiala,1995,10,28.0,,,34.0
12.3833,-5.4667,365.0,Koutiala,1995,11,27.0,,,0.0
12.3833,-5.4667,365.0,Koutiala,1995,12,25.2,,,8.0
12.3833,-5.4667,365.0,Koutiala,1996,1,26.1,,,0.0
12.3833,-5.4667,365.0,Koutiala,1996,2,28.9,,,0.0
12.3833,-5.4667,365.0,Koutiala,1996,3,31.1,,,0.0
12.3833,-5.4667,365.0,Koutiala,1996,4,31.8,,,13.0
12.3833,-5.4667,365.0,Koutiala,1996,5,31.3,,,83.0
12.3833,-5.4667,365.0,Koutiala,1996,6,29.1,,,135.0
12.3833,-5.4667,365.0,Koutiala,1996,7,27.0,,,123.0
12.3833,-5.4667,365.0,Koutiala,1996,8,25.8,,,183.0
12.3833,-5.4667,365.0,Koutiala,1996,9,26.1,,,94.0
12.3833,-5.4667,365.0,Koutiala,1996,10,28.1,,,34.0
12.3833,-5.4667,365.0,Koutiala,1996,11,26.2,,,0.0
12.3833,-5.4667,365.0,Koutiala,1996,12,25.3,,,0.0
12.3833,-5.4667,365.0,Koutiala,1997,1,26.1,,,7.0
12.3833,-5.4667,365.0,Koutiala,1997,2,26.5,,,0.0
12.3833,-5.4667,365.0,Koutiala,1997,3,29.3,,,0.0
12.3833,-5.4667,365.0,Koutiala,1997,4,31.2,,,12.0
12.3833,-5.4667,365.0,Koutiala,1997,5,,,,68.0
12.3833,-5.4667,365.0,Koutiala,1997,6,28.0,33.0,21.9,116.0
12.3833,-5.4667,365.0,Koutiala,1997,8,26.3,30.5,22.0,328.0
12.3833,-5.4667,365.0,Koutiala,1997,9,26.9,31.8,22.4,195.0
12.3833,-5.4667,365.0,Koutiala,1997,10,28.4,34.4,22.7,23.0
12.3833,-5.4667,365.0,Koutiala,1997,11,28.0,36.2,19.3,0.5
12.3833,-5.4667,365.0,Koutiala,1997,12,24.9,33.2,16.5,0.0
12.3833,-5.4667,365.0,Koutiala,1998,1,24.4,32.7,15.9,0.5
12.3833,-5.4667,365.0,Koutiala,1998,2,29.1,37.6,19.8,0.5
12.3833,-5.4667,365.0,Koutiala,1998,3,30.6,38.2,22.2,0.5
12.3833,-5.4667,365.0,Koutiala,1998,4,33.3,,29.7,22.0
12.3833,-5.4667,365.0,Koutiala,1998,5,31.4,,26.5,84.0
12.3833,-5.4667,365.0,Koutiala,1998,6,29.1,33.9,23.6,132.0
12.3833,-5.4667,365.0,Koutiala,1998,7,27.3,31.9,22.3,158.0
12.3833,-5.4667,365.0,Koutiala,1998,8,26.2,30.5,21.9,
12.3833,-5.4667,365.0,Koutiala,1998,9,26.3,30.9,,226.0
12.3833,-5.4667,365.0,Koutiala,1998,10,28.4,34.3,22.8,52.0
12.3833,-5.4667,365.0,Koutiala,1998,11,27.1,35.3,18.8,0.0
12.3833,-5.4667,365.0,Koutiala,1998,12,24.9,32.7,16.7,0.0
12.3833,-5.4667,365.0,Koutiala,1999,1,24.5,31.9,17.2,0.0
12.3833,-5.4667,365.0,Koutiala,1999,2,25.5,36.6,17.4,0.0
12.3833,-5.4667,365.0,Koutiala,1999,3,30.9,38.4,22.8,6.0
12.3833,-5.4667,365.0,Koutiala,1999,4,32.3,38.7,25.5,5.0
12.3833,-5.4667,365.0,Koutiala,1999,5,31.5,37.3,26.1,32.0
12.3833,-5.4667,365.0,Koutiala,1999,6,29.5,35.2,24.1,112.0
12.3833,-5.4667,365.0,Koutiala,1999,7,26.5,30.7,21.9,186.0
12.3833,-5.4667,365.0,Koutiala,1999,8,25.0,28.8,21.5,243.0
12.3833,-5.4667,365.0,Koutiala,1999,9,25.5,30.1,21.6,220.0
12.3833,-5.4667,365.0,Koutiala,1999,10,27.9,,,66.0
12.3833,-5.4667,365.0,Koutiala,1999,11,27.2,34.6,19.9,0.0
12.3833,-5.4667,365.0,Koutiala,1999,12,23.9,32.5,15.2,0.0
12.3833,-5.4667,365.0,Koutiala,2000,1,26.6,33.9,19.4,2.0
12.3833,-5.4667,365.0,Koutiala,2000,2,25.0,32.9,15.3,0.0
12.3833,-5.4667,365.0,Koutiala,2000,3,29.4,37.1,21.3,5.0
12.3833,-5.4667,365.0,Koutiala,2000,4,32.7,39.3,27.1,46.0
12.3833,-5.4667,365.0,Koutiala,2000,6,28.7,34.4,23.6,152.0
12.3833,-5.4667,365.0,Koutiala,2000,7,26.5,31.4,22.7,155.0
12.3833,-5.4667,365.0,Koutiala,2000,8,25.7,30.3,21.8,279.0
12.3833,-5.4667,365.0,Koutiala,2000,9,27.0,32.4,22.7,44.0
12.3833,-5.4667,365.0,Koutiala,2000,10,27.9,34.4,22.7,39.0
12.3833,-5.4667,365.0,Koutiala,2000,11,27.6,35.5,19.4,0.0
12.3833,-5.4667,365.0,Koutiala,2000,12,24.5,32.9,15.7,0.0
12.3833,-5.4667,365.0,Koutiala,2001,1,24.2,32.9,14.9,0.0
12.3833,-5.4667,365.0,Koutiala,2001,2,25.9,34.3,16.9,0.0
12.3833,-5.4667,365.0,Koutiala,2001,3,30.8,38.6,22.5,3.0
12.3833,-5.4667,365.0,Koutiala,2001,6,28.2,33.5,23.9,124.0
12.3833,-5.4667,365.0,Koutiala,2001,7,26.6,31.2,22.6,238.0
12.3833,-5.4667,365.0,Koutiala,2001,8,25.7,30.2,21.2,201.0
12.3833,-5.4667,365.0,Koutiala,2001,9,26.2,31.5,21.9,117.0
12.3833,-5.4667,365.0,Koutiala,2001,10,28.9,35.2,22.8,27.0
12.3833,-5.4667,365.0,Koutiala,2001,11,27.7,35.4,19.7,0.0
12.3833,-5.4667,365.0,Koutiala,2001,12,25.9,34.4,17.3,0.0
12.3833,-5.4667,365.0,Koutiala,2002,1,25.0,,,0.0
12.3833,-5.4667,365.0,Koutiala,2002,2,26.9,34.9,,0.0
12.3833,-5.4667,365.0,Koutiala,2002,3,31.9,38.7,24.8,0.0
12.3833,-5.4667,365.0,Koutiala,2002,4,33.1,38.8,27.1,15.0
12.3833,-5.4667,365.0,Koutiala,2002,5,32.4,37.9,27.2,96.0
12.3833,-5.4667,365.0,Koutiala,2002,6,29.9,35.1,24.8,42.0
12.3833,-5.4667,365.0,Koutiala,2002,7,27.9,32.6,23.3,149.0
12.3833,-5.4667,365.0,Koutiala,2002,8,26.9,31.1,22.9,115.0
12.3833,-5.4667,365.0,Koutiala,2002,9,27.8,32.6,23.4,103.0
12.3833,-5.4667,365.0,Koutiala,2002,10,28.7,34.3,23.2,135.0
12.3833,-5.4667,365.0,Koutiala,2002,11,28.2,35.8,19.9,0.0
12.3833,-5.4667,365.0,Koutiala,2002,12,25.8,33.2,17.5,0.0
12.3833,-5.4667,365.0,Koutiala,2003,1,25.2,32.4,17.7,0.0
12.3833,-5.4667,365.0,Koutiala,2003,2,29.7,37.1,21.5,0.0
12.3833,-5.4667,365.0,Koutiala,2003,3,31.5,37.9,23.7,0.5
12.3833,-5.4667,365.0,Koutiala,2003,4,33.3,39.1,26.8,46.0
12.3833,-5.4667,365.0,Koutiala,2003,5,32.3,37.9,27.0,67.0
12.3833,-5.4667,365.0,Koutiala,2003,6,28.3,32.9,22.9,159.0
12.3833,-5.4667,365.0,Koutiala,2003,7,26.4,30.6,22.7,215.0
12.3833,-5.4667,365.0,Koutiala,2003,8,25.9,29.4,22.6,298.0
12.3833,-5.4667,365.0,Koutiala,2003,9,25.2,30.9,22.3,105.0
12.3833,-5.4667,365.0,Koutiala,2003,10,28.7,34.7,23.5,65.0
12.3833,-5.4667,365.0,Koutiala,2003,11,28.4,34.5,21.0,0.0
12.3833,-5.4667,365.0,Koutiala,2003,12,24.9,32.9,16.7,0.0
12.3833,-5.4667,365.0,Koutiala,2004,1,25.3,32.6,18.0,0.0
12.3833,-5.4667,365.0,Koutiala,2004,2,28.2,35.6,20.3,3.0
12.3833,-5.4667,365.0,Koutiala,2004,3,30.8,,,2.0
12.3833,-5.4667,365.0,Koutiala,2004,4,32.7,38.7,26.9,10.0
12.3833,-5.4667,365.0,Koutiala,2004,5,32.1,38.4,,9.0
12.3833,-5.4667,365.0,Koutiala,2004,6,29.4,,,135.0
12.3833,-5.4667,365.0,Koutiala,2004,7,26.6,30.7,22.6,240.0
12.3833,-5.4667,365.0,Koutiala,2004,8,26.5,31.1,22.5,201.0
12.3833,-5.4667,365.0,Koutiala,2004,9,27.0,,,122.0
12.3833,-5.4667,365.0,Koutiala,2004,10,29.5,,,17.0
12.3833,-5.4667,365.0,Koutiala,2004,11,28.6,,,0.0
12.3833,-5.4667,365.0,Koutiala,2004,12,27.5,35.6,19.4,0.0
12.3833,-5.4667,365.0,Koutiala,2005,1,24.9,31.5,17.9,1.0
12.3833,-5.4667,365.0,Koutiala,2005,2,29.3,35.9,23.3,0.0
12.3833,-5.4667,365.0,Koutiala,2005,4,31.9,39.3,26.8,44.0
12.3833,-5.4667,365.0,Koutiala,2005,5,31.5,,,37.0
12.3833,-5.4667,365.0,Koutiala,2005,6,29.5,,,123.0
12.3833,-5.4667,365.0,Koutiala,2005,8,26.4,,,327.0
12.3833,-5.4667,365.0,Koutiala,2005,9,27.3,31.7,22.7,109.0
12.3833,-5.4667,365.0,Koutiala,2005,10,29.3,,,27.0
12.3833,-5.4667,365.0,Koutiala,2005,11,27.5,,,0.0
12.3833,-5.4667,365.0,Koutiala,2005,12,26.4,,,0.0
12.3833,-5.4667,365.0,Koutiala,2006,2,27.7,35.2,19.9,0.0
12.3833,-5.4667,365.0,Koutiala,2006,3,31.3,,,
12.3833,-5.4667,365.0,Koutiala,2006,4,32.3,,,43.0
12.3833,-5.4667,365.0,Koutiala,2006,9,26.6,31.4,22.4,156.0
12.3833,-5.4667,365.0,Koutiala,2006,10,28.2,34.1,23.0,70.0
12.3833,-5.4667,365.0,Koutiala,2006,11,27.2,35.0,,0.0
12.3833,-5.4667,365.0,Koutiala,2006,12,24.1,32.1,16.1,0.0
12.3833,-5.4667,365.0,Koutiala,2007,1,24.3,32.3,16.6,0.0
12.3833,-5.4667,365.0,Koutiala,2007,2,27.7,,19.3,0.0
12.3833,-5.4667,365.0,Koutiala,2007,3,31.1,,,0.0
12.3833,-5.4667,365.0,Koutiala,2007,4,33.0,,,10.0
12.3833,-5.4667,365.0,Koutiala,2007,5,32.2,,,27.0
12.3833,-5.4667,365.0,Koutiala,2007,6,30.2,35.4,24.5,114.0
12.3833,-5.4667,365.0,Koutiala,2007,7,26.8,,,253.0
12.3833,-5.4667,365.0,Koutiala,2007,8,25.9,,,283.0
12.3833,-5.4667,365.0,Koutiala,2007,9,26.5,31.4,22.1,219.0
12.3833,-5.4667,365.0,Koutiala,2007,10,28.4,34.7,22.9,36.0
12.3833,-5.4667,365.0,Koutiala,2007,11,28.2,,,0.0
12.3833,-5.4667,365.0,Koutiala,2007,12,24.7,32.4,16.7,0.0
12.3833,-5.4667,365.0,Koutiala,2008,1,22.3,29.7,14.2,0.0
12.3833,-5.4667,365.0,Koutiala,2008,2,27.7,35.9,18.7,0.0
12.3833,-5.4667,365.0,Koutiala,2008,3,31.1,38.2,23.1,3.0
12.3833,-5.4667,365.0,Koutiala,2008,4,32.5,36.6,25.7,3.0
12.3833,-5.4667,365.0,Koutiala,2008,5,32.1,37.9,26.2,59.0
12.3833,-5.4667,365.0,Koutiala,2008,6,29.4,34.6,24.9,174.0
12.3833,-5.4667,365.0,Koutiala,2008,7,27.1,31.1,22.5,124.0
12.3833,-5.4667,365.0,Koutiala,2008,8,25.9,30.0,22.5,184.0
12.3833,-5.4667,365.0,Koutiala,2008,9,26.9,31.3,22.4,98.0
12.3833,-5.4667,365.0,Koutiala,2008,10,28.8,34.4,23.7,72.0
12.3833,-5.4667,365.0,Koutiala,2008,11,27.5,35.6,18.9,0.0
12.3833,-5.4667,365.0,Koutiala,2008,12,25.5,33.3,17.4,0.0
12.3833,-5.4667,365.0,Koutiala,2009,1,23.7,30.4,16.2,0.0
12.3833,-5.4667,365.0,Koutiala,2009,2,29.3,36.6,21.8,0.0
12.3833,-5.4667,365.0,Koutiala,2009,3,32.1,38.2,25.8,7.0
12.3833,-5.4667,365.0,Koutiala,2009,4,33.1,38.9,26.8,17.0
12.3833,-5.4667,365.0,Koutiala,2009,5,31.7,37.8,26.0,80.0
12.3833,-5.4667,365.0,Koutiala,2009,6,29.3,34.9,24.2,111.0
12.3833,-5.4667,365.0,Koutiala,2009,7,27.2,31.8,22.8,200.0
12.3833,-5.4667,365.0,Koutiala,2009,8,26.4,30.5,23.1,150.0
12.3833,-5.4667,365.0,Koutiala,2009,9,26.5,31.1,22.2,251.0
12.3833,-5.4667,365.0,Koutiala,2009,10,28.1,34.2,23.1,83.0
12.3833,-5.4667,365.0,Koutiala,2009,11,26.6,33.7,19.1,2.0
12.3833,-5.4667,365.0,Koutiala,2009,12,26.1,34.5,17.1,0.0
12.3833,-5.4667,365.0,Koutiala,2010,1,25.9,34.7,16.4,0.0
12.3833,-5.4667,365.0,Koutiala,2010,2,30.2,38.3,22.2,0.0
12.3833,-5.4667,365.0,Koutiala,2010,3,32.5,39.3,25.2,0.0
12.3833,-5.4667,365.0,Koutiala,2010,4,33.3,,,26.0
12.3833,-5.4667,365.0,Koutiala,2010,5,31.3,37.1,26.2,91.0
12.3833,-5.4667,365.0,Koutiala,2010,6,29.0,33.5,24.6,242.0
12.3833,-5.4667,365.0,Koutiala,2010,7,26.8,31.3,23.0,279.0
12.3833,-5.4667,365.0,Koutiala,2010,8,25.4,30.5,22.3,325.0
12.3833,-5.4667,365.0,Koutiala,2010,9,26.1,30.9,22.3,201.0
12.3833,-5.4667,365.0,Koutiala,2010,10,27.8,33.5,24.6,95.0
12.3833,-5.4667,365.0,Koutiala,2010,11,28.3,,,0.0
12.3833,-5.4667,365.0,Koutiala,2010,12,25.4,34.7,16.1,0.0
12.3833,-5.4667,365.0,Koutiala,2011,1,25.3,33.6,16.5,0.0
12.3833,-5.4667,365.0,Koutiala,2011,2,26.9,34.2,19.6,1.0
12.3833,-5.4667,365.0,Koutiala,2011,3,32.6,39.4,25.7,0.0
12.3833,-5.4667,365.0,Koutiala,2011,4,32.0,38.5,25.5,61.0
12.3833,-5.4667,365.0,Koutiala,2011,5,31.3,37.2,25.3,64.0
12.3833,-5.4667,365.0,Koutiala,2011,6,29.7,35.5,,98.0
12.3833,-5.4667,365.0,Koutiala,2011,7,27.2,31.7,22.7,240.0
12.3833,-5.4667,365.0,Koutiala,2011,8,26.4,,,189.0
12.3833,-5.4667,365.0,Koutiala,2011,9,26.9,32.2,22.5,171.0
12.3833,-5.4667,365.0,Koutiala,2011,10,28.9,35.6,23.2,21.0
12.3833,-5.4667,365.0,Koutiala,2011,11,28.3,37.1,19.5,0.0
12.3833,-5.4667,365.0,Koutiala,2011,12,24.1,32.8,15.2,0.0
12.3833,-5.4667,365.0,Koutiala,2012,1,23.7,31.8,15.8,0.0
12.3833,-5.4667,365.0,Koutiala,2012,2,27.1,34.2,20.0,0.0
12.3833,-5.4667,365.0,Koutiala,2012,4,32.0,38.1,25.8,39.0
12.3833,-5.4667,365.0,Koutiala,2012,5,31.4,37.2,25.8,103.0
12.3833,-5.4667,365.0,Koutiala,2012,6,28.7,33.2,23.8,110.0
12.3833,-5.4667,365.0,Koutiala,2012,7,27.0,31.1,23.1,157.0
12.3833,-5.4667,365.0,Koutiala,2012,8,25.0,30.3,21.9,379.0
12.3833,-5.4667,365.0,Koutiala,2012,11,28.9,,,
12.3833,-5.4667,365.0,Koutiala,2012,12,25.3,,,
12.3833,-5.4667,365.0,Koutiala,2013,6,29.8,36.0,24.8,77.0
12.3833,-5.4667,365.0,Koutiala,2013,9,27.0,32.5,22.8,83.0
12.3833,-5.4667,365.0,Koutiala,2013,10,28.9,35.5,23.3,17.0
12.3833,-5.4667,365.0,Koutiala,2013,11,28.6,36.1,20.9,0.0
12.3833,-5.4667,365.0,Koutiala,2013,12,25.0,32.4,17.8,0.0
12.3833,-5.4667,365.0,Koutiala,2014,1,26.2,33.8,18.9,2.0
12.3833,-5.4667,365.0,Koutiala,2014,2,27.2,34.2,19.5,0.0
12.3833,-5.4667,365.0,Koutiala,2014,3,30.7,38.3,22.8,0.0
12.3833,-5.4667,365.0,Koutiala,2014,5,31.4,37.7,26.3,77.0
12.3833,-5.4667,365.0,Koutiala,2014,6,29.2,35.1,24.9,120.0
12.3833,-5.4667,365.0,Koutiala,2014,7,27.1,32.1,24.0,299.0
12.3833,-5.4667,365.0,Koutiala,2014,8,26.3,31.1,22.5,236.0
12.3833,-5.4667,365.0,Koutiala,2014,9,26.4,31.6,22.1,200.0
12.3833,-5.4667,365.0,Koutiala,2014,10,28.8,35.1,23.3,84.0
12.3833,-5.4667,365.0,Koutiala,2014,11,27.8,35.8,21.1,9.0
12.3833,-5.4667,365.0,Koutiala,2014,12,25.1,32.8,17.7,0.0
12.3833,-5.4667,365.0,Koutiala,2015,1,24.0,32.0,15.9,0.0
12.3833,-5.4667,365.0,Koutiala,2015,2,28.7,36.8,20.7,0.0
12.3833,-5.4667,365.0,Koutiala,2015,3,30.5,37.5,23.4,0.0
12.3833,-5.4667,365.0,Koutiala,2015,4,33.3,40.0,26.2,0.0
12.3833,-5.4667,365.0,Koutiala,2015,5,32.6,38.9,27.5,95.0
12.3833,-5.4667,365.0,Koutiala,2015,6,30.0,36.0,24.8,79.0
12.3833,-5.4667,365.0,Koutiala,2015,7,27.3,32.7,23.3,313.0
12.3833,-5.4667,365.0,Koutiala,2015,8,26.3,30.8,22.6,375.0
12.3833,-5.4667,365.0,Koutiala,2015,9,26.7,32.2,23.1,233.0
12.3833,-5.4667,365.0,Koutiala,2015,10,28.7,35.1,23.7,44.0
12.3833,-5.4667,365.0,Koutiala,2015,11,27.6,35.8,20.4,5.0
12.3833,-5.4667,365.0,Koutiala,2015,12,23.7,31.6,16.1,0.0
12.3833,-5.4667,365.0,Koutiala,2016,1,24.9,32.3,17.8,6.0
12.3833,-5.4667,365.0,Koutiala,2016,2,27.2,35.3,18.6,0.0
12.3833,-5.4667,365.0,Koutiala,2016,3,31.4,39.1,23.6,11.0
12.3833,-5.4667,365.0,Koutiala,2016,4,33.6,40.1,27.7,38.0
12.3833,-5.4667,365.0,Koutiala,2016,5,32.3,38.7,27.1,51.0
12.3833,-5.4667,365.0,Koutiala,2016,6,29.6,35.3,24.4,135.0
12.3833,-5.4667,365.0,Koutiala,2016,7,26.9,31.5,22.8,179.0
12.3833,-5.4667,365.0,Koutiala,2016,8,26.3,31.1,22.8,260.0
12.3833,-5.4667,365.0,Koutiala,2016,9,27.3,32.7,23.0,102.0
12.3833,-5.4667,365.0,Koutiala,2016,10,29.7,36.2,23.8,30.0
12.3833,-5.4667,365.0,Koutiala,2016,11,28.5,36.7,20.8,15.0
12.3833,-5.4667,365.0,Koutiala,2016,12,26.1,33.8,18.7,0.0
12.3833,-5.4667,365.0,Koutiala,2017,1,24.8,33.3,16.4,0.0
12.3833,-5.4667,365.0,Koutiala,2017,2,28.8,37.1,20.3,0.0
12.3833,-5.4667,365.0,Koutiala,2017,3,32.5,40.2,24.6,4.0
12.3833,-5.4667,365.0,Koutiala,2017,4,32.7,39.2,26.9,6.0
12.3833,-5.4667,365.0,Koutiala,2017,5,31.2,37.8,25.6,44.0
12.3833,-5.4667,365.0,Koutiala,2017,6,29.2,35.0,24.4,85.0
12.3833,-5.4667,365.0,Koutiala,2017,7,27.1,31.8,22.8,263.0
12.3833,-5.4667,365.0,Koutiala,2017,8,26.6,31.2,23.2,180.0
12.3833,-5.4667,365.0,Koutiala,2017,9,27.6,33.1,22.7,112.0
12.3833,-5.4667,365.0,Koutiala,2017,10,29.7,36.6,22.8,8.0
12.3833,-5.4667,365.0,Koutiala,2017,11,27.9,36.1,19.7,0.0
12.3833,-5.4667,365.0,Koutiala,2017,12,24.7,32.3,17.5,0.0
12.3833,-5.4667,365.0,Koutiala,2018,1,24.8,33.1,16.5,0.0
12.3833,-5.4667,365.0,Koutiala,2018,2,28.6,35.5,21.6,0.0
12.3833,-5.4667,365.0,Koutiala,2018,3,32.0,39.3,24.5,2.0
12.3833,-5.4667,365.0,Koutiala,2018,4,33.3,40.3,26.8,10.0
12.3833,-5.4667,365.0,Koutiala,2018,5,32.0,38.5,26.0,84.0
12.3833,-5.4667,365.0,Koutiala,2018,6,30.0,35.7,24.7,63.0
12.3833,-5.4667,365.0,Koutiala,2018,7,27.0,32.0,22.3,252.0
12.3833,-5.4667,365.0,Koutiala,2018,8,26.1,30.5,22.0,295.0
12.3833,-5.4667,365.0,Koutiala,2018,9,26.8,31.7,21.8,165.0
12.3833,-5.4667,365.0,Koutiala,2018,10,28.8,35.0,23.2,55.0
12.3833,-5.4667,365.0,Koutiala,2018,11,28.8,36.4,20.8,0.0
12.3833,-5.4667,365.0,Koutiala,2018,12,25.4,33.8,16.3,0.0
12.3833,-5.4667,365.0,Koutiala,2019,1,25.0,33.7,16.0,0.0
12.3833,-5.4667,365.0,Koutiala,2019,3,30.4,37.5,23.0,2.0
12.3833,-5.4667,365.0,Koutiala,2019,7,27.3,32.4,22.8,318.0
12.3833,-5.4667,365.0,Koutiala,2019,8,26.7,31.3,23.3,281.0
12.3833,-5.4667,365.0,Koutiala,2019,9,27.4,32.6,22.6,181.0
12.3833,-5.4667,365.0,Koutiala,2019,10,28.3,33.9,24.0,122.0
12.3833,-5.4667,365.0,Koutiala,2019,11,29.1,36.2,21.9,0.0
12.3833,-5.4667,365.0,Koutiala,2019,12,26.0,34.9,17.0,0.0
12.3833,-5.4667,365.0,Koutiala,2020,1,24.9,32.8,17.2,0.0
12.3833,-5.4667,365.0,Koutiala,2020,2,27.9,36.0,19.8,0.0
12.3833,-5.4667,365.0,Koutiala,2020,3,32.2,39.5,25.1,3.0
12.3833,-5.4667,365.0,Koutiala,2020,4,33.3,39.9,27.0,27.0
12.3833,-5.4667,365.0,Koutiala,2020,5,32.2,,,
12.3833,-5.4667,365.0,Koutiala,2020,6,29.4,35.0,24.6,78.0
12.3833,-5.4667,365.0,Koutiala,2020,7,27.4,31.9,23.4,223.0
12.3833,-5.4667,365.0,Koutiala,2020,8,26.1,29.8,23.0,408.0
12.3833,-5.4667,365.0,Koutiala,2020,9,26.6,30.9,22.7,213.0
12.3833,-5.4667,365.0,Koutiala,2020,10,27.9,34.1,22.6,97.0
12.3833,-5.4667,365.0,Koutiala,2020,11,27.5,35.7,19.6,0.0
12.3833,-5.4667,365.0,Koutiala,2020,12,27.4,35.9,19.2,0.0
12.3833,-5.4667,365.0,Koutiala,2021,1,26.7,35.9,17.7,0.0
12.3833,-5.4667,365.0,Koutiala,2021,2,28.6,37.0,20.3,0.0
12.3833,-5.4667,365.0,Koutiala,2021,3,31.3,38.4,24.4,41.0
12.3833,-5.4667,365.0,Koutiala,2021,4,33.1,40.4,27.0,25.0
12.3833,-5.4667,365.0,Koutiala,2021,5,32.1,38.3,26.3,65.0
12.3833,-5.4667,365.0,Koutiala,2021,6,29.3,34.8,24.1,168.0
12.3833,-5.4667,365.0,Koutiala,2021,7,27.1,31.7,23.2,214.0
12.3833,-5.4667,365.0,Koutiala,2021,8,26.1,30.6,22.6,321.0
12.3833,-5.4667,365.0,Koutiala,2021,9,27.6,32.5,23.5,134.0
12.3833,-5.4667,365.0,Koutiala,2021,10,29.0,34.9,24.3,40.0
12.3833,-5.4667,365.0,Koutiala,2021,11,29.3,36.9,22.2,0.5
12.3833,-5.4667,365.0,Koutiala,2021,12,26.8,35.4,18.8,0.0
12.3833,-5.4667,365.0,Koutiala,2022,1,25.0,33.3,16.7,0.0
12.3833,-5.4667,365.0,Koutiala,2022,2,27.9,36.7,19.3,0.0
12.3833,-5.4667,365.0,Koutiala,2022,3,32.0,38.9,25.7,4.0
12.3833,-5.4667,365.0,Koutiala,2022,4,33.2,39.8,27.1,9.0
12.3833,-5.4667,365.0,Koutiala,2022,5,32.2,38.6,27.0,46.0
12.3833,-5.4667,365.0,Koutiala,2022,6,28.8,34.8,24.2,248.0
12.3833,-5.4667,365.0,Koutiala,2022,7,26.6,31.6,23.1,210.0
12.3833,-5.4667,365.0,Koutiala,2022,8,26.1,30.5,22.6,266.0
12.3833,-5.4667,365.0,Koutiala,2022,9,26.3,31.4,22.6,284.0
12.3833,-5.4667,365.0,Koutiala,2022,10,28.8,34.0,21.7,6.0
12.3833,-5.4667,365.0,Koutiala,2022,11,27.7,35.7,20.2,20.0
12.3833,-5.4667,365.0,Koutiala,2022,12,26.2,34.2,18.8,0.0
12.3833,-5.4667,365.0,Koutiala,2023,1,25.9,34.7,17.5,0.0
12.3833,-5.4667,365.0,Koutiala,2023,2,28.9,37.7,21.3,0.0
12.3833,-5.4667,365.0,Koutiala,2023,3,31.9,39.8,24.0,0.0
12.3833,-5.4667,365.0,Koutiala,2023,4,32.9,39.9,26.4,20.0
12.3833,-5.4667,365.0,Koutiala,2023,5,31.8,38.9,26.5,98.0
12.3833,-5.4667,365.0,Koutiala,2023,6,29.3,35.0,24.9,176.0
12.3833,-5.4667,365.0,Koutiala,2023,7,27.9,33.2,24.1,99.0
12.3833,-5.4667,365.0,Koutiala,2023,8,26.5,31.6,23.4,280.0
12.3833,-5.4667,365.0,Koutiala,2023,9,27.8,33.2,23.8,78.0
12.3833,-5.4667,365.0,Koutiala,2023,10,29.2,35.5,24.4,140.0
12.3833,-5.4667,365.0,Koutiala,2023,11,29.6,37.1,22.6,0.0
12.3833,-5.4667,365.0,Koutiala,2023,12,25.9,34.4,17.6,0.0
12.3833,-5.4667,365.0,Koutiala,2024,1,26.7,36.1,17.8,0.0
12.3833,-5.4667,365.0,Koutiala,2024,2,28.8,37.3,20.2,0.0
12.3833,-5.4667,365.0,Koutiala,2024,3,33.5,41.1,26.6,10.0
12.3833,-5.4667,365.0,Koutiala,2024,4,34.6,41.4,28.9,18.0
12.3833,-5.4667,365.0,Koutiala,2024,5,34.0,41.0,28.6,10.0
12.3833,-5.4667,365.0,Koutiala,2024,6,30.3,37.1,25.5,111.0
12.3833,-5.4667,365.0,Koutiala,2024,7,27.3,32.2,23.8,274.0
12.3833,-5.4667,365.0,Koutiala,2024,8,26.5,30.9,23.3,370.0
12.3833,-5.4667,365.0,Koutiala,2024,9,26.4,31.0,23.1,283.0
12.3833,-5.4667,365.0,Koutiala,2024,10,28.2,33.8,23.7,217.0
12.3833,-5.4667,365.0,Koutiala,2024,11,27.7,35.4,20.2,0.0
12.3833,-5.4667,365.0,Koutiala,2024,12,25.1,33.6,16.9,0.0
12.3833,-5.4667,365.0,Koutiala,2025,1,25.5,33.7,17.5,0.0
12.3833,-5.4667,365.0,Koutiala,2025,2,28.1,36.5,20.5,0.0
12.3833,-5.4667,365.0,Koutiala,2025,3,33.5,40.7,26.9,13.0
12.3833,-5.4667,365.0,Koutiala,2025,4,33.1,40.4,27.4,27.0
12.3833,-5.4667,365.0,Koutiala,2025,5,31.1,37.5,26.1,122.0
12.3833,-5.4667,365.0,Koutiala,2025,6,29.2,35.5,22.4,189.0
12.3833,-5.4667,365.0,Koutiala,2025,7,27.3,31.0,22.2,161.9
11.4167,-7.5,350.0,Bougouni,1994,1,24.6,,,0.0
11.4167,-7.5,350.0,Bougouni,1994,2,27.4,,,12.0
11.4167,-7.5,350.0,Bougouni,1994,3,30.7,,,1.0
11.4167,-7.5,350.0,Bougouni,1994,4,31.5,38.8,,11.0
11.4167,-7.5,350.0,Bougouni,1994,5,30.1,,24.6,68.0
11.4167,-7.5,350.0,Bougouni,1994,6,27.7,,,199.0
11.4167,-7.5,350.0,Bougouni,1994,7,25.6,,,259.0
11.4167,-7.5,350.0,Bougouni,1994,8,25.3,,,406.0
11.4167,-7.5,350.0,Bougouni,1994,9,25.4,,,296.0
11.4167,-7.5,350.0,Bougouni,1994,10,25.7,,,105.0
11.4167,-7.5,350.0,Bougouni,1994,11,25.5,,,2.0
11.4167,-7.5,350.0,Bougouni,1994,12,24.0,32.9,15.3,0.0
11.4167,-7.5,350.0,Bougouni,1995,1,23.5,,15.1,0.0
11.4167,-7.5,350.0,Bougouni,1995,2,26.8,35.6,18.5,0.0
11.4167,-7.5,350.0,Bougouni,1995,3,30.9,38.2,24.6,6.0
11.4167,-7.5,350.0,Bougouni,1995,4,31.4,,,28.0
11.4167,-7.5,350.0,Bougouni,1995,5,28.5,,,281.0
11.4167,-7.5,350.0,Bougouni,1995,6,28.0,33.8,,255.0
11.4167,-7.5,350.0,Bougouni,1995,7,26.5,32.1,,141.0
11.4167,-7.5,350.0,Bougouni,1995,8,25.6,,,299.0
11.4167,-7.5,350.0,Bougouni,1995,9,25.8,,,329.0
11.4167,-7.5,350.0,Bougouni,1995,10,26.4,,,36.0
11.4167,-7.5,350.0,Bougouni,1995,11,25.9,,,6.0
11.4167,-7.5,350.0,Bougouni,1995,12,25.1,,,0.0
11.4167,-7.5,350.0,Bougouni,1996,1,26.9,,,0.5
11.4167,-7.5,350.0,Bougouni,1996,2,29.2,,,3.0
11.4167,-7.5,350.0,Bougouni,1996,3,30.6,,24.2,3.0
11.4167,-7.5,350.0,Bougouni,1996,4,31.4,,,2.0
11.4167,-7.5,350.0,Bougouni,1996,5,30.1,,,147.0
11.4167,-7.5,350.0,Bougouni,1996,6,27.8,,,146.0
11.4167,-7.5,350.0,Bougouni,1996,7,26.2,,,302.0
11.4167,-7.5,350.0,Bougouni,1996,8,25.6,,,181.0
11.4167,-7.5,350.0,Bougouni,1996,9,25.7,,,121.0
11.4167,-7.5,350.0,Bougouni,1996,10,26.7,33.5,,52.0
11.4167,-7.5,350.0,Bougouni,1996,11,25.3,,,0.0
11.4167,-7.5,350.0,Bougouni,1996,12,25.4,,,0.5
11.4167,-7.5,350.0,Bougouni,1997,1,27.2,,,0.5
11.4167,-7.5,350.0,Bougouni,1997,2,27.7,36.0,,0.5
11.4167,-7.5,350.0,Bougouni,1997,3,29.7,,,0.5
11.4167,-7.5,350.0,Bougouni,1997,4,,,,60.0
11.4167,-7.5,350.0,Bougouni,1997,5,29.3,35.5,24.1,250.0
11.4167,-7.5,350.0,Bougouni,1997,6,,,,234.0
11.4167,-7.5,350.0,Bougouni,1997,9,26.0,,21.9,110.0
11.4167,-7.5,350.0,Bougouni,1997,12,24.5,34.2,15.8,0.0
11.4167,-7.5,350.0,Bougouni,1998,1,25.3,34.2,16.4,0.0
11.4167,-7.5,350.0,Bougouni,1998,2,29.9,39.0,20.9,3.0
11.4167,-7.5,350.0,Bougouni,1998,3,30.9,39.5,23.2,0.0
11.4167,-7.5,350.0,Bougouni,1998,4,32.6,39.6,26.6,76.0
11.4167,-7.5,350.0,Bougouni,1998,5,31.0,37.9,25.7,48.0
11.4167,-7.5,350.0,Bougouni,1998,6,,,,45.0
11.4167,-7.5,350.0,Bougouni,1998,7,26.7,32.1,22.4,212.0
11.4167,-7.5,350.0,Bougouni,1998,8,26.2,,,413.0
11.4167,-7.5,350.0,Bougouni,1998,9,26.2,31.9,22.0,149.0
11.4167,-7.5,350.0,Bougouni,1998,10,27.6,,,
11.4167,-7.5,350.0,Bougouni,1998,11,26.3,,,0.0
11.4167,-7.5,350.0,Bougouni,1998,12,24.8,33.8,16.2,0.0
11.4167,-7.5,350.0,Bougouni,1999,1,25.4,33.5,17.8,5.0
11.4167,-7.5,350.0,Bougouni,1999,2,26.5,35.2,18.1,0.0
11.4167,-7.5,350.0,Bougouni,1999,3,30.5,38.8,22.4,7.0
11.4167,-7.5,350.0,Bougouni,1999,4,31.3,38.2,25.3,18.0
11.4167,-7.5,350.0,Bougouni,1999,5,,,,97.0
11.4167,-7.5,350.0,Bougouni,1999,6,28.1,33.8,23.1,115.0
11.4167,-7.5,350.0,Bougouni,1999,10,,,,242.0
11.4167,-7.5,350.0,Bougouni,1999,11,26.0,34.3,19.0,22.0
11.4167,-7.5,350.0,Bougouni,1999,12,23.8,33.7,14.0,0.0
11.4167,-7.5,350.0,Bougouni,2000,1,27.0,35.3,19.2,8.0
11.4167,-7.5,350.0,Bougouni,2000,2,28.5,35.4,17.1,0.0
11.4167,-7.5,350.0,Bougouni,2000,3,29.8,38.8,21.4,2.0
11.4167,-7.5,350.0,Bougouni,2000,5,29.8,36.1,24.4,104.0
11.4167,-7.5,350.0,Bougouni,2000,6,27.2,32.7,22.5,183.0
11.4167,-7.5,350.0,Bougouni,2000,7,26.1,31.1,22.0,345.0
11.4167,-7.5,350.0,Bougouni,2000,10,,,,193.0
11.4167,-7.5,350.0,Bougouni,2000,11,25.8,34.7,17.6,30.0
11.4167,-7.5,350.0,Bougouni,2000,12,24.4,34.4,14.7,0.0
11.4167,-7.5,350.0,Bougouni,2001,2,,,,0.0
11.4167,-7.5,350.0,Bougouni,2001,3,,,,0.0
11.4167,-7.5,350.0,Bougouni,2001,8,25.8,31.5,21.9,264.0
11.4167,-7.5,350.0,Bougouni,2001,9,26.2,32.1,21.6,160.0
11.4167,-7.5,350.0,Bougouni,2001,10,27.3,34.7,21.7,44.0
11.4167,-7.5,350.0,Bougouni,2001,11,26.8,,,
11.4167,-7.5,350.0,Bougouni,2002,2,,,,3.0
11.4167,-7.5,350.0,Bougouni,2002,8,26.1,31.3,22.1,177.0
11.4167,-7.5,350.0,Bougouni,2002,9,26.6,32.3,22.0,127.0
11.4167,-7.5,350.0,Bougouni,2002,10,27.0,33.4,21.7,85.0
11.4167,-7.5,350.0,Bougouni,2002,11,26.5,36.2,18.3,0.0
11.4167,-7.5,350.0,Bougouni,2002,12,25.3,34.8,16.1,0.0
11.4167,-7.5,350.0,Bougouni,2003,1,25.4,34.2,17.1,0.0
11.4167,-7.5,350.0,Bougouni,2003,2,29.9,39.0,21.4,0.0
11.4167,-7.5,350.0,Bougouni,2003,3,31.2,39.8,23.0,0.0
11.4167,-7.5,350.0,Bougouni,2003,4,31.8,39.2,25.4,53.0
11.4167,-7.5,350.0,Bougouni,2003,5,31.0,39.1,25.2,62.0
11.4167,-7.5,350.0,Bougouni,2003,6,27.1,32.8,22.6,202.0
11.4167,-7.5,350.0,Bougouni,2003,7,25.8,31.0,22.1,343.0
11.4167,-7.5,350.0,Bougouni,2003,8,25.7,30.7,22.2,175.0
11.4167,-7.5,350.0,Bougouni,2003,9,24.6,31.3,21.7,358.0
11.4167,-7.5,350.0,Bougouni,2003,10,27.6,34.7,22.4,48.0
11.4167,-7.5,350.0,Bougouni,2003,11,26.9,35.6,19.8,5.0
11.4167,-7.5,350.0,Bougouni,2003,12,25.6,,,
11.4167,-7.5,350.0,Bougouni,2004,1,26.7,34.4,17.7,0.0
11.4167,-7.5,350.0,Bougouni,2004,2,28.5,37.1,20.5,10.0
11.4167,-7.5,350.0,Bougouni,2004,3,30.2,,,3.0
11.4167,-7.5,350.0,Bougouni,2004,4,31.0,38.0,25.1,68.0
11.4167,-7.5,350.0,Bougouni,2004,8,26.2,31.4,22.1,277.0
11.4167,-7.5,350.0,Bougouni,2004,10,28.2,,,
11.4167,-7.5,350.0,Bougouni,2005,1,25.4,33.4,16.8,0.5
11.4167,-7.5,350.0,Bougouni,2005,2,30.0,,,0.0
11.4167,-7.5,350.0,Bougouni,2005,4,32.4,39.6,26.5,48.0
11.4167,-7.5,350.0,Bougouni,2005,9,26.8,32.6,22.1,175.0
11.4167,-7.5,350.0,Bougouni,2005,10,,,,60.0
11.4167,-7.5,350.0,Bougouni,2006,2,28.4,37.2,20.3,0.0
11.4167,-7.5,350.0,Bougouni,2006,9,26.1,31.9,21.8,210.0
11.4167,-7.5,350.0,Bougouni,2006,10,27.5,,,130.0
11.4167,-7.5,350.0,Bougouni,2006,11,25.8,35.8,,0.0
11.4167,-7.5,350.0,Bougouni,2006,12,24.0,33.8,,0.0
11.4167,-7.5,350.0,Bougouni,2007,1,25.1,,,
11.4167,-7.5,350.0,Bougouni,2007,2,28.5,,,
11.4167,-7.5,350.0,Bougouni,2007,6,,,,207.0
11.4167,-7.5,350.0,Bougouni,2008,6,,,,321.0
11.4167,-7.5,350.0,Bougouni,2008,8,25.6,30.6,21.8,480.0
11.4167,-7.5,350.0,Bougouni,2008,11,26.9,35.6,18.5,0.0
11.4167,-7.5,350.0,Bougouni,2009,1,24.1,32.1,16.2,0.0
11.4167,-7.5,350.0,Bougouni,2009,2,29.4,,,1.0
11.4167,-7.5,350.0,Bougouni,2009,3,30.8,,,2.0
11.4167,-7.5,350.0,Bougouni,2009,4,32.2,,,0.0
11.4167,-7.5,350.0,Bougouni,2009,5,30.5,,,93.0
11.4167,-7.5,350.0,Bougouni,2009,6,28.3,,,89.0
11.4167,-7.5,350.0,Bougouni,2009,7,26.9,31.9,22.9,181.0
11.4167,-7.5,350.0,Bougouni,2009,8,25.5,30.1,22.3,66.0
11.4167,-7.5,350.0,Bougouni,2009,9,26.0,31.0,22.3,274.0
11.4167,-7.5,350.0,Bougouni,2009,10,27.2,33.2,22.8,60.0
11.4167,-7.5,350.0,Bougouni,2009,11,26.1,33.6,18.8,4.0
11.4167,-7.5,350.0,Bougouni,2009,12,26.1,35.5,17.2,0.0
11.4167,-7.5,350.0,Bougouni,2010,1,26.7,36.3,17.6,0.0
11.4167,-7.5,350.0,Bougouni,2010,2,30.5,39.3,,0.0
11.4167,-7.5,350.0,Bougouni,2010,3,32.0,39.7,25.4,19.0
11.4167,-7.5,350.0,Bougouni,2010,4,32.6,,,11.0
11.4167,-7.5,350.0,Bougouni,2010,5,29.8,,,54.0
11.4167,-7.5,350.0,Bougouni,2010,6,28.2,33.7,24.0,225.0
11.4167,-7.5,350.0,Bougouni,2010,7,26.2,31.8,22.2,381.0
11.4167,-7.5,350.0,Bougouni,2010,8,25.6,30.3,22.4,236.0
11.4167,-7.5,350.0,Bougouni,2010,9,25.7,30.8,22.0,298.0
11.4167,-7.5,350.0,Bougouni,2010,10,27.0,33.1,22.7,80.0
11.4167,-7.5,350.0,Bougouni,2010,11,27.3,,,2.0
11.4167,-7.5,350.0,Bougouni,2010,12,25.7,35.3,16.8,0.0
11.4167,-7.5,350.0,Bougouni,2011,1,25.9,34.9,17.2,0.0
11.4167,-7.5,350.0,Bougouni,2011,2,27.7,36.1,20.2,0.0
11.4167,-7.5,350.0,Bougouni,2011,3,31.7,39.5,25.1,1.0
11.4167,-7.5,350.0,Bougouni,2011,4,30.8,37.9,24.6,51.0
11.4167,-7.5,350.0,Bougouni,2011,5,29.9,36.2,24.8,64.0
11.4167,-7.5,350.0,Bougouni,2011,6,27.9,34.2,,141.0
11.4167,-7.5,350.0,Bougouni,2011,7,26.2,31.5,22.5,208.0
11.4167,-7.5,350.0,Bougouni,2011,8,26.0,31.0,,271.0
11.4167,-7.5,350.0,Bougouni,2011,9,25.9,31.6,22.0,225.0
11.4167,-7.5,350.0,Bougouni,2011,10,26.9,33.4,22.3,95.0
11.4167,-7.5,350.0,Bougouni,2011,11,27.0,35.7,19.6,0.5
11.4167,-7.5,350.0,Bougouni,2011,12,24.9,33.5,15.2,0.0
11.4167,-7.5,350.0,Bougouni,2012,1,24.7,33.5,16.1,0.0
11.4167,-7.5,350.0,Bougouni,2012,2,27.5,35.4,20.1,0.0
11.4167,-7.5,350.0,Bougouni,2012,4,30.6,36.9,25.0,83.0
11.4167,-7.5,350.0,Bougouni,2012,5,29.0,36.1,23.8,105.0
11.4167,-7.5,350.0,Bougouni,2012,6,27.1,32.6,22.8,234.0
11.4167,-7.5,350.0,Bougouni,2012,7,25.7,30.5,21.9,321.0
11.4167,-7.5,350.0,Bougouni,2012,8,25.4,30.5,21.8,246.0
11.4167,-7.5,350.0,Bougouni,2012,11,28.1,,,
11.4167,-7.5,350.0,Bougouni,2012,12,25.4,,,
11.4167,-7.5,350.0,Bougouni,2013,6,28.2,34.3,23.7,186.0
11.4167,-7.5,350.0,Bougouni,2013,9,26.5,32.1,22.5,194.0
11.4167,-7.5,350.0,Bougouni,2013,10,26.8,33.7,22.4,49.0
11.4167,-7.5,350.0,Bougouni,2013,11,27.3,36.2,19.7,2.0
11.4167,-7.5,350.0,Bougouni,2013,12,25.2,34.4,17.2,0.0
11.4167,-7.5,350.0,Bougouni,2014,1,26.7,35.5,19.0,0.0
11.4167,-7.5,350.0,Bougouni,2014,2,28.2,36.9,20.4,0.0
11.4167,-7.5,350.0,Bougouni,2014,3,30.4,39.6,22.1,0.0
11.4167,-7.5,350.0,Bougouni,2014,5,29.2,35.7,24.3,
11.4167,-7.5,350.0,Bougouni,2014,6,27.9,33.6,23.5,129.0
11.4167,-7.5,350.0,Bougouni,2014,7,26.7,32.6,22.8,245.0
11.4167,-7.5,350.0,Bougouni,2014,8,26.0,31.2,21.9,313.0
11.4167,-7.5,350.0,Bougouni,2014,9,26.1,31.7,21.9,244.0
11.4167,-7.5,350.0,Bougouni,2014,10,28.1,32.1,20.7,20.0
11.4167,-7.5,350.0,Bougouni,2014,11,28.0,35.7,20.1,2.0
11.4167,-7.5,350.0,Bougouni,2014,12,25.8,34.2,17.4,0.0
11.4167,-7.5,350.0,Bougouni,2015,1,24.9,34.1,16.4,0.0
11.4167,-7.5,350.0,Bougouni,2015,2,29.0,38.0,20.7,0.0
11.4167,-7.5,350.0,Bougouni,2015,3,30.6,38.7,23.0,0.0
11.4167,-7.5,350.0,Bougouni,2015,4,32.6,40.4,25.7,0.0
11.4167,-7.5,350.0,Bougouni,2015,5,30.7,38.1,25.7,91.0
11.4167,-7.5,350.0,Bougouni,2015,6,28.8,35.2,23.1,149.0
11.4167,-7.5,350.0,Bougouni,2015,7,26.8,32.3,22.5,228.0
11.4167,-7.5,350.0,Bougouni,2015,8,26.5,31.5,22.6,309.0
11.4167,-7.5,350.0,Bougouni,2015,9,26.3,31.5,22.5,320.0
11.4167,-7.5,350.0,Bougouni,2015,10,26.9,32.6,22.9,153.0
11.4167,-7.5,350.0,Bougouni,2015,11,26.7,35.0,19.5,2.0
11.4167,-7.5,350.0,Bougouni,2015,12,24.2,33.0,15.9,0.0
11.4167,-7.5,350.0,Bougouni,2016,1,25.6,34.2,18.2,12.0
11.4167,-7.5,350.0,Bougouni,2016,2,27.8,37.2,18.5,0.0
11.4167,-7.5,350.0,Bougouni,2016,3,31.6,40.4,22.8,0.0
11.4167,-7.5,350.0,Bougouni,2016,4,32.6,40.3,26.1,48.0
11.4167,-7.5,350.0,Bougouni,2016,5,30.8,37.5,25.6,79.0
11.4167,-7.5,350.0,Bougouni,2016,6,28.6,34.1,23.5,112.0
11.4167,-7.5,350.0,Bougouni,2016,7,26.4,31.5,22.6,318.0
11.4167,-7.5,350.0,Bougouni,2016,8,26.2,30.8,22.5,235.0
11.4167,-7.5,350.0,Bougouni,2016,9,26.4,31.8,22.1,218.0
11.4167,-7.5,350.0,Bougouni,2016,10,28.7,35.3,23.2,21.0
11.4167,-7.5,350.0,Bougouni,2016,11,28.1,36.7,20.6,1.0
11.4167,-7.5,350.0,Bougouni,2016,12,26.8,34.8,18.6,0.0
11.4167,-7.5,350.0,Bougouni,2017,1,26.0,35.2,17.3,0.0
11.4167,-7.5,350.0,Bougouni,2017,2,29.5,38.2,21.6,0.0
11.4167,-7.5,350.0,Bougouni,2017,3,32.4,40.6,24.9,4.0
11.4167,-7.5,350.0,Bougouni,2017,4,31.9,39.3,25.4,31.0
11.4167,-7.5,350.0,Bougouni,2017,5,29.4,35.5,24.1,126.0
11.4167,-7.5,350.0,Bougouni,2017,6,28.8,34.4,24.3,114.0
11.4167,-7.5,350.0,Bougouni,2017,7,26.6,31.1,22.6,261.0
11.4167,-7.5,350.0,Bougouni,2017,8,26.2,30.8,23.2,144.0
11.4167,-7.5,350.0,Bougouni,2017,9,26.6,31.8,22.3,153.0
11.4167,-7.5,350.0,Bougouni,2017,10,28.2,35.2,22.1,31.0
11.4167,-7.5,350.0,Bougouni,2017,11,27.8,36.3,20.1,0.0
11.4167,-7.5,350.0,Bougouni,2017,12,25.4,33.5,17.7,0.0
11.4167,-7.5,350.0,Bougouni,2018,1,25.9,34.7,18.2,0.0
11.4167,-7.5,350.0,Bougouni,2018,2,29.2,36.9,22.4,1.0
11.4167,-7.5,350.0,Bougouni,2018,3,32.0,39.4,25.0,21.0
11.4167,-7.5,350.0,Bougouni,2018,4,32.1,39.4,25.7,23.0
11.4167,-7.5,350.0,Bougouni,2018,5,31.3,38.3,25.5,63.0
11.4167,-7.5,350.0,Bougouni,2018,6,28.9,34.8,24.0,106.0
11.4167,-7.5,350.0,Bougouni,2018,7,26.5,31.4,22.5,313.0
11.4167,-7.5,350.0,Bougouni,2018,8,25.8,29.9,22.4,250.0
11.4167,-7.5,350.0,Bougouni,2018,9,26.0,30.5,22.4,230.0
11.4167,-7.5,350.0,Bougouni,2018,10,27.7,33.5,22.8,125.0
11.4167,-7.5,350.0,Bougouni,2018,11,28.2,35.9,20.9,0.0
11.4167,-7.5,350.0,Bougouni,2018,12,26.0,34.7,17.3,0.0
11.4167,-7.5,350.0,Bougouni,2019,1,26.0,35.0,17.0,0.0
11.4167,-7.5,350.0,Bougouni,2019,3,30.5,38.3,23.2,17.0
11.4167,-7.5,350.0,Bougouni,2019,7,26.9,31.5,22.8,198.0
11.4167,-7.5,350.0,Bougouni,2019,8,26.1,30.5,22.6,435.0
11.4167,-7.5,350.0,Bougouni,2019,9,26.6,31.4,22.5,187.0
11.4167,-7.5,350.0,Bougouni,2019,10,27.6,33.2,23.6,103.0
11.4167,-7.5,350.0,Bougouni,2019,11,28.6,36.3,21.8,4.0
11.4167,-7.5,350.0,Bougouni,2019,12,26.7,36.4,17.7,0.0
11.4167,-7.5,350.0,Bougouni,2020,1,25.9,34.7,17.5,0.0
11.4167,-7.5,350.0,Bougouni,2020,2,29.3,38.5,20.5,0.0
11.4167,-7.5,350.0,Bougouni,2020,3,32.2,40.7,24.4,4.0
11.4167,-7.5,350.0,Bougouni,2020,4,32.5,39.5,26.6,45.0
11.4167,-7.5,350.0,Bougouni,2020,5,30.9,,,
11.4167,-7.5,350.0,Bougouni,2020,6,28.7,34.1,24.1,86.0
11.4167,-7.5,350.0,Bougouni,2020,7,26.8,30.8,23.3,211.0
11.4167,-7.5,350.0,Bougouni,2020,8,26.1,29.7,23.3,240.0
11.4167,-7.5,350.0,Bougouni,2020,9,26.0,30.5,22.6,372.0
11.4167,-7.5,350.0,Bougouni,2020,10,27.5,33.6,22.6,108.0
11.4167,-7.5,350.0,Bougouni,2020,11,28.1,36.7,20.0,0.0
11.4167,-7.5,350.0,Bougouni,2020,12,27.9,36.9,19.9,0.0
11.4167,-7.5,350.0,Bougouni,2021,1,27.7,37.3,18.5,0.0
11.4167,-7.5,350.0,Bougouni,2021,2,29.4,38.2,21.0,0.5
11.4167,-7.5,350.0,Bougouni,2021,3,31.8,39.4,24.9,14.0
11.4167,-7.5,350.0,Bougouni,2021,4,32.9,40.2,26.5,38.0
11.4167,-7.5,350.0,Bougouni,2021,5,30.8,37.2,25.3,134.0
11.4167,-7.5,350.0,Bougouni,2021,6,28.3,33.7,23.6,163.0
11.4167,-7.5,350.0,Bougouni,2021,7,27.2,31.6,23.5,302.0
11.4167,-7.5,350.0,Bougouni,2021,8,25.7,29.6,22.9,225.0
11.4167,-7.5,350.0,Bougouni,2021,9,26.8,31.6,22.9,208.0
11.4167,-7.5,350.0,Bougouni,2021,10,28.6,34.3,24.2,80.0
11.4167,-7.5,350.0,Bougouni,2021,11,29.1,36.9,21.9,0.0
11.4167,-7.5,350.0,Bougouni,2021,12,27.2,36.2,18.8,0.0
11.4167,-7.5,350.0,Bougouni,2022,1,26.2,35.4,17.3,0.0
11.4167,-7.5,350.0,Bougouni,2022,2,28.6,37.2,19.7,0.0
11.4167,-7.5,350.0,Bougouni,2022,3,32.0,39.6,25.1,18.0
11.4167,-7.5,350.0,Bougouni,2022,4,33.0,40.2,26.7,41.0
11.4167,-7.5,350.0,Bougouni,2022,5,31.0,37.8,25.7,95.0
11.4167,-7.5,350.0,Bougouni,2022,6,28.0,33.6,23.8,217.0
11.4167,-7.5,350.0,Bougouni,2022,7,26.7,30.8,23.2,329.0
11.4167,-7.5,350.0,Bougouni,2022,8,25.8,29.8,22.6,496.0
11.4167,-7.5,350.0,Bougouni,2022,9,26.4,30.7,22.7,228.0
11.4167,-7.5,350.0,Bougouni,2022,10,28.0,33.6,23.3,51.0
11.4167,-7.5,350.0,Bougouni,2022,11,27.4,35.4,20.1,36.0
11.4167,-7.5,350.0,Bougouni,2022,12,26.5,34.6,18.7,7.0
11.4167,-7.5,350.0,Bougouni,2023,1,26.9,36.4,18.2,0.0
11.4167,-7.5,350.0,Bougouni,2023,2,29.8,38.9,21.3,0.0
11.4167,-7.5,350.0,Bougouni,2023,3,31.9,39.9,24.7,3.0
11.4167,-7.5,350.0,Bougouni,2023,4,32.9,40.3,26.6,17.0
11.4167,-7.5,350.0,Bougouni,2023,5,31.2,37.6,26.0,111.0
11.4167,-7.5,350.0,Bougouni,2023,6,29.1,34.3,24.6,157.0
11.4167,-7.5,350.0,Bougouni,2023,7,27.9,33.0,24.0,127.0
11.4167,-7.5,350.0,Bougouni,2023,8,26.9,31.2,23.4,385.0
11.4167,-7.5,350.0,Bougouni,2023,9,27.4,32.3,23.2,159.0
11.4167,-7.5,350.0,Bougouni,2023,10,29.1,34.9,24.3,56.0
11.4167,-7.5,350.0,Bougouni,2023,11,29.5,37.0,22.8,0.0
11.4167,-7.5,350.0,Bougouni,2023,12,26.5,35.9,17.8,0.0
11.4167,-7.5,350.0,Bougouni,2024,1,27.7,37.6,18.3,0.0
11.4167,-7.5,350.0,Bougouni,2024,2,29.7,39.3,21.4,0.0
11.4167,-7.5,350.0,Bougouni,2024,3,33.6,41.2,26.4,6.0
11.4167,-7.5,350.0,Bougouni,2024,4,33.6,41.2,27.4,72.0
11.4167,-7.5,350.0,Bougouni,2024,5,33.3,40.1,28.1,36.0
11.4167,-7.5,350.0,Bougouni,2024,6,29.9,36.1,25.4,228.0
11.4167,-7.5,350.0,Bougouni,2024,7,27.2,31.2,23.8,374.0
11.4167,-7.5,350.0,Bougouni,2024,8,26.6,30.4,23.7,337.0
11.4167,-7.5,350.0,Bougouni,2024,9,26.8,31.0,23.6,156.0
11.4167,-7.5,350.0,Bougouni,2024,10,27.5,32.7,23.1,186.0
11.4167,-7.5,350.0,Bougouni,2024,11,27.6,35.9,19.6,0.0
11.4167,-7.5,350.0,Bougouni,2024,12,25.6,34.6,16.7,0.0
11.4167,-7.5,350.0,Bougouni,2025,1,26.0,34.7,18.0,0.0
11.4167,-7.5,350.0,Bougouni,2025,2,28.6,36.2,20.5,2.0
11.4167,-7.5,350.0,Bougouni,2025,3,32.4,39.8,25.9,15.0
11.4167,-7.5,350.0,Bougouni,2025,4,32.2,39.3,26.4,66.0
11.4167,-7.5,350.0,Bougouni,2025,5,30.4,36.5,24.9,51.0
11.4167,-7.5,350.0,Bougouni,2025,6,28.7,34.7,23.7,207.0
11.4167,-7.5,350.0,Bougouni,2025,7,26.7,31.1,21.9,199.1
11.35,-5.6833,374.0,Sikasso,1994,1,24.2,,,0.0
11.35,-5.6833,374.0,Sikasso,1994,2,27.5,,,37.0
11.35,-5.6833,374.0,Sikasso,1994,3,30.4,,,4.0
11.35,-5.6833,374.0,Sikasso,1994,4,30.8,,,29.0
11.35,-5.6833,374.0,Sikasso,1994,5,28.9,34.7,,87.0
11.35,-5.6833,374.0,Sikasso,1994,6,27.0,,,163.0
11.35,-5.6833,374.0,Sikasso,1994,7,25.4,,,210.0
11.35,-5.6833,374.0,Sikasso,1994,8,24.8,,,246.0
11.35,-5.6833,374.0,Sikasso,1994,9,24.7,,,327.0
11.35,-5.6833,374.0,Sikasso,1994,10,25.5,31.3,,163.0
11.35,-5.6833,374.0,Sikasso,1994,11,25.8,,,3.0
11.35,-5.6833,374.0,Sikasso,1994,12,23.8,31.8,,0.0
11.35,-5.6833,374.0,Sikasso,1995,1,23.2,31.4,,0.0
11.35,-5.6833,374.0,Sikasso,1995,2,26.8,34.3,,0.0
11.35,-5.6833,374.0,Sikasso,1995,3,30.7,37.1,,33.0
11.35,-5.6833,374.0,Sikasso,1995,4,,,,31.0
11.35,-5.6833,374.0,Sikasso,1995,5,28.7,,,176.0
11.35,-5.6833,374.0,Sikasso,1995,8,25.0,,,228.0
11.35,-5.6833,374.0,Sikasso,1995,9,26.5,,,179.0
11.35,-5.6833,374.0,Sikasso,1995,10,26.7,,,104.0
11.35,-5.6833,374.0,Sikasso,1995,11,26.7,,,0.5
11.35,-5.6833,374.0,Sikasso,1995,12,25.8,,,0.0
11.35,-5.6833,374.0,Sikasso,1996,1,27.4,,,0.0
11.35,-5.6833,374.0,Sikasso,1996,2,29.8,,,0.0
11.35,-5.6833,374.0,Sikasso,1996,3,31.1,,,12.0
11.35,-5.6833,374.0,Sikasso,1996,4,30.6,,,43.0
11.35,-5.6833,374.0,Sikasso,1996,5,30.1,,,62.0
11.35,-5.6833,374.0,Sikasso,1996,6,27.6,,,154.0
11.35,-5.6833,374.0,Sikasso,1996,7,26.1,,,186.0
11.35,-5.6833,374.0,Sikasso,1996,8,25.1,,,178.0
11.35,-5.6833,374.0,Sikasso,1996,9,25.2,,,184.0
11.35,-5.6833,374.0,Sikasso,1996,10,26.5,,,66.0
11.35,-5.6833,374.0,Sikasso,1996,11,26.0,33.8,,0.0
11.35,-5.6833,374.0,Sikasso,1996,12,22.6,,,0.0
11.35,-5.6833,374.0,Sikasso,1997,2,27.3,,,0.0
11.35,-5.6833,374.0,Sikasso,1997,3,28.5,,,0.0
11.35,-5.6833,374.0,Sikasso,1997,4,29.2,,,128.0
11.35,-5.6833,374.0,Sikasso,1997,5,28.5,33.8,23.5,161.0
11.35,-5.6833,374.0,Sikasso,1997,6,26.3,31.4,23.3,246.0
11.35,-5.6833,374.0,Sikasso,1997,7,26.4,31.1,22.5,125.0
11.35,-5.6833,374.0,Sikasso,1997,8,25.3,30.3,21.9,160.0
11.35,-5.6833,374.0,Sikasso,1997,9,25.5,31.3,21.9,207.0
11.35,-5.6833,374.0,Sikasso,1997,10,27.2,33.3,22.6,53.0
11.35,-5.6833,374.0,Sikasso,1997,11,27.9,35.6,20.2,0.0
11.35,-5.6833,374.0,Sikasso,1997,12,25.5,33.3,17.7,0.0
11.35,-5.6833,374.0,Sikasso,1998,1,25.6,33.0,17.7,0.0
11.35,-5.6833,374.0,Sikasso,1998,2,30.0,37.4,21.7,8.0
11.35,-5.6833,374.0,Sikasso,1998,3,31.2,37.9,23.7,0.0
11.35,-5.6833,374.0,Sikasso,1998,4,31.9,38.0,26.8,28.0
11.35,-5.6833,374.0,Sikasso,1998,5,30.2,35.9,25.6,142.0
11.35,-5.6833,374.0,Sikasso,1998,6,27.9,33.0,23.6,129.0
11.35,-5.6833,374.0,Sikasso,1998,7,26.0,30.5,22.2,349.0
11.35,-5.6833,374.0,Sikasso,1998,8,,,,497.0
11.35,-5.6833,374.0,Sikasso,1998,9,25.3,30.7,21.8,307.0
11.35,-5.6833,374.0,Sikasso,1998,11,,,,0.0
11.35,-5.6833,374.0,Sikasso,1998,12,25.7,32.3,,0.0
11.35,-5.6833,374.0,Sikasso,1999,1,25.4,32.7,18.2,5.0
11.35,-5.6833,374.0,Sikasso,1999,2,26.8,34.1,19.9,0.5
11.35,-5.6833,374.0,Sikasso,1999,3,30.9,37.6,23.7,20.0
11.35,-5.6833,374.0,Sikasso,1999,4,30.7,36.6,25.3,52.0
11.35,-5.6833,374.0,Sikasso,1999,5,29.5,35.4,24.6,62.0
11.35,-5.6833,374.0,Sikasso,1999,6,27.8,33.1,23.0,165.0
11.35,-5.6833,374.0,Sikasso,1999,7,25.3,29.6,21.6,236.0
11.35,-5.6833,374.0,Sikasso,1999,8,,,,289.0
11.35,-5.6833,374.0,Sikasso,1999,9,25.0,30.6,21.4,144.0
11.35,-5.6833,374.0,Sikasso,1999,10,26.2,32.5,21.6,76.0
11.35,-5.6833,374.0,Sikasso,1999,11,26.7,33.8,20.3,58.0
11.35,-5.6833,374.0,Sikasso,1999,12,24.4,32.5,,0.0
11.35,-5.6833,374.0,Sikasso,2000,1,27.0,33.6,20.3,13.0
11.35,-5.6833,374.0,Sikasso,2000,2,26.1,33.6,17.3,0.0
11.35,-5.6833,374.0,Sikasso,2000,3,30.2,37.1,22.8,1.0
11.35,-5.6833,374.0,Sikasso,2000,4,31.1,37.5,25.9,67.0
11.35,-5.6833,374.0,Sikasso,2000,5,29.1,34.9,23.8,130.0
11.35,-5.6833,374.0,Sikasso,2000,6,26.9,32.0,23.0,139.0
11.35,-5.6833,374.0,Sikasso,2000,7,25.4,30.1,21.6,179.0
11.35,-5.6833,374.0,Sikasso,2000,8,24.8,29.7,21.2,345.0
11.35,-5.6833,374.0,Sikasso,2000,9,25.4,30.8,21.3,137.0
11.35,-5.6833,374.0,Sikasso,2000,10,26.8,32.9,21.8,57.0
11.35,-5.6833,374.0,Sikasso,2000,11,27.0,34.5,19.3,25.0
11.35,-5.6833,374.0,Sikasso,2000,12,24.9,32.8,16.5,0.0
11.35,-5.6833,374.0,Sikasso,2001,1,25.2,33.5,16.4,0.0
11.35,-5.6833,374.0,Sikasso,2001,2,26.9,34.5,18.5,0.0
11.35,-5.6833,374.0,Sikasso,2001,3,30.7,37.6,23.3,4.0
11.35,-5.6833,374.0,Sikasso,2001,6,27.5,32.8,23.3,183.0
11.35,-5.6833,374.0,Sikasso,2001,7,25.8,30.9,21.5,255.0
11.35,-5.6833,374.0,Sikasso,2001,8,25.3,29.9,22.1,253.0
11.35,-5.6833,374.0,Sikasso,2001,9,25.5,30.9,21.3,204.0
11.35,-5.6833,374.0,Sikasso,2001,10,27.7,33.7,22.3,49.0
11.35,-5.6833,374.0,Sikasso,2001,11,27.2,34.4,19.9,0.5
11.35,-5.6833,374.0,Sikasso,2001,12,26.1,34.3,,0.0
11.35,-5.6833,374.0,Sikasso,2002,1,25.4,,,3.0
11.35,-5.6833,374.0,Sikasso,2002,2,27.7,35.3,,0.0
11.35,-5.6833,374.0,Sikasso,2002,3,31.8,37.9,25.2,0.0
11.35,-5.6833,374.0,Sikasso,2002,4,31.1,36.9,25.7,62.0
11.35,-5.6833,374.0,Sikasso,2002,5,31.1,37.1,25.9,30.0
11.35,-5.6833,374.0,Sikasso,2002,6,27.5,32.8,22.6,124.0
11.35,-5.6833,374.0,Sikasso,2002,7,26.3,30.9,21.9,206.0
11.35,-5.6833,374.0,Sikasso,2002,8,25.8,30.4,21.7,141.0
11.35,-5.6833,374.0,Sikasso,2002,9,26.0,31.4,21.7,198.0
11.35,-5.6833,374.0,Sikasso,2002,10,27.3,33.5,22.0,74.0
11.35,-5.6833,374.0,Sikasso,2002,11,27.9,35.2,20.3,0.0
11.35,-5.6833,374.0,Sikasso,2002,12,25.8,34.4,17.7,0.0
11.35,-5.6833,374.0,Sikasso,2003,1,25.7,32.9,17.9,0.5
11.35,-5.6833,374.0,Sikasso,2003,2,30.2,37.2,22.4,1.0
11.35,-5.6833,374.0,Sikasso,2003,3,31.3,37.9,24.2,2.0
11.35,-5.6833,374.0,Sikasso,2003,4,31.6,37.9,25.8,53.0
11.35,-5.6833,374.0,Sikasso,2003,5,30.5,,,62.0
11.35,-5.6833,374.0,Sikasso,2003,6,26.9,32.0,22.9,66.0
11.35,-5.6833,374.0,Sikasso,2003,7,25.6,30.3,22.0,202.0
11.35,-5.6833,374.0,Sikasso,2003,8,25.0,29.2,21.6,346.0
11.35,-5.6833,374.0,Sikasso,2003,9,25.2,30.4,21.3,226.0
11.35,-5.6833,374.0,Sikasso,2003,10,27.5,33.5,22.2,83.0
11.35,-5.6833,374.0,Sikasso,2003,11,27.2,34.5,20.9,18.0
11.35,-5.6833,374.0,Sikasso,2003,12,25.0,32.9,16.8,0.0
11.35,-5.6833,374.0,Sikasso,2004,1,25.7,33.3,18.7,0.0
11.35,-5.6833,374.0,Sikasso,2004,2,28.6,35.5,20.9,36.0
11.35,-5.6833,374.0,Sikasso,2004,3,30.0,36.7,,34.0
11.35,-5.6833,374.0,Sikasso,2004,4,30.2,,,58.0
11.35,-5.6833,374.0,Sikasso,2004,5,29.4,34.9,,86.0
11.35,-5.6833,374.0,Sikasso,2004,6,27.8,,,79.0
11.35,-5.6833,374.0,Sikasso,2004,7,25.6,30.2,21.9,324.0
11.35,-5.6833,374.0,Sikasso,2004,8,25.5,30.3,21.6,319.0
11.35,-5.6833,374.0,Sikasso,2004,9,25.8,,,308.0
11.35,-5.6833,374.0,Sikasso,2004,10,27.7,,,35.0
11.35,-5.6833,374.0,Sikasso,2004,11,27.5,,,26.0
11.35,-5.6833,374.0,Sikasso,2004,12,27.4,34.8,20.0,0.0
11.35,-5.6833,374.0,Sikasso,2005,1,25.2,31.9,18.3,0.0
11.35,-5.6833,374.0,Sikasso,2005,2,30.1,36.2,23.8,0.0
11.35,-5.6833,374.0,Sikasso,2005,4,31.3,37.8,26.1,53.0
11.35,-5.6833,374.0,Sikasso,2005,5,,,,113.0
11.35,-5.6833,374.0,Sikasso,2005,6,,,,157.0
11.35,-5.6833,374.0,Sikasso,2005,8,,,,288.0
11.35,-5.6833,374.0,Sikasso,2005,9,25.8,31.5,22.0,197.0
11.35,-5.6833,374.0,Sikasso,2005,10,27.5,,,52.0
11.35,-5.6833,374.0,Sikasso,2005,11,27.8,,,0.0
11.35,-5.6833,374.0,Sikasso,2005,12,26.4,,,0.0
11.35,-5.6833,374.0,Sikasso,2006,4,,,,63.0
11.35,-5.6833,374.0,Sikasso,2006,5,,,,152.0
11.35,-5.6833,374.0,Sikasso,2008,6,28.3,,,81.0
11.35,-5.6833,374.0,Sikasso,2008,10,,,,118.0
11.35,-5.6833,374.0,Sikasso,2008,11,27.0,,,0.0
11.35,-5.6833,374.0,Sikasso,2008,12,26.0,,,0.0
11.35,-5.6833,374.0,Sikasso,2009,1,24.2,31.4,16.7,0.0
11.35,-5.6833,374.0,Sikasso,2009,2,30.1,36.9,22.6,5.0
11.35,-5.6833,374.0,Sikasso,2009,3,30.8,36.8,24.6,18.0
11.35,-5.6833,374.0,Sikasso,2009,4,31.9,37.6,25.8,22.0
11.35,-5.6833,374.0,Sikasso,2009,5,30.7,36.1,24.6,94.0
11.35,-5.6833,374.0,Sikasso,2009,6,28.2,33.6,23.6,197.0
11.35,-5.6833,374.0,Sikasso,2009,7,26.8,,,58.0
11.35,-5.6833,374.0,Sikasso,2009,8,25.6,30.1,22.2,316.0
11.35,-5.6833,374.0,Sikasso,2009,9,25.9,,,
11.35,-5.6833,374.0,Sikasso,2009,10,27.3,,,
11.35,-5.6833,374.0,Sikasso,2009,11,26.2,,,1.0
11.35,-5.6833,374.0,Sikasso,2009,12,26.5,,,
11.35,-5.6833,374.0,Sikasso,2010,1,26.6,34.8,,0.0
11.35,-5.6833,374.0,Sikasso,2010,2,30.3,37.6,,13.0
11.35,-5.6833,374.0,Sikasso,2010,3,32.4,38.4,25.9,3.0
11.35,-5.6833,374.0,Sikasso,2010,4,31.6,,,
11.35,-5.6833,374.0,Sikasso,2010,5,29.9,35.2,25.8,112.0
11.35,-5.6833,374.0,Sikasso,2010,6,28.3,33.1,23.3,179.0
11.35,-5.6833,374.0,Sikasso,2010,7,26.3,30.9,21.8,205.0
11.35,-5.6833,374.0,Sikasso,2010,8,25.7,30.2,21.6,194.0
11.35,-5.6833,374.0,Sikasso,2010,9,25.7,30.9,21.2,359.0
11.35,-5.6833,374.0,Sikasso,2010,10,26.6,32.6,21.3,156.0
11.35,-5.6833,374.0,Sikasso,2010,11,27.9,,,2.0
11.35,-5.6833,374.0,Sikasso,2010,12,26.1,34.3,16.3,0.0
11.35,-5.6833,374.0,Sikasso,2011,1,26.0,33.7,17.1,0.0
11.35,-5.6833,374.0,Sikasso,2011,2,28.1,35.0,20.6,0.0
11.35,-5.6833,374.0,Sikasso,2011,3,31.7,38.2,25.0,32.0
11.35,-5.6833,374.0,Sikasso,2011,4,31.3,37.2,,27.0
11.35,-5.6833,374.0,Sikasso,2011,5,29.7,35.3,24.5,143.0
11.35,-5.6833,374.0,Sikasso,2011,6,28.0,33.0,,188.0
11.35,-5.6833,374.0,Sikasso,2011,7,26.4,30.9,22.2,218.0
11.35,-5.6833,374.0,Sikasso,2011,8,25.9,30.6,,321.0
11.35,-5.6833,374.0,Sikasso,2011,9,26.1,31.5,21.8,214.0
11.35,-5.6833,374.0,Sikasso,2011,10,27.6,33.9,22.5,89.0
11.35,-5.6833,374.0,Sikasso,2011,11,28.3,35.6,20.3,0.0
11.35,-5.6833,374.0,Sikasso,2011,12,24.4,33.5,15.7,0.0
11.35,-5.6833,374.0,Sikasso,2012,1,24.5,32.2,17.3,0.0
11.35,-5.6833,374.0,Sikasso,2012,2,28.0,34.8,21.0,0.0
11.35,-5.6833,374.0,Sikasso,2012,5,29.8,35.8,24.3,53.0
11.35,-5.6833,374.0,Sikasso,2012,6,27.4,32.2,22.9,161.0
11.35,-5.6833,374.0,Sikasso,2012,7,26.1,30.4,22.4,255.0
11.35,-5.6833,374.0,Sikasso,2012,8,25.5,29.7,21.8,409.0
11.35,-5.6833,374.0,Sikasso,2012,11,27.7,,,
11.35,-5.6833,374.0,Sikasso,2012,12,25.1,,,
11.35,-5.6833,374.0,Sikasso,2013,6,27.9,33.0,23.1,190.0
11.35,-5.6833,374.0,Sikasso,2013,9,26.1,31.7,22.1,189.0
11.35,-5.6833,374.0,Sikasso,2013,10,27.4,33.7,22.5,67.0
11.35,-5.6833,374.0,Sikasso,2013,11,28.3,35.5,20.8,0.0
11.35,-5.6833,374.0,Sikasso,2013,12,25.4,33.0,17.9,0.0
11.35,-5.6833,374.0,Sikasso,2014,1,26.7,33.9,19.4,44.0
11.35,-5.6833,374.0,Sikasso,2014,2,28.1,35.0,21.2,0.5
11.35,-5.6833,374.0,Sikasso,2014,3,31.2,38.0,23.9,1.0
11.35,-5.6833,374.0,Sikasso,2014,5,30.2,36.0,25.3,
11.35,-5.6833,374.0,Sikasso,2014,6,28.2,33.8,23.9,125.0
11.35,-5.6833,374.0,Sikasso,2014,7,26.7,31.4,23.2,297.0
11.35,-5.6833,374.0,Sikasso,2014,8,25.8,30.2,22.1,406.0
11.35,-5.6833,374.0,Sikasso,2014,9,25.7,31.0,21.6,240.0
11.35,-5.6833,374.0,Sikasso,2014,10,27.8,33.9,22.6,131.0
11.35,-5.6833,374.0,Sikasso,2014,11,28.4,35.2,21.8,4.0
11.35,-5.6833,374.0,Sikasso,2014,12,25.4,32.9,17.7,0.0
11.35,-5.6833,374.0,Sikasso,2015,1,25.0,32.6,16.7,0.0
11.35,-5.6833,374.0,Sikasso,2015,2,29.4,36.3,22.0,2.0
11.35,-5.6833,374.0,Sikasso,2015,3,31.0,37.3,24.3,0.0
11.35,-5.6833,374.0,Sikasso,2015,4,32.5,38.8,26.7,0.5
11.35,-5.6833,374.0,Sikasso,2015,5,31.7,37.9,26.5,40.0
11.35,-5.6833,374.0,Sikasso,2015,6,28.9,34.5,23.8,92.0
11.35,-5.6833,374.0,Sikasso,2015,7,26.8,31.7,22.6,193.0
11.35,-5.6833,374.0,Sikasso,2015,8,25.8,30.5,22.4,299.0
11.35,-5.6833,374.0,Sikasso,2015,9,26.0,31.5,22.5,255.0
11.35,-5.6833,374.0,Sikasso,2015,10,27.6,33.4,22.9,71.0
11.35,-5.6833,374.0,Sikasso,2015,11,27.4,34.6,20.0,2.0
11.35,-5.6833,374.0,Sikasso,2015,12,23.9,31.3,16.0,0.0
11.35,-5.6833,374.0,Sikasso,2016,1,25.2,32.0,17.9,13.0
11.35,-5.6833,374.0,Sikasso,2016,2,28.1,35.7,19.4,0.0
11.35,-5.6833,374.0,Sikasso,2016,3,32.1,38.8,24.8,2.0
11.35,-5.6833,374.0,Sikasso,2016,4,32.2,38.5,26.5,113.0
11.35,-5.6833,374.0,Sikasso,2016,5,30.7,36.2,25.9,29.0
11.35,-5.6833,374.0,Sikasso,2016,6,28.1,33.3,23.3,242.0
11.35,-5.6833,374.0,Sikasso,2016,7,26.3,30.3,22.5,362.0
11.35,-5.6833,374.0,Sikasso,2016,8,25.9,30.6,22.4,444.0
11.35,-5.6833,374.0,Sikasso,2016,9,26.0,31.4,22.0,294.0
11.35,-5.6833,374.0,Sikasso,2016,10,28.7,34.8,23.5,41.0
11.35,-5.6833,374.0,Sikasso,2016,11,28.1,35.1,20.9,32.0
11.35,-5.6833,374.0,Sikasso,2016,12,26.2,33.4,18.7,0.0
11.35,-5.6833,374.0,Sikasso,2017,1,25.5,33.5,17.4,0.0
11.35,-5.6833,374.0,Sikasso,2017,2,29.7,36.8,21.7,0.0
11.35,-5.6833,374.0,Sikasso,2017,3,32.1,38.9,25.4,0.5
11.35,-5.6833,374.0,Sikasso,2017,4,31.8,37.9,26.4,12.0
11.35,-5.6833,374.0,Sikasso,2017,5,29.5,35.0,24.3,118.0
11.35,-5.6833,374.0,Sikasso,2017,6,28.2,33.1,23.7,126.0
11.35,-5.6833,374.0,Sikasso,2017,7,26.4,30.6,22.3,358.0
11.35,-5.6833,374.0,Sikasso,2017,8,25.9,30.5,22.8,295.0
11.35,-5.6833,374.0,Sikasso,2017,9,26.8,32.2,22.5,227.0
11.35,-5.6833,374.0,Sikasso,2017,10,29.0,35.2,23.1,49.0
11.35,-5.6833,374.0,Sikasso,2017,11,28.0,35.2,20.5,2.0
11.35,-5.6833,374.0,Sikasso,2017,12,25.4,32.7,18.2,0.0
11.35,-5.6833,374.0,Sikasso,2018,1,25.8,33.3,17.6,0.0
11.35,-5.6833,374.0,Sikasso,2018,2,29.2,35.9,22.6,0.0
11.35,-5.6833,374.0,Sikasso,2018,3,31.7,38.2,25.0,35.0
11.35,-5.6833,374.0,Sikasso,2018,4,31.8,37.7,26.0,23.0
11.35,-5.6833,374.0,Sikasso,2018,5,30.4,36.4,25.2,164.0
11.35,-5.6833,374.0,Sikasso,2018,6,27.8,32.7,23.5,170.0
11.35,-5.6833,374.0,Sikasso,2018,7,26.2,30.9,22.3,349.0
11.35,-5.6833,374.0,Sikasso,2018,8,25.4,29.6,22.1,409.0
11.35,-5.6833,374.0,Sikasso,2018,9,25.8,30.4,22.2,431.0
11.35,-5.6833,374.0,Sikasso,2018,10,27.8,33.8,23.1,98.0
11.35,-5.6833,374.0,Sikasso,2018,11,28.3,35.3,21.4,0.0
11.35,-5.6833,374.0,Sikasso,2018,12,25.4,33.3,17.4,0.0
11.35,-5.6833,374.0,Sikasso,2019,1,25.8,33.9,17.2,0.0
11.35,-5.6833,374.0,Sikasso,2019,3,30.7,37.2,23.7,14.0
11.35,-5.6833,374.0,Sikasso,2019,7,26.9,31.3,23.0,189.0
11.35,-5.6833,374.0,Sikasso,2019,8,26.2,30.2,22.7,344.0
11.35,-5.6833,374.0,Sikasso,2019,9,26.4,31.5,22.5,297.0
11.35,-5.6833,374.0,Sikasso,2019,10,27.1,32.4,23.4,129.0
11.35,-5.6833,374.0,Sikasso,2019,11,28.0,35.3,21.8,3.0
11.35,-5.6833,374.0,Sikasso,2019,12,25.9,34.7,17.7,0.0
11.35,-5.6833,374.0,Sikasso,2020,1,25.0,32.2,17.6,0.0
11.35,-5.6833,374.0,Sikasso,2020,2,28.2,36.1,20.0,0.0
11.35,-5.6833,374.0,Sikasso,2020,3,31.6,38.4,24.9,29.0
11.35,-5.6833,374.0,Sikasso,2020,4,32.5,39.2,26.7,8.0
11.35,-5.6833,374.0,Sikasso,2020,5,30.6,,,
11.35,-5.6833,374.0,Sikasso,2020,6,27.9,33.5,23.1,235.0
11.35,-5.6833,374.0,Sikasso,2020,7,26.2,30.4,23.0,259.0
11.35,-5.6833,374.0,Sikasso,2020,8,25.5,29.1,22.8,231.0
11.35,-5.6833,374.0,Sikasso,2020,9,25.5,30.2,22.0,225.0
11.35,-5.6833,374.0,Sikasso,2020,10,26.9,32.7,22.0,106.0
11.35,-5.6833,374.0,Sikasso,2020,11,27.3,34.6,20.0,0.0
11.35,-5.6833,374.0,Sikasso,2020,12,27.4,34.9,19.7,0.0
11.35,-5.6833,374.0,Sikasso,2021,1,26.9,35.1,18.2,0.0
11.35,-5.6833,374.0,Sikasso,2021,2,28.9,36.5,21.0,5.0
11.35,-5.6833,374.0,Sikasso,2021,3,31.4,37.7,24.8,18.0
11.35,-5.6833,374.0,Sikasso,2021,4,32.0,38.8,26.5,45.0
11.35,-5.6833,374.0,Sikasso,2021,5,30.4,36.8,25.4,155.0
11.35,-5.6833,374.0,Sikasso,2021,6,27.7,33.5,23.5,149.0
11.35,-5.6833,374.0,Sikasso,2021,7,26.5,31.0,22.8,329.0
11.35,-5.6833,374.0,Sikasso,2021,8,25.4,29.7,22.2,361.0
11.35,-5.6833,374.0,Sikasso,2021,9,26.6,31.7,23.1,207.0
11.35,-5.6833,374.0,Sikasso,2021,10,27.7,33.4,23.4,87.0
11.35,-5.6833,374.0,Sikasso,2021,11,28.4,35.4,21.7,0.0
11.35,-5.6833,374.0,Sikasso,2021,12,25.6,34.2,18.9,0.0
11.35,-5.6833,374.0,Sikasso,2022,1,25.1,32.5,17.1,0.0
11.35,-5.6833,374.0,Sikasso,2022,2,28.1,36.0,20.0,1.0
11.35,-5.6833,374.0,Sikasso,2022,3,31.3,37.4,25.2,16.0
11.35,-5.6833,374.0,Sikasso,2022,4,31.1,37.3,26.0,90.0
11.35,-5.6833,374.0,Sikasso,2022,5,29.9,35.9,25.2,92.0
11.35,-5.6833,374.0,Sikasso,2022,6,27.1,31.9,23.0,216.0
11.35,-5.6833,374.0,Sikasso,2022,7,25.7,30.2,22.5,289.0
11.35,-5.6833,374.0,Sikasso,2022,8,25.1,29.0,21.9,408.0
11.35,-5.6833,374.0,Sikasso,2022,9,25.4,30.0,22.3,223.0
11.35,-5.6833,374.0,Sikasso,2022,10,27.8,33.1,23.2,97.0
11.35,-5.6833,374.0,Sikasso,2022,11,27.3,34.6,20.0,0.0
11.35,-5.6833,374.0,Sikasso,2022,12,25.9,33.1,18.8,0.0
11.35,-5.6833,374.0,Sikasso,2023,1,26.1,33.8,18.2,14.0
11.35,-5.6833,374.0,Sikasso,2023,2,29.3,36.8,22.8,0.0
11.35,-5.6833,374.0,Sikasso,2023,3,31.5,37.9,25.1,7.0
11.35,-5.6833,374.0,Sikasso,2023,4,31.7,38.0,25.8,71.0
11.35,-5.6833,374.0,Sikasso,2023,5,29.8,36.2,25.0,106.0
11.35,-5.6833,374.0,Sikasso,2023,6,28.2,32.9,23.9,110.0
11.35,-5.6833,374.0,Sikasso,2023,7,26.6,31.2,23.1,159.0
11.35,-5.6833,374.0,Sikasso,2023,8,25.8,30.3,22.6,337.0
11.35,-5.6833,374.0,Sikasso,2023,9,26.2,31.4,22.5,257.0
11.35,-5.6833,374.0,Sikasso,2023,10,27.9,33.6,23.7,83.0
11.35,-5.6833,374.0,Sikasso,2023,11,29.0,35.5,23.0,6.0
11.35,-5.6833,374.0,Sikasso,2023,12,25.6,33.5,17.6,0.0
11.35,-5.6833,374.0,Sikasso,2024,1,26.7,34.9,18.1,0.0
11.35,-5.6833,374.0,Sikasso,2024,2,28.8,36.4,20.8,0.5
11.35,-5.6833,374.0,Sikasso,2024,3,32.7,39.3,27.3,8.0
11.35,-5.6833,374.0,Sikasso,2024,4,32.6,38.9,26.7,24.0
11.35,-5.6833,374.0,Sikasso,2024,5,31.5,37.6,26.0,117.0
11.35,-5.6833,374.0,Sikasso,2024,6,28.7,33.7,24.4,141.0
11.35,-5.6833,374.0,Sikasso,2024,7,26.2,30.1,22.9,255.0
11.35,-5.6833,374.0,Sikasso,2024,8,25.8,29.8,22.7,296.0
11.35,-5.6833,374.0,Sikasso,2024,9,25.6,30.4,22.4,395.0
11.35,-5.6833,374.0,Sikasso,2024,10,26.8,32.2,22.7,171.0
11.35,-5.6833,374.0,Sikasso,2024,11,27.2,33.7,19.2,136.1
11.35,-5.6833,374.0,Sikasso,2024,12,25.0,33.0,16.8,0.0
11.35,-5.6833,374.0,Sikasso,2025,1,25.5,33.3,17.7,0.0
11.35,-5.6833,374.0,Sikasso,2025,2,28.1,35.4,20.8,0.0
11.35,-5.6833,374.0,Sikasso,2025,3,31.9,38.2,25.8,117.0
11.35,-5.6833,374.0,Sikasso,2025,4,31.0,37.4,26.0,66.0
11.35,-5.6833,374.0,Sikasso,2025,5,29.1,35.1,24.2,150.0
11.35,-5.6833,374.0,Sikasso,2025,6,27.5,33.3,23.0,141.0
11.35,-5.6833,374.0,Sikasso,2025,7,25.2,29.7,21.9,196.1
22.75,-12.4833,343.0,Zouerate,1994,1,15.6,,,0.0
22.75,-12.4833,343.0,Zouerate,1994,2,19.5,,,0.0
22.75,-12.4833,343.0,Zouerate,1994,3,20.5,27.6,,0.0
22.75,-12.4833,343.0,Zouerate,1994,4,25.1,,,0.5
22.75,-12.4833,343.0,Zouerate,1994,5,28.0,,,0.5
22.75,-12.4833,343.0,Zouerate,1994,6,32.3,,,0.0
22.75,-12.4833,343.0,Zouerate,1994,7,34.6,,,0.5
22.75,-12.4833,343.0,Zouerate,1994,8,34.5,,,1.0
22.75,-12.4833,343.0,Zouerate,1994,9,31.2,37.7,,86.0
22.75,-12.4833,343.0,Zouerate,1994,10,25.9,31.9,,0.0
22.75,-12.4833,343.0,Zouerate,1994,11,23.6,,,0.0
22.75,-12.4833,343.0,Zouerate,1994,12,19.3,,,0.5
22.75,-12.4833,343.0,Zouerate,1995,1,16.0,,,0.0
22.75,-12.4833,343.0,Zouerate,1995,2,20.4,,,0.0
22.75,-12.4833,343.0,Zouerate,1995,3,21.4,,,0.0
22.75,-12.4833,343.0,Zouerate,1995,4,22.7,,,0.0
22.75,-12.4833,343.0,Zouerate,1995,5,27.9,,,0.0
22.75,-12.4833,343.0,Zouerate,1995,6,30.4,,,0.0
22.75,-12.4833,343.0,Zouerate,1995,7,33.0,,,0.0
22.75,-12.4833,343.0,Zouerate,1995,9,30.2,,,82.0
22.75,-12.4833,343.0,Zouerate,1995,10,28.0,,,0.0
22.75,-12.4833,343.0,Zouerate,1995,11,24.1,,,0.5
22.75,-12.4833,343.0,Zouerate,1995,12,20.0,,,7.0
22.75,-12.4833,343.0,Zouerate,1996,1,19.6,,,0.5
22.75,-12.4833,343.0,Zouerate,1996,2,19.8,,,7.0
22.75,-12.4833,343.0,Zouerate,1996,3,22.4,,,0.5
22.75,-12.4833,343.0,Zouerate,1996,4,25.6,,,0.0
22.75,-12.4833,343.0,Zouerate,1996,5,28.0,,,0.5
22.75,-12.4833,343.0,Zouerate,1996,6,31.4,,,0.0
22.75,-12.4833,343.0,Zouerate,1996,8,33.6,,,5.0
22.75,-12.4833,343.0,Zouerate,1996,9,30.0,,,2.0
22.75,-12.4833,343.0,Zouerate,1997,1,18.9,,,0.0
22.75,-12.4833,343.0,Zouerate,1997,2,22.0,,,0.0
22.75,-12.4833,343.0,Zouerate,1997,4,24.6,,,0.0
22.75,-12.4833,343.0,Zouerate,1997,5,27.5,,,0.5
22.75,-12.4833,343.0,Zouerate,1997,6,29.6,,,0.0
22.75,-12.4833,343.0,Zouerate,1997,7,31.3,,,0.5
22.75,-12.4833,343.0,Zouerate,1997,8,32.4,,,21.0
22.75,-12.4833,343.0,Zouerate,1997,9,,,,9.0
22.75,-12.4833,343.0,Zouerate,1998,4,23.9,,,0.5
22.75,-12.4833,343.0,Zouerate,1998,5,25.0,,,2.0
22.75,-12.4833,343.0,Zouerate,1998,6,30.9,,,0.0
22.75,-12.4833,343.0,Zouerate,1998,7,34.1,,,0.5
22.75,-12.4833,343.0,Zouerate,1998,8,35.3,,,0.0
22.75,-12.4833,343.0,Zouerate,1998,9,30.6,,,41.0
22.75,-12.4833,343.0,Zouerate,1998,10,27.8,,,9.0
22.75,-12.4833,343.0,Zouerate,1998,11,23.8,,,0.5
22.75,-12.4833,343.0,Zouerate,1998,12,17.4,,,1.0
22.75,-12.4833,343.0,Zouerate,1999,1,16.1,,,0.5
22.75,-12.4833,343.0,Zouerate,1999,2,16.0,22.4,9.8,0.0
22.75,-12.4833,343.0,Zouerate,1999,3,21.0,27.6,14.5,0.5
22.75,-12.4833,343.0,Zouerate,1999,4,26.1,33.7,18.6,0.5
22.75,-12.4833,343.0,Zouerate,1999,5,28.7,37.5,21.9,0.5
22.75,-12.4833,343.0,Zouerate,1999,6,30.2,41.2,24.2,0.0
22.75,-12.4833,343.0,Zouerate,1999,9,31.8,38.5,25.2,10.0
22.75,-12.4833,343.0,Zouerate,1999,10,27.0,32.5,21.7,4.0
22.75,-12.4833,343.0,Zouerate,1999,11,22.3,28.4,16.8,2.0
22.75,-12.4833,343.0,Zouerate,2000,1,16.0,21.6,11.2,11.0
22.75,-12.4833,343.0,Zouerate,2000,2,,,,0.5
22.75,-12.4833,343.0,Zouerate,2000,3,25.2,31.7,18.7,0.0
22.75,-12.4833,343.0,Zouerate,2000,4,24.5,32.2,17.2,0.0
22.75,-12.4833,343.0,Zouerate,2000,5,27.3,35.0,19.7,0.5
22.75,-12.4833,343.0,Zouerate,2000,6,,,,0.0
22.75,-12.4833,343.0,Zouerate,2000,7,33.3,41.5,25.3,0.5
22.75,-12.4833,343.0,Zouerate,2000,8,33.2,40.9,25.7,6.0
22.75,-12.4833,343.0,Zouerate,2000,9,32.1,38.9,25.3,0.5
22.75,-12.4833,343.0,Zouerate,2000,10,25.7,32.3,19.3,0.5
22.75,-12.4833,343.0,Zouerate,2000,11,23.1,27.3,15.5,20.0
22.75,-12.4833,343.0,Zouerate,2000,12,19.6,26.2,13.7,0.0
22.75,-12.4833,343.0,Zouerate,2001,1,18.5,25.5,12.4,0.0
22.75,-12.4833,343.0,Zouerate,2001,2,,,,0.0
22.75,-12.4833,343.0,Zouerate,2001,3,24.5,31.7,17.3,0.0
22.75,-12.4833,343.0,Zouerate,2001,4,27.0,34.2,19.3,0.0
22.75,-12.4833,343.0,Zouerate,2001,5,26.0,33.7,18.5,0.0
22.75,-12.4833,343.0,Zouerate,2001,6,32.6,40.8,24.3,0.0
22.75,-12.4833,343.0,Zouerate,2001,7,33.4,41.1,25.6,0.5
22.75,-12.4833,343.0,Zouerate,2001,8,34.6,41.4,27.5,2.0
22.75,-12.4833,343.0,Zouerate,2001,9,31.3,38.3,24.7,0.0
22.75,-12.4833,343.0,Zouerate,2001,11,23.0,28.5,17.7,1.0
22.75,-12.4833,343.0,Zouerate,2001,12,23.0,28.7,18.0,3.0
22.75,-12.4833,343.0,Zouerate,2002,1,19.2,25.5,13.6,0.0
22.75,-12.4833,343.0,Zouerate,2002,2,21.0,27.2,14.0,0.0
22.75,-12.4833,343.0,Zouerate,2002,3,,,,0.5
22.75,-12.4833,343.0,Zouerate,2002,5,25.9,33.3,18.4,0.0
22.75,-12.4833,343.0,Zouerate,2002,6,29.8,37.5,21.7,0.0
22.75,-12.4833,343.0,Zouerate,2002,7,30.9,39.2,22.5,0.0
22.75,-12.4833,343.0,Zouerate,2002,8,32.6,39.9,24.8,12.0
22.75,-12.4833,343.0,Zouerate,2002,9,34.1,40.0,27.8,0.0
22.75,-12.4833,343.0,Zouerate,2002,10,29.1,35.1,23.0,0.0
22.75,-12.4833,343.0,Zouerate,2002,11,22.8,28.9,17.0,0.5
22.75,-12.4833,343.0,Zouerate,2002,12,21.6,27.9,16.1,0.0
22.75,-12.4833,343.0,Zouerate,2003,1,16.3,22.9,11.0,0.0
22.75,-12.4833,343.0,Zouerate,2003,2,,,,0.0
22.75,-12.4833,343.0,Zouerate,2003,5,28.1,35.6,20.5,0.5
22.75,-12.4833,343.0,Zouerate,2003,6,31.2,38.7,23.3,0.5
22.75,-12.4833,343.0,Zouerate,2003,7,34.2,39.2,26.3,0.0
22.75,-12.4833,343.0,Zouerate,2003,8,,,,16.0
22.75,-12.4833,343.0,Zouerate,2003,10,27.7,33.1,22.7,64.0
22.75,-12.4833,343.0,Zouerate,2003,11,22.4,28.0,17.4,0.0
22.75,-12.4833,343.0,Zouerate,2003,12,19.2,24.4,14.6,4.0
22.75,-12.4833,343.0,Zouerate,2004,1,17.7,23.7,11.9,0.5
22.75,-12.4833,343.0,Zouerate,2004,2,21.5,27.0,15.0,0.5
22.75,-12.4833,343.0,Zouerate,2004,3,22.6,29.4,15.6,10.0
22.75,-12.4833,343.0,Zouerate,2004,4,,,,0.0
22.75,-12.4833,343.0,Zouerate,2004,5,,,,0.0
22.75,-12.4833,343.0,Zouerate,2004,6,,,,0.0
22.75,-12.4833,343.0,Zouerate,2004,7,,,,0.5
22.75,-12.4833,343.0,Zouerate,2004,12,17.3,22.6,12.4,0.0
22.75,-12.4833,343.0,Zouerate,2005,9,30.9,36.9,27.9,32.0
22.75,-12.4833,343.0,Zouerate,2005,11,23.2,28.8,18.2,0.5
22.75,-12.4833,343.0,Zouerate,2005,12,21.0,26.4,16.4,2.0
22.75,-12.4833,343.0,Zouerate,2006,1,15.4,,10.9,24.0
22.75,-12.4833,343.0,Zouerate,2006,2,18.4,23.5,13.4,1.0
22.75,-12.4833,343.0,Zouerate,2006,3,24.6,31.4,18.1,0.0
22.75,-12.4833,343.0,Zouerate,2006,4,27.2,34.3,19.7,0.0
22.75,-12.4833,343.0,Zouerate,2006,5,26.8,34.3,18.8,0.5
22.75,-12.4833,343.0,Zouerate,2006,6,30.9,38.2,23.4,0.5
22.75,-12.4833,343.0,Zouerate,2006,7,35.0,42.5,27.0,0.5
22.75,-12.4833,343.0,Zouerate,2006,8,33.5,40.1,26.6,15.0
22.75,-12.4833,343.0,Zouerate,2006,9,31.4,37.3,25.6,10.0
22.75,-12.4833,343.0,Zouerate,2006,10,28.9,35.0,23.0,0.5
22.75,-12.4833,343.0,Zouerate,2006,11,26.2,31.7,20.5,0.0
22.75,-12.4833,343.0,Zouerate,2006,12,17.6,23.5,12.2,0.0
22.75,-12.4833,343.0,Zouerate,2007,1,19.0,25.2,13.7,0.5
22.75,-12.4833,343.0,Zouerate,2007,2,20.4,26.8,13.6,0.0
22.75,-12.4833,343.0,Zouerate,2007,3,22.0,28.7,15.4,0.5
22.75,-12.4833,343.0,Zouerate,2007,4,23.3,30.3,16.2,0.0
22.75,-12.4833,343.0,Zouerate,2007,6,28.4,36.1,21.1,0.0
22.75,-12.4833,343.0,Zouerate,2007,7,34.2,42.5,26.8,5.0
22.75,-12.4833,343.0,Zouerate,2007,8,33.3,40.4,26.4,0.5
22.75,-12.4833,343.0,Zouerate,2007,9,32.5,39.1,26.0,5.0
22.75,-12.4833,343.0,Zouerate,2007,10,27.7,34.1,21.6,0.0
22.75,-12.4833,343.0,Zouerate,2007,11,24.4,30.2,18.4,0.5
22.75,-12.4833,343.0,Zouerate,2007,12,18.5,24.3,13.2,0.5
22.75,-12.4833,343.0,Zouerate,2008,1,17.9,23.8,12.1,0.0
22.75,-12.4833,343.0,Zouerate,2008,2,22.7,28.4,16.8,0.0
22.75,-12.4833,343.0,Zouerate,2008,4,27.1,33.8,20.4,0.0
22.75,-12.4833,343.0,Zouerate,2008,6,29.6,37.7,22.1,0.0
22.75,-12.4833,343.0,Zouerate,2008,7,33.5,,,0.0
22.75,-12.4833,343.0,Zouerate,2008,8,35.2,42.3,28.8,17.0
22.75,-12.4833,343.0,Zouerate,2008,9,,,,11.0
22.75,-12.4833,343.0,Zouerate,2008,10,29.6,36.1,24.7,19.0
22.75,-12.4833,343.0,Zouerate,2008,11,,26.6,15.9,0.5
22.75,-12.4833,343.0,Zouerate,2008,12,17.0,22.1,12.1,6.0
22.75,-12.4833,343.0,Zouerate,2009,1,16.1,21.9,10.7,0.0
22.75,-12.4833,343.0,Zouerate,2009,2,,,,0.0
22.75,-12.4833,343.0,Zouerate,2009,3,22.3,28.9,15.7,0.5
22.75,-12.4833,343.0,Zouerate,2009,4,,,,0.0
22.75,-12.4833,343.0,Zouerate,2009,5,27.1,34.6,19.3,0.5
22.75,-12.4833,343.0,Zouerate,2009,6,30.7,36.8,24.7,114.0
22.75,-12.4833,343.0,Zouerate,2009,7,34.8,42.1,27.6,0.5
22.75,-12.4833,343.0,Zouerate,2009,8,35.5,42.9,28.0,0.5
22.75,-12.4833,343.0,Zouerate,2009,9,31.0,36.8,25.5,10.0
22.75,-12.4833,343.0,Zouerate,2009,10,,,,0.0
22.75,-12.4833,343.0,Zouerate,2009,11,23.9,30.2,18.5,0.0
22.75,-12.4833,343.0,Zouerate,2009,12,21.8,27.6,16.2,0.0
22.75,-12.4833,343.0,Zouerate,2010,1,20.3,26.8,14.4,1.0
22.75,-12.4833,343.0,Zouerate,2010,2,,,,2.0
22.75,-12.4833,343.0,Zouerate,2010,3,,,,0.0
22.75,-12.4833,343.0,Zouerate,2010,4,27.9,35.7,20.9,0.5
22.75,-12.4833,343.0,Zouerate,2010,5,27.5,34.7,20.1,0.5
22.75,-12.4833,343.0,Zouerate,2010,6,29.3,35.9,22.8,3.0
22.75,-12.4833,343.0,Zouerate,2010,7,,,,2.0
22.75,-12.4833,343.0,Zouerate,2010,8,35.1,41.8,28.3,3.0
22.75,-12.4833,343.0,Zouerate,2010,9,32.5,38.4,27.0,43.0
22.75,-12.4833,343.0,Zouerate,2010,10,28.3,34.1,22.7,7.0
22.75,-12.4833,343.0,Zouerate,2010,11,23.6,29.4,18.1,0.0
22.75,-12.4833,343.0,Zouerate,2010,12,,,,0.0
22.75,-12.4833,343.0,Zouerate,2011,1,19.1,24.8,13.8,11.0
22.75,-12.4833,343.0,Zouerate,2011,2,18.5,24.2,12.7,4.0
22.75,-12.4833,343.0,Zouerate,2011,3,,,,0.5
22.75,-12.4833,343.0,Zouerate,2011,4,,,,0.5
22.75,-12.4833,343.0,Zouerate,2011,5,29.7,36.6,22.3,3.0
22.75,-12.4833,343.0,Zouerate,2011,6,33.4,40.3,25.4,0.0
22.75,-12.4833,343.0,Zouerate,2011,7,33.1,40.7,25.1,0.5
22.75,-12.4833,343.0,Zouerate,2011,9,32.8,40.3,25.3,0.0
22.75,-12.4833,343.0,Zouerate,2011,10,28.6,34.1,23.5,2.0
22.75,-12.4833,343.0,Zouerate,2011,11,,27.8,15.8,0.0
22.75,-12.4833,343.0,Zouerate,2011,12,18.3,24.4,13.1,0.0
22.75,-12.4833,343.0,Zouerate,2012,1,17.8,23.5,12.7,0.0
22.75,-12.4833,343.0,Zouerate,2012,2,17.6,23.6,11.6,0.0
22.75,-12.4833,343.0,Zouerate,2012,3,23.8,30.6,17.1,0.0
22.75,-12.4833,343.0,Zouerate,2012,4,23.0,29.2,16.4,4.0
22.75,-12.4833,343.0,Zouerate,2012,5,29.0,35.8,23.1,0.0
22.75,-12.4833,343.0,Zouerate,2012,6,30.4,37.9,22.6,0.0
22.75,-12.4833,343.0,Zouerate,2012,8,,,,21.0
22.75,-12.4833,343.0,Zouerate,2012,9,31.6,37.9,25.9,6.0
22.75,-12.4833,343.0,Zouerate,2012,10,,,,4.0
22.75,-12.4833,343.0,Zouerate,2012,11,23.8,29.3,18.6,0.0
22.75,-12.4833,343.0,Zouerate,2012,12,18.3,24.4,12.4,0.0
22.75,-12.4833,343.0,Zouerate,2013,1,17.4,24.2,11.5,0.0
22.75,-12.4833,343.0,Zouerate,2013,2,19.8,26.4,13.3,0.0
22.75,-12.4833,343.0,Zouerate,2013,3,23.9,31.1,17.0,0.0
22.75,-12.4833,343.0,Zouerate,2013,4,27.1,33.9,19.6,0.0
22.75,-12.4833,343.0,Zouerate,2013,5,27.6,34.3,20.3,0.5
22.75,-12.4833,343.0,Zouerate,2013,6,30.2,38.3,21.8,0.5
22.75,-12.4833,343.0,Zouerate,2013,7,34.8,42.5,26.9,0.0
22.75,-12.4833,343.0,Zouerate,2013,8,34.2,40.8,27.3,9.0
22.75,-12.4833,343.0,Zouerate,2013,9,31.1,36.9,25.6,48.0
22.75,-12.4833,343.0,Zouerate,2013,10,29.0,35.4,22.6,0.0
22.75,-12.4833,343.0,Zouerate,2013,11,23.2,28.8,17.3,0.5
22.75,-12.4833,343.0,Zouerate,2013,12,19.6,,,2.0
22.75,-12.4833,343.0,Zouerate,2014,1,17.9,24.0,12.6,0.5
22.75,-12.4833,343.0,Zouerate,2014,2,18.8,25.8,12.3,0.0
22.75,-12.4833,343.0,Zouerate,2014,3,22.2,29.1,15.2,0.0
22.75,-12.4833,343.0,Zouerate,2014,4,27.2,34.9,20.0,0.0
22.75,-12.4833,343.0,Zouerate,2014,5,29.1,36.3,21.1,0.0
22.75,-12.4833,343.0,Zouerate,2014,6,,,,
22.75,-12.4833,343.0,Zouerate,2014,7,32.4,40.0,24.5,0.5
22.75,-12.4833,343.0,Zouerate,2014,8,34.1,,,2.0
22.75,-12.4833,343.0,Zouerate,2014,9,,,,0.0
22.75,-12.4833,343.0,Zouerate,2014,10,30.4,36.4,24.4,0.5
22.75,-12.4833,343.0,Zouerate,2014,11,,27.8,18.0,17.0
22.75,-12.4833,343.0,Zouerate,2014,12,18.0,23.1,13.4,0.0
22.75,-12.4833,343.0,Zouerate,2015,1,16.7,,,0.5
22.75,-12.4833,343.0,Zouerate,2015,2,,,,0.5
22.75,-12.4833,343.0,Zouerate,2015,4,,,,0.0
22.75,-12.4833,343.0,Zouerate,2015,5,,38.2,23.3,0.0
22.75,-12.4833,343.0,Zouerate,2015,6,31.1,,,0.0
22.75,-12.4833,343.0,Zouerate,2015,7,,,,5.0
22.75,-12.4833,343.0,Zouerate,2015,8,33.2,39.6,26.8,38.0
22.75,-12.4833,343.0,Zouerate,2015,9,,,,24.0
22.75,-12.4833,343.0,Zouerate,2016,3,,,,0.5
22.75,-12.4833,343.0,Zouerate,2016,4,,,,0.0
22.75,-12.4833,343.0,Zouerate,2016,5,27.4,34.5,19.4,0.5
22.75,-12.4833,343.0,Zouerate,2017,3,,,,1.0
22.75,-12.4833,343.0,Zouerate,2017,4,,34.1,,
22.75,-12.4833,343.0,Zouerate,2017,5,,37.7,22.8,0.0
22.75,-12.4833,343.0,Zouerate,2017,6,,,,4.0
22.75,-12.4833,343.0,Zouerate,2017,9,,,,3.0
22.75,-12.4833,343.0,Zouerate,2017,12,,,,0.0
22.75,-12.4833,343.0,Zouerate,2021,1,17.4,24.1,11.2,
22.75,-12.4833,343.0,Zouerate,2021,2,18.9,25.7,12.2,0.0
22.75,-12.4833,343.0,Zouerate,2021,3,21.0,27.9,13.8,0.0
22.75,-12.4833,343.0,Zouerate,2021,4,24.5,31.3,17.1,0.0
22.75,-12.4833,343.0,Zouerate,2021,5,26.9,34.0,19.1,0.3
22.75,-12.4833,343.0,Zouerate,2021,6,30.8,37.8,23.2,0.1
22.75,-12.4833,343.0,Zouerate,2021,7,33.2,40.6,25.4,0.0
22.75,-12.4833,343.0,Zouerate,2021,8,32.4,39.1,25.2,0.0
22.75,-12.4833,343.0,Zouerate,2021,9,31.6,38.5,24.5,2.0
22.75,-12.4833,343.0,Zouerate,2021,10,26.9,33.5,20.2,11.5
22.75,-12.4833,343.0,Zouerate,2021,11,21.4,27.1,16.0,10.0
22.75,-12.4833,343.0,Zouerate,2021,12,18.1,25.1,12.1,16.9
22.75,-12.4833,343.0,Zouerate,2022,1,18.1,24.2,12.5,5.5
22.75,-12.4833,343.0,Zouerate,2022,2,19.9,26.3,13.9,6.0
22.75,-12.4833,343.0,Zouerate,2022,3,19.9,27.3,12.3,0.0
22.75,-12.4833,343.0,Zouerate,2022,4,23.2,31.1,15.4,0.1
22.75,-12.4833,343.0,Zouerate,2022,5,29.7,37.2,21.4,
22.75,-12.4833,343.0,Zouerate,2022,6,29.7,36.6,22.5,10.7
22.75,-12.4833,343.0,Zouerate,2022,7,34.6,42.1,26.6,0.2
22.75,-12.4833,343.0,Zouerate,2022,8,33.5,40.6,26.3,0.7
22.75,-12.4833,343.0,Zouerate,2022,9,30.8,37.1,24.1,3.7
22.75,-12.4833,343.0,Zouerate,2022,10,28.2,34.9,21.3,10.1
22.75,-12.4833,343.0,Zouerate,2022,11,22.8,29.9,16.0,0.0
22.75,-12.4833,343.0,Zouerate,2022,12,20.2,26.7,14.4,2.6
22.75,-12.4833,343.0,Zouerate,2023,1,16.2,22.7,10.3,9.0
22.75,-12.4833,343.0,Zouerate,2023,2,16.5,22.6,10.6,24.1
22.75,-12.4833,343.0,Zouerate,2023,3,25.5,32.8,17.6,0.0
22.75,-12.4833,343.0,Zouerate,2023,4,25.8,32.6,18.1,0.8
22.75,-12.4833,343.0,Zouerate,2023,5,26.6,33.0,19.4,6.0
22.75,-12.4833,343.0,Zouerate,2023,6,29.6,36.9,21.7,0.0
22.75,-12.4833,343.0,Zouerate,2023,7,33.4,40.7,25.6,0.0
22.75,-12.4833,343.0,Zouerate,2023,8,34.0,40.8,27.0,0.3
22.75,-12.4833,343.0,Zouerate,2023,9,31.3,37.9,24.7,1.2
22.75,-12.4833,343.0,Zouerate,2023,10,29.4,36.1,22.7,0.0
22.75,-12.4833,343.0,Zouerate,2023,11,22.5,29.3,16.1,0.0
22.75,-12.4833,343.0,Zouerate,2023,12,18.6,25.1,12.9,0.0
22.75,-12.4833,343.0,Zouerate,2024,1,20.0,27.2,14.0,0.0
22.75,-12.4833,343.0,Zouerate,2024,2,21.0,28.2,14.2,0.0
22.75,-12.4833,343.0,Zouerate,2024,3,21.1,28.1,13.9,0.0
22.75,-12.4833,343.0,Zouerate,2024,4,25.7,32.7,18.2,6.4
22.75,-12.4833,343.0,Zouerate,2024,5,26.4,33.6,18.5,0.0
22.75,-12.4833,343.0,Zouerate,2024,6,28.4,36.0,20.7,0.0
22.75,-12.4833,343.0,Zouerate,2024,7,34.3,41.9,26.5,0.0
22.75,-12.4833,343.0,Zouerate,2024,9,30.5,36.7,24.4,
22.75,-12.4833,343.0,Zouerate,2024,10,27.8,34.3,21.1,0.3
22.75,-12.4833,343.0,Zouerate,2024,11,24.6,31.4,18.3,1.8
22.75,-12.4833,343.0,Zouerate,2025,1,16.3,23.3,10.0,0.0
22.75,-12.4833,343.0,Zouerate,2025,2,18.4,25.4,11.7,0.0
22.75,-12.4833,343.0,Zouerate,2025,4,24.6,31.5,17.2,1.6
22.75,-12.4833,343.0,Zouerate,2025,5,27.6,34.5,20.5,10.2
22.75,-12.4833,343.0,Zouerate,2025,6,32.1,40.1,23.7,0.0
22.75,-12.4833,343.0,Zouerate,2025,7,32.8,40.1,25.4,0.0
20.9333,-17.0333,5.0,Nouadhibou,1994,1,,,,0.0
20.9333,-17.0333,5.0,Nouadhibou,1994,2,18.7,,,0.0
20.9333,-17.0333,5.0,Nouadhibou,1994,3,18.5,,,0.0
20.9333,-17.0333,5.0,Nouadhibou,1994,4,19.9,,,0.5
20.9333,-17.0333,5.0,Nouadhibou,1994,5,19.8,,,0.0
20.9333,-17.0333,5.0,Nouadhibou,1994,6,21.5,,,0.0
20.9333,-17.0333,5.0,Nouadhibou,1994,7,22.0,,,0.0
20.9333,-17.0333,5.0,Nouadhibou,1994,8,22.8,,,0.0
20.9333,-17.0333,5.0,Nouadhibou,1994,9,22.7,,,0.5
20.9333,-17.0333,5.0,Nouadhibou,1994,10,22.8,29.4,,0.0
20.9333,-17.0333,5.0,Nouadhibou,1994,11,21.8,,,0.0
20.9333,-17.0333,5.0,Nouadhibou,1994,12,20.4,,,5.0
20.9333,-17.0333,5.0,Nouadhibou,1995,1,18.9,,,0.0
20.9333,-17.0333,5.0,Nouadhibou,1995,2,20.1,,,0.0
20.9333,-17.0333,5.0,Nouadhibou,1995,3,18.5,,,0.5
20.9333,-17.0333,5.0,Nouadhibou,1995,4,19.3,,,0.0
20.9333,-17.0333,5.0,Nouadhibou,1995,5,20.4,,,0.0
20.9333,-17.0333,5.0,Nouadhibou,1995,6,22.6,,,0.0
20.9333,-17.0333,5.0,Nouadhibou,1995,7,23.3,,,0.5
20.9333,-17.0333,5.0,Nouadhibou,1995,8,,,,3.0
20.9333,-17.0333,5.0,Nouadhibou,1995,9,24.7,,,3.0
20.9333,-17.0333,5.0,Nouadhibou,1995,10,24.5,,,0.5
20.9333,-17.0333,5.0,Nouadhibou,1995,11,23.4,,,3.0
20.9333,-17.0333,5.0,Nouadhibou,1995,12,20.6,,,0.5
20.9333,-17.0333,5.0,Nouadhibou,1996,1,19.7,,,0.5
20.9333,-17.0333,5.0,Nouadhibou,1996,2,19.8,,,14.0
20.9333,-17.0333,5.0,Nouadhibou,1996,3,19.7,,,13.0
20.9333,-17.0333,5.0,Nouadhibou,1996,4,20.3,,,0.0
20.9333,-17.0333,5.0,Nouadhibou,1996,5,21.6,27.7,,0.0
20.9333,-17.0333,5.0,Nouadhibou,1996,6,21.0,,,0.0
20.9333,-17.0333,5.0,Nouadhibou,1996,8,24.0,,,15.0
20.9333,-17.0333,5.0,Nouadhibou,1996,9,24.3,,,0.5
20.9333,-17.0333,5.0,Nouadhibou,1996,10,23.2,,,0.5
20.9333,-17.0333,5.0,Nouadhibou,1996,12,19.6,,,3.0
20.9333,-17.0333,5.0,Nouadhibou,1997,1,19.3,,,8.0
20.9333,-17.0333,5.0,Nouadhibou,1997,2,23.0,,,0.5
20.9333,-17.0333,5.0,Nouadhibou,1997,3,21.5,,,0.5
20.9333,-17.0333,5.0,Nouadhibou,1997,4,20.3,,,0.5
20.9333,-17.0333,5.0,Nouadhibou,1997,5,21.6,30.0,17.8,2.0
20.9333,-17.0333,5.0,Nouadhibou,1997,6,23.5,30.9,19.4,0.0
20.9333,-17.0333,5.0,Nouadhibou,1997,7,22.5,29.2,19.4,0.0
20.9333,-17.0333,5.0,Nouadhibou,1997,8,23.9,29.1,20.5,4.0
20.9333,-17.0333,5.0,Nouadhibou,1997,10,22.8,28.9,19.3,0.5
20.9333,-17.0333,5.0,Nouadhibou,1997,12,20.1,27.1,15.7,0.0
20.9333,-17.0333,5.0,Nouadhibou,1998,2,21.9,28.3,,0.5
20.9333,-17.0333,5.0,Nouadhibou,1998,3,21.7,29.9,17.5,35.0
20.9333,-17.0333,5.0,Nouadhibou,1998,4,20.6,27.9,16.5,3.0
20.9333,-17.0333,5.0,Nouadhibou,1998,5,20.7,26.3,15.2,0.5
20.9333,-17.0333,5.0,Nouadhibou,1998,6,22.0,28.2,18.8,0.0
20.9333,-17.0333,5.0,Nouadhibou,1998,7,22.1,26.5,17.7,0.5
20.9333,-17.0333,5.0,Nouadhibou,1998,8,23.1,,,
20.9333,-17.0333,5.0,Nouadhibou,1998,9,25.2,31.8,21.9,6.0
20.9333,-17.0333,5.0,Nouadhibou,1998,10,24.6,32.0,20.4,0.0
20.9333,-17.0333,5.0,Nouadhibou,1998,11,22.9,29.5,18.3,0.5
20.9333,-17.0333,5.0,Nouadhibou,1998,12,19.4,,,0.5
20.9333,-17.0333,5.0,Nouadhibou,1999,1,18.5,,,2.0
20.9333,-17.0333,5.0,Nouadhibou,1999,2,18.1,24.9,13.5,0.0
20.9333,-17.0333,5.0,Nouadhibou,1999,3,18.4,23.1,14.6,0.0
20.9333,-17.0333,5.0,Nouadhibou,1999,4,20.2,28.1,15.9,0.0
20.9333,-17.0333,5.0,Nouadhibou,1999,5,21.0,28.1,17.0,0.0
20.9333,-17.0333,5.0,Nouadhibou,1999,6,23.3,28.6,18.0,1.0
20.9333,-17.0333,5.0,Nouadhibou,1999,7,22.7,28.0,19.9,0.0
20.9333,-17.0333,5.0,Nouadhibou,1999,8,24.0,28.5,20.8,17.0
20.9333,-17.0333,5.0,Nouadhibou,1999,9,25.1,34.5,21.3,0.5
20.9333,-17.0333,5.0,Nouadhibou,1999,10,23.8,29.7,20.2,2.0
20.9333,-17.0333,5.0,Nouadhibou,1999,11,21.5,28.4,17.2,0.0
20.9333,-17.0333,5.0,Nouadhibou,2000,1,17.3,23.5,13.2,68.0
20.9333,-17.0333,5.0,Nouadhibou,2000,2,20.6,,,0.0
20.9333,-17.0333,5.0,Nouadhibou,2000,4,20.8,27.8,16.7,0.5
20.9333,-17.0333,5.0,Nouadhibou,2000,5,20.2,25.6,16.6,0.0
20.9333,-17.0333,5.0,Nouadhibou,2000,6,,,,0.0
20.9333,-17.0333,5.0,Nouadhibou,2000,7,22.3,26.2,19.5,0.0
20.9333,-17.0333,5.0,Nouadhibou,2000,8,24.5,29.7,21.2,0.5
20.9333,-17.0333,5.0,Nouadhibou,2000,9,23.7,30.9,20.3,0.0
20.9333,-17.0333,5.0,Nouadhibou,2000,10,22.1,28.7,18.9,0.5
20.9333,-17.0333,5.0,Nouadhibou,2000,11,21.0,28.0,16.9,0.5
20.9333,-17.0333,5.0,Nouadhibou,2000,12,20.0,27.3,15.5,0.0
20.9333,-17.0333,5.0,Nouadhibou,2001,1,19.3,27.0,14.4,0.0
20.9333,-17.0333,5.0,Nouadhibou,2001,2,19.9,27.5,15.3,0.0
20.9333,-17.0333,5.0,Nouadhibou,2001,3,20.1,27.1,16.2,0.0
20.9333,-17.0333,5.0,Nouadhibou,2001,4,19.9,26.1,16.6,0.0
20.9333,-17.0333,5.0,Nouadhibou,2001,6,21.8,28.3,18.9,0.0
20.9333,-17.0333,5.0,Nouadhibou,2001,7,22.7,28.4,20.0,0.5
20.9333,-17.0333,5.0,Nouadhibou,2001,9,25.7,33.9,22.3,0.5
20.9333,-17.0333,5.0,Nouadhibou,2001,11,21.8,28.1,18.2,0.0
20.9333,-17.0333,5.0,Nouadhibou,2001,12,21.8,27.8,17.7,0.0
20.9333,-17.0333,5.0,Nouadhibou,2002,1,20.7,26.3,16.9,17.0
20.9333,-17.0333,5.0,Nouadhibou,2002,2,20.5,27.2,16.1,0.0
20.9333,-17.0333,5.0,Nouadhibou,2002,5,20.4,28.0,16.6,0.0
20.9333,-17.0333,5.0,Nouadhibou,2002,8,23.3,30.7,20.0,3.0
20.9333,-17.0333,5.0,Nouadhibou,2002,9,25.1,32.0,21.7,0.5
20.9333,-17.0333,5.0,Nouadhibou,2003,2,18.4,24.8,14.6,0.0
20.9333,-17.0333,5.0,Nouadhibou,2003,3,20.2,27.8,15.8,0.5
20.9333,-17.0333,5.0,Nouadhibou,2003,4,20.4,27.4,16.6,0.0
20.9333,-17.0333,5.0,Nouadhibou,2003,5,21.6,28.6,17.8,0.0
20.9333,-17.0333,5.0,Nouadhibou,2003,6,22.0,28.5,18.7,0.0
20.9333,-17.0333,5.0,Nouadhibou,2003,7,23.1,28.8,20.1,0.0
20.9333,-17.0333,5.0,Nouadhibou,2003,8,23.9,,,0.5
20.9333,-17.0333,5.0,Nouadhibou,2003,10,23.7,,,
20.9333,-17.0333,5.0,Nouadhibou,2003,11,21.0,25.0,19.1,0.0
20.9333,-17.0333,5.0,Nouadhibou,2003,12,20.4,26.8,16.5,0.5
20.9333,-17.0333,5.0,Nouadhibou,2004,1,19.7,25.9,14.4,6.0
20.9333,-17.0333,5.0,Nouadhibou,2004,2,20.3,26.2,16.4,0.5
20.9333,-17.0333,5.0,Nouadhibou,2004,3,20.8,28.2,16.6,0.5
20.9333,-17.0333,5.0,Nouadhibou,2004,4,20.3,26.6,16.6,2.0
20.9333,-17.0333,5.0,Nouadhibou,2004,5,20.6,,,0.0
20.9333,-17.0333,5.0,Nouadhibou,2004,6,21.9,28.4,18.5,0.0
20.9333,-17.0333,5.0,Nouadhibou,2004,7,23.3,29.5,20.2,0.5
20.9333,-17.0333,5.0,Nouadhibou,2004,8,24.7,,,0.5
20.9333,-17.0333,5.0,Nouadhibou,2004,10,23.7,30.7,19.9,0.5
20.9333,-17.0333,5.0,Nouadhibou,2004,12,19.2,24.3,15.4,0.5
20.9333,-17.0333,5.0,Nouadhibou,2005,1,18.3,23.9,14.5,13.0
20.9333,-17.0333,5.0,Nouadhibou,2005,2,17.5,,,0.0
20.9333,-17.0333,5.0,Nouadhibou,2005,3,20.1,27.3,15.7,0.5
20.9333,-17.0333,5.0,Nouadhibou,2005,4,20.2,27.1,16.3,0.5
20.9333,-17.0333,5.0,Nouadhibou,2005,5,22.3,30.3,18.5,0.5
20.9333,-17.0333,5.0,Nouadhibou,2005,6,22.7,28.9,19.1,0.0
20.9333,-17.0333,5.0,Nouadhibou,2005,7,23.3,29.5,19.9,0.0
20.9333,-17.0333,5.0,Nouadhibou,2005,8,24.5,,,0.0
20.9333,-17.0333,5.0,Nouadhibou,2005,9,25.4,32.3,21.8,39.0
20.9333,-17.0333,5.0,Nouadhibou,2005,10,24.9,,,0.0
20.9333,-17.0333,5.0,Nouadhibou,2005,11,21.6,,,0.0
20.9333,-17.0333,5.0,Nouadhibou,2005,12,21.7,27.1,16.3,0.0
20.9333,-17.0333,5.0,Nouadhibou,2006,2,19.4,25.9,15.2,1.0
20.9333,-17.0333,5.0,Nouadhibou,2006,3,20.1,28.9,16.1,0.0
20.9333,-17.0333,5.0,Nouadhibou,2006,5,20.7,27.5,17.0,0.0
20.9333,-17.0333,5.0,Nouadhibou,2006,6,22.5,29.6,19.0,0.0
20.9333,-17.0333,5.0,Nouadhibou,2006,10,23.9,30.3,20.7,0.5
20.9333,-17.0333,5.0,Nouadhibou,2006,11,24.0,32.0,19.7,0.0
20.9333,-17.0333,5.0,Nouadhibou,2006,12,20.2,26.2,16.5,0.0
20.9333,-17.0333,5.0,Nouadhibou,2007,1,20.1,26.1,16.5,0.5
20.9333,-17.0333,5.0,Nouadhibou,2007,2,20.7,,,0.0
20.9333,-17.0333,5.0,Nouadhibou,2007,3,20.5,28.4,16.4,0.5
20.9333,-17.0333,5.0,Nouadhibou,2007,4,20.0,27.7,16.2,0.5
20.9333,-17.0333,5.0,Nouadhibou,2007,5,21.6,,,0.0
20.9333,-17.0333,5.0,Nouadhibou,2007,6,22.0,29.2,18.7,0.0
20.9333,-17.0333,5.0,Nouadhibou,2007,7,22.2,27.2,19.5,0.0
20.9333,-17.0333,5.0,Nouadhibou,2007,8,23.0,28.4,20.3,0.0
20.9333,-17.0333,5.0,Nouadhibou,2007,9,24.3,32.3,20.7,6.0
20.9333,-17.0333,5.0,Nouadhibou,2007,10,22.5,29.5,19.2,0.5
20.9333,-17.0333,5.0,Nouadhibou,2007,11,21.6,28.6,17.6,0.0
20.9333,-17.0333,5.0,Nouadhibou,2007,12,19.7,25.6,16.1,2.0
20.9333,-17.0333,5.0,Nouadhibou,2008,1,19.9,23.6,16.2,0.0
20.9333,-17.0333,5.0,Nouadhibou,2008,2,20.6,26.8,17.1,0.0
20.9333,-17.0333,5.0,Nouadhibou,2008,3,21.4,29.5,17.6,0.5
20.9333,-17.0333,5.0,Nouadhibou,2008,4,21.0,28.3,17.4,0.0
20.9333,-17.0333,5.0,Nouadhibou,2008,5,21.4,29.2,17.7,0.0
20.9333,-17.0333,5.0,Nouadhibou,2008,6,22.5,30.2,19.3,0.0
20.9333,-17.0333,5.0,Nouadhibou,2008,7,23.3,29.2,20.4,0.5
20.9333,-17.0333,5.0,Nouadhibou,2008,8,24.2,29.4,21.6,0.5
20.9333,-17.0333,5.0,Nouadhibou,2008,9,25.6,,,0.0
20.9333,-17.0333,5.0,Nouadhibou,2008,10,23.5,30.9,20.4,0.0
20.9333,-17.0333,5.0,Nouadhibou,2008,11,21.0,28.4,17.4,3.0
20.9333,-17.0333,5.0,Nouadhibou,2008,12,19.0,24.5,,0.0
20.9333,-17.0333,5.0,Nouadhibou,2009,1,18.3,24.4,14.5,0.0
20.9333,-17.0333,5.0,Nouadhibou,2009,2,18.2,,,0.0
20.9333,-17.0333,5.0,Nouadhibou,2009,3,19.1,24.2,16.0,0.5
20.9333,-17.0333,5.0,Nouadhibou,2009,4,19.7,27.1,,0.5
20.9333,-17.0333,5.0,Nouadhibou,2009,5,20.2,27.6,16.9,0.0
20.9333,-17.0333,5.0,Nouadhibou,2009,6,22.5,29.0,19.5,0.5
20.9333,-17.0333,5.0,Nouadhibou,2009,7,23.8,28.9,21.5,0.5
20.9333,-17.0333,5.0,Nouadhibou,2009,8,24.4,29.8,21.9,0.0
20.9333,-17.0333,5.0,Nouadhibou,2009,9,26.2,33.5,22.9,3.0
20.9333,-17.0333,5.0,Nouadhibou,2009,10,23.9,31.3,,0.5
20.9333,-17.0333,5.0,Nouadhibou,2009,11,22.7,30.7,18.9,0.0
20.9333,-17.0333,5.0,Nouadhibou,2009,12,20.8,27.2,17.3,0.0
20.9333,-17.0333,5.0,Nouadhibou,2010,1,20.7,28.4,16.3,0.5
20.9333,-17.0333,5.0,Nouadhibou,2010,2,21.8,,,0.5
20.9333,-17.0333,5.0,Nouadhibou,2010,3,21.7,29.9,18.0,0.0
20.9333,-17.0333,5.0,Nouadhibou,2010,4,21.0,27.2,18.2,1.0
20.9333,-17.0333,5.0,Nouadhibou,2010,5,21.2,,,0.0
20.9333,-17.0333,5.0,Nouadhibou,2010,6,22.5,29.8,19.5,0.0
20.9333,-17.0333,5.0,Nouadhibou,2010,7,23.3,28.7,20.7,0.5
20.9333,-17.0333,5.0,Nouadhibou,2010,8,24.6,29.3,22.3,7.0
20.9333,-17.0333,5.0,Nouadhibou,2010,9,26.5,31.8,23.6,13.0
20.9333,-17.0333,5.0,Nouadhibou,2010,10,24.1,30.2,21.3,74.0
20.9333,-17.0333,5.0,Nouadhibou,2010,11,22.5,,,0.5
20.9333,-17.0333,5.0,Nouadhibou,2010,12,21.3,26.5,18.3,0.0
20.9333,-17.0333,5.0,Nouadhibou,2011,1,20.0,26.4,16.2,3.0
20.9333,-17.0333,5.0,Nouadhibou,2011,2,19.7,26.7,15.5,0.5
20.9333,-17.0333,5.0,Nouadhibou,2011,3,19.3,,,0.0
20.9333,-17.0333,5.0,Nouadhibou,2011,4,20.2,,,1.0
20.9333,-17.0333,5.0,Nouadhibou,2011,5,21.4,26.7,18.5,0.0
20.9333,-17.0333,5.0,Nouadhibou,2011,6,22.6,28.2,19.7,0.0
20.9333,-17.0333,5.0,Nouadhibou,2011,7,22.7,27.6,,0.0
20.9333,-17.0333,5.0,Nouadhibou,2011,8,23.8,29.7,21.3,0.5
20.9333,-17.0333,5.0,Nouadhibou,2011,9,24.3,31.7,20.9,0.0
20.9333,-17.0333,5.0,Nouadhibou,2011,10,25.4,32.8,21.8,0.0
20.9333,-17.0333,5.0,Nouadhibou,2011,11,20.9,27.7,17.4,0.0
20.9333,-17.0333,5.0,Nouadhibou,2011,12,20.7,26.8,16.9,0.0
20.9333,-17.0333,5.0,Nouadhibou,2012,1,19.5,25.4,15.4,0.0
20.9333,-17.0333,5.0,Nouadhibou,2012,2,17.7,24.5,14.1,0.0
20.9333,-17.0333,5.0,Nouadhibou,2012,3,21.0,27.7,16.7,0.0
20.9333,-17.0333,5.0,Nouadhibou,2012,4,19.8,25.7,16.5,8.0
20.9333,-17.0333,5.0,Nouadhibou,2012,5,22.1,29.4,18.7,0.5
20.9333,-17.0333,5.0,Nouadhibou,2012,6,22.6,29.8,19.7,0.0
20.9333,-17.0333,5.0,Nouadhibou,2012,7,22.5,,,0.0
20.9333,-17.0333,5.0,Nouadhibou,2012,8,25.3,30.0,22.7,0.5
20.9333,-17.0333,5.0,Nouadhibou,2012,9,26.1,32.8,23.0,2.0
20.9333,-17.0333,5.0,Nouadhibou,2012,10,24.2,31.2,20.9,0.0
20.9333,-17.0333,5.0,Nouadhibou,2012,11,22.2,28.3,18.3,0.0
20.9333,-17.0333,5.0,Nouadhibou,2012,12,19.7,26.5,15.4,0.0
20.9333,-17.0333,5.0,Nouadhibou,2013,1,19.3,26.6,15.1,0.0
20.9333,-17.0333,5.0,Nouadhibou,2013,2,19.9,26.9,16.0,0.5
20.9333,-17.0333,5.0,Nouadhibou,2013,3,20.8,27.9,17.3,0.5
20.9333,-17.0333,5.0,Nouadhibou,2013,4,21.4,28.4,18.1,0.0
20.9333,-17.0333,5.0,Nouadhibou,2013,5,22.1,30.0,18.6,0.5
20.9333,-17.0333,5.0,Nouadhibou,2013,6,21.4,,,0.0
20.9333,-17.0333,5.0,Nouadhibou,2013,7,23.5,26.0,20.7,0.5
20.9333,-17.0333,5.0,Nouadhibou,2013,8,25.8,30.2,23.4,1.0
20.9333,-17.0333,5.0,Nouadhibou,2013,9,26.3,33.5,23.5,3.0
20.9333,-17.0333,5.0,Nouadhibou,2013,10,24.7,32.8,21.2,0.5
20.9333,-17.0333,5.0,Nouadhibou,2013,11,22.0,28.6,18.6,0.5
20.9333,-17.0333,5.0,Nouadhibou,2013,12,20.8,25.9,17.7,0.5
20.9333,-17.0333,5.0,Nouadhibou,2014,1,19.3,25.4,15.5,0.5
20.9333,-17.0333,5.0,Nouadhibou,2014,2,19.1,27.2,14.9,0.0
20.9333,-17.0333,5.0,Nouadhibou,2014,3,18.8,26.2,15.2,0.0
20.9333,-17.0333,5.0,Nouadhibou,2014,4,20.4,27.4,17.1,0.0
20.9333,-17.0333,5.0,Nouadhibou,2014,5,20.5,26.2,17.5,0.5
20.9333,-17.0333,5.0,Nouadhibou,2014,6,22.5,29.6,19.3,0.5
20.9333,-17.0333,5.0,Nouadhibou,2014,7,22.2,27.9,19.3,0.0
20.9333,-17.0333,5.0,Nouadhibou,2014,8,23.3,28.6,20.8,6.0
20.9333,-17.0333,5.0,Nouadhibou,2014,9,25.2,32.4,22.1,1.0
20.9333,-17.0333,5.0,Nouadhibou,2014,10,24.2,31.1,20.9,0.5
20.9333,-17.0333,5.0,Nouadhibou,2014,11,21.7,27.4,18.5,0.5
20.9333,-17.0333,5.0,Nouadhibou,2014,12,20.2,26.1,16.6,0.5
20.9333,-17.0333,5.0,Nouadhibou,2015,1,18.2,24.5,14.6,0.0
20.9333,-17.0333,5.0,Nouadhibou,2015,2,18.3,25.0,14.8,1.0
20.9333,-17.0333,5.0,Nouadhibou,2015,3,19.9,27.4,,
20.9333,-17.0333,5.0,Nouadhibou,2015,4,19.9,26.8,16.8,0.0
20.9333,-17.0333,5.0,Nouadhibou,2015,5,21.8,29.7,18.4,0.0
20.9333,-17.0333,5.0,Nouadhibou,2015,6,22.2,28.7,19.0,0.0
20.9333,-17.0333,5.0,Nouadhibou,2015,7,22.7,27.1,20.3,0.0
20.9333,-17.0333,5.0,Nouadhibou,2015,8,25.6,31.3,22.7,0.5
20.9333,-17.0333,5.0,Nouadhibou,2015,9,25.3,31.6,22.3,9.0
20.9333,-17.0333,5.0,Nouadhibou,2015,10,25.8,31.1,20.9,1.0
20.9333,-17.0333,5.0,Nouadhibou,2015,11,23.7,29.9,19.9,1.0
20.9333,-17.0333,5.0,Nouadhibou,2015,12,21.7,27.9,17.8,0.5
20.9333,-17.0333,5.0,Nouadhibou,2016,1,21.9,29.9,17.6,0.5
20.9333,-17.0333,5.0,Nouadhibou,2016,2,21.0,28.4,16.7,0.0
20.9333,-17.0333,5.0,Nouadhibou,2016,3,19.6,26.4,16.0,0.0
20.9333,-17.0333,5.0,Nouadhibou,2016,4,20.2,26.4,17.2,0.5
20.9333,-17.0333,5.0,Nouadhibou,2016,5,20.9,26.3,17.7,0.0
20.9333,-17.0333,5.0,Nouadhibou,2016,6,22.3,29.2,19.2,0.0
20.9333,-17.0333,5.0,Nouadhibou,2016,7,22.4,27.2,20.1,
20.9333,-17.0333,5.0,Nouadhibou,2016,8,24.0,28.7,21.0,0.5
20.9333,-17.0333,5.0,Nouadhibou,2016,9,24.7,31.2,21.8,0.5
20.9333,-17.0333,5.0,Nouadhibou,2016,10,23.3,27.8,20.4,1.0
20.9333,-17.0333,5.0,Nouadhibou,2016,11,22.7,28.4,19.6,0.5
20.9333,-17.0333,5.0,Nouadhibou,2016,12,21.3,26.3,18.3,2.0
20.9333,-17.0333,5.0,Nouadhibou,2017,1,19.2,25.5,15.6,0.0
20.9333,-17.0333,5.0,Nouadhibou,2017,2,19.5,26.7,15.7,0.0
20.9333,-17.0333,5.0,Nouadhibou,2017,3,21.2,28.3,17.6,0.5
20.9333,-17.0333,5.0,Nouadhibou,2017,4,22.3,28.7,18.8,0.0
20.9333,-17.0333,5.0,Nouadhibou,2017,5,22.3,28.3,19.3,0.0
20.9333,-17.0333,5.0,Nouadhibou,2017,6,22.9,28.2,20.0,0.0
20.9333,-17.0333,5.0,Nouadhibou,2017,7,23.3,28.3,20.5,0.0
20.9333,-17.0333,5.0,Nouadhibou,2017,8,25.0,30.1,22.3,0.0
20.9333,-17.0333,5.0,Nouadhibou,2017,9,24.9,31.0,22.0,0.5
20.9333,-17.0333,5.0,Nouadhibou,2017,10,25.3,33.2,21.2,0.0
20.9333,-17.0333,5.0,Nouadhibou,2017,11,22.9,29.4,18.7,1.0
20.9333,-17.0333,5.0,Nouadhibou,2017,12,19.7,25.2,16.1,0.5
20.9333,-17.0333,5.0,Nouadhibou,2018,2,17.9,22.8,14.8,16.0
20.9333,-17.0333,5.0,Nouadhibou,2018,3,20.3,27.6,16.7,0.0
20.9333,-17.0333,5.0,Nouadhibou,2018,4,19.7,26.4,16.5,0.0
20.9333,-17.0333,5.0,Nouadhibou,2018,5,20.2,26.7,17.0,0.0
20.9333,-17.0333,5.0,Nouadhibou,2018,6,22.3,29.8,19.2,0.0
20.9333,-17.0333,5.0,Nouadhibou,2018,7,23.0,27.8,20.5,0.0
20.9333,-17.0333,5.0,Nouadhibou,2018,8,23.1,28.0,20.7,1.0
20.9333,-17.0333,5.0,Nouadhibou,2018,9,25.8,32.4,22.7,0.0
20.9333,-17.0333,5.0,Nouadhibou,2018,10,24.0,30.1,21.1,1.0
20.9333,-17.0333,5.0,Nouadhibou,2018,11,20.9,28.0,17.6,0.0
20.9333,-17.0333,5.0,Nouadhibou,2018,12,21.0,28.4,16.6,0.0
20.9333,-17.0333,5.0,Nouadhibou,2019,1,18.7,25.5,14.5,
20.9333,-17.0333,5.0,Nouadhibou,2019,2,20.4,27.4,15.9,
20.9333,-17.0333,5.0,Nouadhibou,2019,3,20.4,26.7,16.7,
20.9333,-17.0333,5.0,Nouadhibou,2019,4,19.8,25.9,16.6,
20.9333,-17.0333,5.0,Nouadhibou,2019,5,20.1,24.6,17.4,
20.9333,-17.0333,5.0,Nouadhibou,2019,6,22.3,28.8,19.0,0.0
20.9333,-17.0333,5.0,Nouadhibou,2019,7,22.8,28.5,20.0,0.0
20.9333,-17.0333,5.0,Nouadhibou,2019,8,24.0,28.9,21.3,0.5
20.9333,-17.0333,5.0,Nouadhibou,2019,9,24.9,31.6,21.7,3.0
20.9333,-17.0333,5.0,Nouadhibou,2019,10,25.5,32.1,21.8,2.0
20.9333,-17.0333,5.0,Nouadhibou,2019,11,20.9,27.2,17.8,1.0
20.9333,-17.0333,5.0,Nouadhibou,2019,12,20.1,26.7,15.8,0.0
20.9333,-17.0333,5.0,Nouadhibou,2020,1,19.2,26.1,14.5,0.0
20.9333,-17.0333,5.0,Nouadhibou,2020,2,22.0,29.8,17.0,0.5
20.9333,-17.0333,5.0,Nouadhibou,2020,3,20.6,28.3,16.6,0.5
20.9333,-17.0333,5.0,Nouadhibou,2020,4,20.8,27.7,17.1,0.0
20.9333,-17.0333,5.0,Nouadhibou,2020,5,21.3,27.7,17.9,0.0
20.9333,-17.0333,5.0,Nouadhibou,2020,6,25.3,31.8,21.6,1.0
20.9333,-17.0333,5.0,Nouadhibou,2020,7,23.2,26.9,20.6,
20.9333,-17.0333,5.0,Nouadhibou,2020,8,24.3,28.6,21.8,0.0
20.9333,-17.0333,5.0,Nouadhibou,2020,9,26.9,32.2,23.6,0.0
20.9333,-17.0333,5.0,Nouadhibou,2020,10,24.7,31.5,20.9,9.0
20.9333,-17.0333,5.0,Nouadhibou,2020,11,20.3,31.0,19.7,0.0
20.9333,-17.0333,5.0,Nouadhibou,2020,12,19.8,25.1,16.2,0.0
20.9333,-17.0333,5.0,Nouadhibou,2021,1,20.1,26.7,15.7,0.0
20.9333,-17.0333,5.0,Nouadhibou,2021,2,19.7,27.4,15.6,0.0
20.9333,-17.0333,5.0,Nouadhibou,2021,3,19.5,27.4,15.9,1.0
20.9333,-17.0333,5.0,Nouadhibou,2021,4,20.5,27.1,17.2,0.0
20.9333,-17.0333,5.0,Nouadhibou,2021,5,20.8,27.0,17.1,0.5
20.9333,-17.0333,5.0,Nouadhibou,2021,6,22.6,30.0,19.3,0.0
20.9333,-17.0333,5.0,Nouadhibou,2021,7,22.0,26.1,19.4,0.0
20.9333,-17.0333,5.0,Nouadhibou,2021,8,24.5,30.9,21.5,0.0
20.9333,-17.0333,5.0,Nouadhibou,2021,9,25.2,30.9,22.2,31.0
20.9333,-17.0333,5.0,Nouadhibou,2021,10,23.3,29.7,19.8,4.0
20.9333,-17.0333,5.0,Nouadhibou,2021,11,21.7,27.6,18.4,20.0
20.9333,-17.0333,5.0,Nouadhibou,2021,12,20.5,26.9,16.1,1.0
20.9333,-17.0333,5.0,Nouadhibou,2022,1,20.3,25.6,16.9,
20.9333,-17.0333,5.0,Nouadhibou,2022,2,20.7,26.3,16.9,0.5
20.9333,-17.0333,5.0,Nouadhibou,2022,3,19.2,26.1,15.5,0.0
20.9333,-17.0333,5.0,Nouadhibou,2022,4,19.6,25.5,16.5,0.0
20.9333,-17.0333,5.0,Nouadhibou,2022,5,21.5,28.1,18.3,1.0
20.9333,-17.0333,5.0,Nouadhibou,2022,6,23.1,29.2,20.0,31.6
20.9333,-17.0333,5.0,Nouadhibou,2022,7,23.1,27.3,20.6,1.0
20.9333,-17.0333,5.0,Nouadhibou,2022,8,24.7,29.3,22.1,8.0
20.9333,-17.0333,5.0,Nouadhibou,2022,9,25.7,31.7,22.7,14.0
20.9333,-17.0333,5.0,Nouadhibou,2022,10,24.2,30.5,20.5,0.5
20.9333,-17.0333,5.0,Nouadhibou,2022,11,22.8,30.7,18.4,0.0
20.9333,-17.0333,5.0,Nouadhibou,2022,12,21.5,27.3,17.7,5.0
20.9333,-17.0333,5.0,Nouadhibou,2023,1,20.5,27.3,16.6,0.0
20.9333,-17.0333,5.0,Nouadhibou,2023,2,18.6,23.7,15.4,44.1
20.9333,-17.0333,5.0,Nouadhibou,2023,3,19.5,23.8,15.2,22.0
20.9333,-17.0333,5.0,Nouadhibou,2023,4,21.2,26.5,18.2,8.0
20.9333,-17.0333,5.0,Nouadhibou,2023,5,21.4,27.6,18.4,14.0
20.9333,-17.0333,5.0,Nouadhibou,2023,6,23.3,28.3,20.2,0.0
20.9333,-17.0333,5.0,Nouadhibou,2023,7,24.1,29.7,21.4,0.0
20.9333,-17.0333,5.0,Nouadhibou,2023,8,25.7,30.3,22.8,3.0
20.9333,-17.0333,5.0,Nouadhibou,2023,9,25.9,,,0.0
20.9333,-17.0333,5.0,Nouadhibou,2023,10,26.0,32.8,22.2,0.0
20.9333,-17.0333,5.0,Nouadhibou,2023,11,23.6,31.1,19.6,0.0
20.9333,-17.0333,5.0,Nouadhibou,2023,12,21.1,27.6,17.0,0.0
20.9333,-17.0333,5.0,Nouadhibou,2024,1,21.7,28.6,17.0,0.0
20.9333,-17.0333,5.0,Nouadhibou,2024,2,22.1,29.3,17.9,0.0
20.9333,-17.0333,5.0,Nouadhibou,2024,3,20.1,26.7,16.7,0.0
20.9333,-17.0333,5.0,Nouadhibou,2024,4,22.0,28.7,18.4,5.0
20.9333,-17.0333,5.0,Nouadhibou,2024,5,21.1,27.8,18.0,3.0
20.9333,-17.0333,5.0,Nouadhibou,2024,6,22.3,28.9,19.6,0.0
20.9333,-17.0333,5.0,Nouadhibou,2024,7,22.7,27.3,20.3,0.0
20.9333,-17.0333,5.0,Nouadhibou,2024,8,24.2,29.3,22.0,2.0
20.9333,-17.0333,5.0,Nouadhibou,2024,9,23.9,29.3,21.5,10.0
20.9333,-17.0333,5.0,Nouadhibou,2024,10,23.9,30.9,21.1,3.0
20.9333,-17.0333,5.0,Nouadhibou,2024,11,22.7,29.7,18.5,0.0
20.9333,-17.0333,5.0,Nouadhibou,2024,12,21.0,,,0.0
20.9333,-17.0333,5.0,Nouadhibou,2025,1,19.5,26.4,15.6,0.0
20.9333,-17.0333,5.0,Nouadhibou,2025,2,20.0,27.4,16.1,0.0
20.9333,-17.0333,5.0,Nouadhibou,2025,3,19.0,24.9,16.3,0.0
20.9333,-17.0333,5.0,Nouadhibou,2025,4,20.8,26.9,17.8,1.0
20.9333,-17.0333,5.0,Nouadhibou,2025,5,21.3,27.4,18.4,2.0
20.9333,-17.0333,5.0,Nouadhibou,2025,6,22.2,28.1,19.3,0.0
20.9333,-17.0333,5.0,Nouadhibou,2025,7,23.1,,,0.0
20.5167,-13.0667,226.0,Atar,1994,1,19.3,,,0.0
20.5167,-13.0667,226.0,Atar,1994,2,22.2,,,0.0
20.5167,-13.0667,226.0,Atar,1994,3,24.5,32.0,,0.0
20.5167,-13.0667,226.0,Atar,1994,4,,,,0.0
20.5167,-13.0667,226.0,Atar,1994,5,,,,0.0
20.5167,-13.0667,226.0,Atar,1994,6,,,,0.0
20.5167,-13.0667,226.0,Atar,1994,7,,,,0.5
20.5167,-13.0667,226.0,Atar,1994,8,,,,25.0
20.5167,-13.0667,226.0,Atar,1994,9,,,,43.0
20.5167,-13.0667,226.0,Atar,1994,10,30.0,35.9,,9.0
20.5167,-13.0667,226.0,Atar,1994,11,27.3,,,0.0
20.5167,-13.0667,226.0,Atar,1994,12,,,,0.5
20.5167,-13.0667,226.0,Atar,1995,1,19.0,,,0.0
20.5167,-13.0667,226.0,Atar,1995,2,,,,0.0
20.5167,-13.0667,226.0,Atar,1995,3,25.0,,,0.5
20.5167,-13.0667,226.0,Atar,1995,4,,,,0.0
20.5167,-13.0667,226.0,Atar,1995,5,,,,0.0
20.5167,-13.0667,226.0,Atar,1995,6,35.9,,,0.0
20.5167,-13.0667,226.0,Atar,1995,7,,,,0.0
20.5167,-13.0667,226.0,Atar,1995,10,30.5,,,0.0
20.5167,-13.0667,226.0,Atar,1995,11,28.0,,,0.0
20.5167,-13.0667,226.0,Atar,1995,12,21.2,,,47.0
20.5167,-13.0667,226.0,Atar,1996,1,,,,0.0
20.5167,-13.0667,226.0,Atar,1996,2,24.0,,,3.0
20.5167,-13.0667,226.0,Atar,1996,3,,,,0.0
20.5167,-13.0667,226.0,Atar,1996,4,,,,0.0
20.5167,-13.0667,226.0,Atar,1996,9,,,,3.0
20.5167,-13.0667,226.0,Atar,1996,10,,,,0.5
20.5167,-13.0667,226.0,Atar,1997,1,22.0,,,0.0
20.5167,-13.0667,226.0,Atar,1997,2,25.6,,,0.0
20.5167,-13.0667,226.0,Atar,1997,4,28.0,,,0.0
20.5167,-13.0667,226.0,Atar,1997,5,30.9,,,0.5
20.5167,-13.0667,226.0,Atar,1997,6,34.5,,,2.0
20.5167,-13.0667,226.0,Atar,1997,7,35.5,,,0.5
20.5167,-13.0667,226.0,Atar,1997,9,,,,24.0
20.5167,-13.0667,226.0,Atar,1997,10,,,,14.0
20.5167,-13.0667,226.0,Atar,1997,11,27.4,,,
20.5167,-13.0667,226.0,Atar,1998,2,,,,0.5
20.5167,-13.0667,226.0,Atar,1998,5,,,,0.5
20.5167,-13.0667,226.0,Atar,1998,9,33.1,,,
20.5167,-13.0667,226.0,Atar,1998,10,,,,20.0
20.5167,-13.0667,226.0,Atar,1998,12,,,,5.0
20.5167,-13.0667,226.0,Atar,1999,1,,,,5.0
20.5167,-13.0667,226.0,Atar,1999,2,,,,0.0
20.5167,-13.0667,226.0,Atar,2000,2,,,,2.0
20.5167,-13.0667,226.0,Atar,2000,3,,,,0.0
20.5167,-13.0667,226.0,Atar,2004,2,24.2,34.3,13.7,0.5
20.5167,-13.0667,226.0,Atar,2004,5,31.3,,,
20.5167,-13.0667,226.0,Atar,2004,12,21.7,27.4,15.7,0.0
20.5167,-13.0667,226.0,Atar,2005,1,20.9,26.6,15.2,0.0
20.5167,-13.0667,226.0,Atar,2005,2,21.4,27.1,15.0,4.0
20.5167,-13.0667,226.0,Atar,2005,3,27.5,34.3,19.7,1.0
20.5167,-13.0667,226.0,Atar,2005,4,31.2,38.2,24.0,0.0
20.5167,-13.0667,226.0,Atar,2005,5,35.3,,28.2,0.0
20.5167,-13.0667,226.0,Atar,2005,9,33.9,39.4,28.6,9.0
20.5167,-13.0667,226.0,Atar,2005,11,27.3,33.0,21.3,0.0
20.5167,-13.0667,226.0,Atar,2005,12,25.0,31.1,19.1,0.5
20.5167,-13.0667,226.0,Atar,2006,1,19.3,25.3,13.6,0.5
20.5167,-13.0667,226.0,Atar,2006,2,22.0,28.5,15.8,0.5
20.5167,-13.0667,226.0,Atar,2006,3,27.2,34.4,20.1,0.0
20.5167,-13.0667,226.0,Atar,2006,5,31.8,38.9,24.8,2.0
20.5167,-13.0667,226.0,Atar,2006,8,35.7,41.1,30.3,16.0
20.5167,-13.0667,226.0,Atar,2006,9,33.9,39.6,28.4,45.0
20.5167,-13.0667,226.0,Atar,2006,11,28.6,35.0,21.4,0.0
20.5167,-13.0667,226.0,Atar,2007,1,22.7,28.9,16.2,0.0
20.5167,-13.0667,226.0,Atar,2007,4,28.2,35.2,20.9,0.0
20.5167,-13.0667,226.0,Atar,2007,7,35.6,42.5,29.7,0.0
20.5167,-13.0667,226.0,Atar,2007,9,34.5,40.1,28.9,2.0
20.5167,-13.0667,226.0,Atar,2007,10,31.6,37.8,25.6,0.0
20.5167,-13.0667,226.0,Atar,2007,11,26.9,33.6,19.1,0.0
20.5167,-13.0667,226.0,Atar,2007,12,,29.4,15.5,0.0
20.5167,-13.0667,226.0,Atar,2008,3,28.9,35.9,22.0,0.5
20.5167,-13.0667,226.0,Atar,2008,4,31.5,38.3,24.7,0.0
20.5167,-13.0667,226.0,Atar,2008,7,,,,15.0
20.5167,-13.0667,226.0,Atar,2008,8,34.8,39.9,28.0,27.0
20.5167,-13.0667,226.0,Atar,2008,9,35.0,40.8,29.2,10.0
20.5167,-13.0667,226.0,Atar,2008,10,29.4,34.7,24.1,0.0
20.5167,-13.0667,226.0,Atar,2008,11,25.4,31.6,19.0,0.0
20.5167,-13.0667,226.0,Atar,2008,12,,,,0.0
20.5167,-13.0667,226.0,Atar,2009,1,20.0,,,0.0
20.5167,-13.0667,226.0,Atar,2009,2,22.4,29.3,15.6,4.0
20.5167,-13.0667,226.0,Atar,2009,3,25.5,31.9,19.8,0.0
20.5167,-13.0667,226.0,Atar,2009,4,,,,0.0
20.5167,-13.0667,226.0,Atar,2009,5,33.7,,26.5,0.0
20.5167,-13.0667,226.0,Atar,2009,6,34.8,40.5,29.1,32.0
20.5167,-13.0667,226.0,Atar,2009,9,35.2,,,
20.5167,-13.0667,226.0,Atar,2009,11,,,,0.0
20.5167,-13.0667,226.0,Atar,2009,12,25.6,31.6,17.7,0.0
20.5167,-13.0667,226.0,Atar,2010,1,24.0,,,0.0
20.5167,-13.0667,226.0,Atar,2010,2,,,,0.0
20.5167,-13.0667,226.0,Atar,2010,3,,,,0.0
20.5167,-13.0667,226.0,Atar,2010,4,,,,0.0
20.5167,-13.0667,226.0,Atar,2010,5,33.4,,,0.5
20.5167,-13.0667,226.0,Atar,2010,6,35.8,,,0.5
20.5167,-13.0667,226.0,Atar,2010,7,,,,8.0
20.5167,-13.0667,226.0,Atar,2010,8,35.7,41.2,,0.5
20.5167,-13.0667,226.0,Atar,2010,9,,,,42.0
20.5167,-13.0667,226.0,Atar,2010,10,,,,47.0
20.5167,-13.0667,226.0,Atar,2010,11,,,,0.0
20.5167,-13.0667,226.0,Atar,2010,12,,,,0.0
20.5167,-13.0667,226.0,Atar,2011,3,25.8,32.9,18.9,0.0
20.5167,-13.0667,226.0,Atar,2011,8,,,,16.0
20.5167,-13.0667,226.0,Atar,2011,9,,,,5.0
20.5167,-13.0667,226.0,Atar,2011,11,,,,0.0
20.5167,-13.0667,226.0,Atar,2012,1,,,,0.0
20.5167,-13.0667,226.0,Atar,2013,2,23.8,31.4,15.3,0.0
20.5167,-13.0667,226.0,Atar,2013,7,37.9,,,
20.5167,-13.0667,226.0,Atar,2014,2,23.7,,,
20.5167,-13.0667,226.0,Atar,2014,3,25.9,33.3,18.9,
20.5167,-13.0667,226.0,Atar,2014,5,32.7,40.2,25.1,0.0
20.5167,-13.0667,226.0,Atar,2014,10,,,,0.0
20.5167,-13.0667,226.0,Atar,2014,11,27.3,,,
20.5167,-13.0667,226.0,Atar,2014,12,22.2,,,0.0
20.5167,-13.0667,226.0,Atar,2015,1,22.3,,,
20.5167,-13.0667,226.0,Atar,2020,11,26.5,35.2,18.9,0.0
20.5167,-13.0667,226.0,Atar,2021,1,21.1,28.2,14.5,
20.5167,-13.0667,226.0,Atar,2021,2,22.2,29.7,14.6,0.0
20.5167,-13.0667,226.0,Atar,2021,3,25.2,32.2,17.4,0.0
20.5167,-13.0667,226.0,Atar,2021,4,29.7,36.9,21.9,0.4
20.5167,-13.0667,226.0,Atar,2021,5,31.8,38.7,24.4,0.0
20.5167,-13.0667,226.0,Atar,2021,6,35.0,41.6,28.0,0.5
20.5167,-13.0667,226.0,Atar,2021,7,35.0,41.2,27.5,0.0
20.5167,-13.0667,226.0,Atar,2021,8,34.7,40.4,28.3,0.4
20.5167,-13.0667,226.0,Atar,2021,9,34.5,40.8,27.2,10.8
20.5167,-13.0667,226.0,Atar,2021,10,30.9,37.7,23.6,10.4
20.5167,-13.0667,226.0,Atar,2021,11,26.3,32.6,19.6,6.4
20.5167,-13.0667,226.0,Atar,2021,12,22.6,29.4,16.0,6.8
20.5167,-13.0667,226.0,Atar,2022,1,22.2,28.6,16.0,1.3
20.5167,-13.0667,226.0,Atar,2022,2,23.9,30.9,16.8,6.3
20.5167,-13.0667,226.0,Atar,2022,3,23.7,30.9,15.9,0.7
20.5167,-13.0667,226.0,Atar,2022,4,27.9,35.0,19.9,0.0
20.5167,-13.0667,226.0,Atar,2022,5,33.4,40.1,26.1,
20.5167,-13.0667,226.0,Atar,2022,6,33.2,39.7,26.8,13.2
20.5167,-13.0667,226.0,Atar,2022,7,34.4,41.1,27.5,1.9
20.5167,-13.0667,226.0,Atar,2022,8,32.3,39.0,26.2,31.8
20.5167,-13.0667,226.0,Atar,2022,9,32.7,38.6,26.5,15.9
20.5167,-13.0667,226.0,Atar,2022,10,31.2,37.6,24.1,1.3
20.5167,-13.0667,226.0,Atar,2022,11,25.9,33.6,18.0,0.0
20.5167,-13.0667,226.0,Atar,2022,12,23.7,30.8,16.5,21.5
20.5167,-13.0667,226.0,Atar,2023,1,20.4,27.4,13.4,0.8
20.5167,-13.0667,226.0,Atar,2023,2,22.0,29.0,15.5,8.9
20.5167,-13.0667,226.0,Atar,2023,3,28.0,35.4,19.8,10.8
20.5167,-13.0667,226.0,Atar,2023,4,29.1,36.2,21.9,2.3
20.5167,-13.0667,226.0,Atar,2023,5,31.5,38.1,24.8,4.5
20.5167,-13.0667,226.0,Atar,2023,6,35.3,41.5,27.8,0.0
20.5167,-13.0667,226.0,Atar,2023,7,36.5,42.8,28.8,0.6
20.5167,-13.0667,226.0,Atar,2023,8,35.0,41.5,28.1,3.0
20.5167,-13.0667,226.0,Atar,2023,9,34.5,40.9,28.0,0.6
20.5167,-13.0667,226.0,Atar,2023,10,33.0,39.7,25.3,0.0
20.5167,-13.0667,226.0,Atar,2023,11,26.0,34.3,17.9,0.0
20.5167,-13.0667,226.0,Atar,2023,12,22.4,29.5,14.8,0.0
20.5167,-13.0667,226.0,Atar,2024,1,23.4,31.2,15.0,0.0
20.5167,-13.0667,226.0,Atar,2024,2,24.2,32.0,16.4,0.0
20.5167,-13.0667,226.0,Atar,2024,3,24.9,32.9,17.0,0.0
20.5167,-13.0667,226.0,Atar,2024,4,29.7,36.9,22.3,19.3
20.5167,-13.0667,226.0,Atar,2024,5,32.0,39.2,24.0,0.1
20.5167,-13.0667,226.0,Atar,2024,6,34.1,40.9,27.0,0.3
20.5167,-13.0667,226.0,Atar,2024,7,34.4,40.8,27.5,0.0
20.5167,-13.0667,226.0,Atar,2024,9,31.9,38.0,26.8,
20.5167,-13.0667,226.0,Atar,2024,10,31.6,38.8,24.7,0.0
20.5167,-13.0667,226.0,Atar,2024,11,27.3,34.9,19.7,0.4
20.5167,-13.0667,226.0,Atar,2024,12,22.8,,,
20.5167,-13.0667,226.0,Atar,2025,1,20.1,27.8,12.3,0.0
20.5167,-13.0667,226.0,Atar,2025,2,22.1,29.7,14.3,0.0
20.5167,-13.0667,226.0,Atar,2025,4,28.5,35.8,21.8,12.3
20.5167,-13.0667,226.0,Atar,2025,5,33.4,40.0,25.8,0.4
20.5167,-13.0667,226.0,Atar,2025,6,36.2,42.9,27.7,0.0
20.5167,-13.0667,226.0,Atar,2025,7,34.5,41.4,26.9,10.0
19.75,-14.3667,123.0,Akjoujt,1998,1,23.2,,,0.0
19.75,-14.3667,123.0,Akjoujt,1998,5,31.2,,,0.0
19.75,-14.3667,123.0,Akjoujt,1998,7,32.2,,,2.0
19.75,-14.3667,123.0,Akjoujt,1998,9,32.7,,,26.0
19.75,-14.3667,123.0,Akjoujt,1998,11,27.5,,,0.0
19.75,-14.3667,123.0,Akjoujt,1999,3,24.5,32.3,16.5,0.0
19.75,-14.3667,123.0,Akjoujt,1999,9,33.5,40.3,24.9,
19.75,-14.3667,123.0,Akjoujt,2000,7,32.5,40.9,25.1,5.0
19.75,-14.3667,123.0,Akjoujt,2000,10,30.2,36.7,24.5,0.0
19.75,-14.3667,123.0,Akjoujt,2001,1,22.4,30.6,15.2,0.0
19.75,-14.3667,123.0,Akjoujt,2001,3,28.0,36.2,20.8,0.0
19.75,-14.3667,123.0,Akjoujt,2001,7,33.7,40.9,26.5,0.0
19.75,-14.3667,123.0,Akjoujt,2001,8,33.7,40.8,27.8,46.0
19.75,-14.3667,123.0,Akjoujt,2002,1,22.3,28.7,16.5,15.0
19.75,-14.3667,123.0,Akjoujt,2002,7,33.8,41.7,27.1,0.0
19.75,-14.3667,123.0,Akjoujt,2002,9,34.1,40.5,28.1,58.0
19.75,-14.3667,123.0,Akjoujt,2002,10,32.2,38.5,26.6,0.0
19.75,-14.3667,123.0,Akjoujt,2003,2,22.8,30.4,16.1,0.0
19.75,-14.3667,123.0,Akjoujt,2003,7,32.7,40.3,26.5,14.0
19.75,-14.3667,123.0,Akjoujt,2003,10,31.3,37.2,26.3,106.0
19.75,-14.3667,123.0,Akjoujt,2004,9,33.6,40.6,27.5,4.0
19.75,-14.3667,123.0,Akjoujt,2004,12,,27.3,,0.0
19.75,-14.3667,123.0,Akjoujt,2005,2,20.8,27.3,14.9,3.0
19.75,-14.3667,123.0,Akjoujt,2005,4,30.2,38.6,22.8,0.0
19.75,-14.3667,123.0,Akjoujt,2005,6,34.1,42.1,27.4,8.0
19.75,-14.3667,123.0,Akjoujt,2005,9,32.6,39.2,27.3,41.0
19.75,-14.3667,123.0,Akjoujt,2005,11,27.5,34.2,25.0,0.5
19.75,-14.3667,123.0,Akjoujt,2006,5,31.0,39.1,23.8,0.0
19.75,-14.3667,123.0,Akjoujt,2006,8,33.4,40.9,27.8,36.0
19.75,-14.3667,123.0,Akjoujt,2006,9,33.0,39.8,27.2,55.0
19.75,-14.3667,123.0,Akjoujt,2006,12,21.9,25.5,15.3,0.0
19.75,-14.3667,123.0,Akjoujt,2007,1,22.2,29.1,15.3,0.0
19.75,-14.3667,123.0,Akjoujt,2008,9,,,,0.5
19.75,-14.3667,123.0,Akjoujt,2008,10,,,,26.0
19.75,-14.3667,123.0,Akjoujt,2008,11,,,,0.0
19.75,-14.3667,123.0,Akjoujt,2008,12,,,,0.0
19.75,-14.3667,123.0,Akjoujt,2009,1,,,,0.0
19.75,-14.3667,123.0,Akjoujt,2009,2,21.7,,,0.0
19.75,-14.3667,123.0,Akjoujt,2009,3,23.6,,,0.5
19.75,-14.3667,123.0,Akjoujt,2009,5,,,,0.0
19.75,-14.3667,123.0,Akjoujt,2009,6,31.1,39.0,24.0,5.0
19.75,-14.3667,123.0,Akjoujt,2009,7,,,,0.0
19.75,-14.3667,123.0,Akjoujt,2009,11,28.4,33.8,,
19.75,-14.3667,123.0,Akjoujt,2009,12,25.6,31.9,,0.0
19.75,-14.3667,123.0,Akjoujt,2010,1,,,,0.0
19.75,-14.3667,123.0,Akjoujt,2010,2,,,,0.0
19.75,-14.3667,123.0,Akjoujt,2010,3,29.8,37.2,,0.0
19.75,-14.3667,123.0,Akjoujt,2010,4,,,,0.0
19.75,-14.3667,123.0,Akjoujt,2010,5,,,,0.0
19.75,-14.3667,123.0,Akjoujt,2010,6,,,,0.0
19.75,-14.3667,123.0,Akjoujt,2010,7,,,,0.0
19.75,-14.3667,123.0,Akjoujt,2010,8,,,,8.0
19.75,-14.3667,123.0,Akjoujt,2010,9,,,,91.0
19.75,-14.3667,123.0,Akjoujt,2010,10,,,,92.0
19.75,-14.3667,123.0,Akjoujt,2010,11,,,,0.0
19.75,-14.3667,123.0,Akjoujt,2010,12,,,,0.0
19.75,-14.3667,123.0,Akjoujt,2011,3,,,,0.5
19.75,-14.3667,123.0,Akjoujt,2011,6,36.2,42.3,27.9,0.0
19.75,-14.3667,123.0,Akjoujt,2011,7,34.4,41.7,27.9,9.0
19.75,-14.3667,123.0,Akjoujt,2011,8,,,,86.0
19.75,-14.3667,123.0,Akjoujt,2011,9,35.0,41.7,28.4,1.0
19.75,-14.3667,123.0,Akjoujt,2011,10,32.6,38.1,27.1,0.0
19.75,-14.3667,123.0,Akjoujt,2011,11,27.1,34.0,20.8,0.0
19.75,-14.3667,123.0,Akjoujt,2012,1,22.1,28.1,16.5,0.0
19.75,-14.3667,123.0,Akjoujt,2012,2,,,,0.0
19.75,-14.3667,123.0,Akjoujt,2012,3,27.3,33.8,21.2,0.0
19.75,-14.3667,123.0,Akjoujt,2012,6,34.0,41.2,30.9,1.0
19.75,-14.3667,123.0,Akjoujt,2012,11,28.2,34.2,22.2,0.0
19.75,-14.3667,123.0,Akjoujt,2012,12,22.6,29.1,15.8,0.0
19.75,-14.3667,123.0,Akjoujt,2013,1,22.5,28.9,15.7,0.0
19.75,-14.3667,123.0,Akjoujt,2013,2,25.6,31.8,18.7,0.0
19.75,-14.3667,123.0,Akjoujt,2013,3,28.9,36.2,20.8,0.0
19.75,-14.3667,123.0,Akjoujt,2013,4,31.3,39.3,23.3,
19.75,-14.3667,123.0,Akjoujt,2013,5,33.4,40.5,25.9,
19.75,-14.3667,123.0,Akjoujt,2013,6,35.8,43.4,28.4,
19.75,-14.3667,123.0,Akjoujt,2013,7,35.4,42.8,28.4,
19.75,-14.3667,123.0,Akjoujt,2013,8,32.9,39.3,26.9,91.0
19.75,-14.3667,123.0,Akjoujt,2013,9,33.6,39.0,27.2,28.0
19.75,-14.3667,123.0,Akjoujt,2013,10,33.2,39.6,26.7,
19.75,-14.3667,123.0,Akjoujt,2013,11,26.9,32.9,20.8,7.0
19.75,-14.3667,123.0,Akjoujt,2013,12,24.0,29.4,19.0,0.0
19.75,-14.3667,123.0,Akjoujt,2014,1,22.1,28.1,16.2,1.0
19.75,-14.3667,123.0,Akjoujt,2014,2,23.3,30.1,16.7,
19.75,-14.3667,123.0,Akjoujt,2014,3,26.5,33.5,19.4,
19.75,-14.3667,123.0,Akjoujt,2014,4,31.4,38.9,23.5,0.0
19.75,-14.3667,123.0,Akjoujt,2014,5,33.4,40.8,25.0,0.0
19.75,-14.3667,123.0,Akjoujt,2014,6,36.0,42.6,29.2,
19.75,-14.3667,123.0,Akjoujt,2014,7,34.9,41.8,27.9,1.0
19.75,-14.3667,123.0,Akjoujt,2014,8,,,,16.0
19.75,-14.3667,123.0,Akjoujt,2014,9,,,,0.5
19.75,-14.3667,123.0,Akjoujt,2014,10,34.2,40.7,27.4,0.5
19.75,-14.3667,123.0,Akjoujt,2014,11,26.9,33.8,20.5,
19.75,-14.3667,123.0,Akjoujt,2014,12,23.2,28.8,17.5,0.0
19.75,-14.3667,123.0,Akjoujt,2015,1,21.7,27.0,16.8,0.0
19.75,-14.3667,123.0,Akjoujt,2015,2,23.8,29.9,17.8,1.0
19.75,-14.3667,123.0,Akjoujt,2015,3,25.7,32.2,19.0,
19.75,-14.3667,123.0,Akjoujt,2015,4,33.5,40.5,26.3,
19.75,-14.3667,123.0,Akjoujt,2015,5,34.3,42.0,26.7,
19.75,-14.3667,123.0,Akjoujt,2015,6,36.0,42.6,29.4,0.0
19.75,-14.3667,123.0,Akjoujt,2015,7,33.0,41.1,25.6,
19.75,-14.3667,123.0,Akjoujt,2015,8,34.2,40.5,28.3,79.0
19.75,-14.3667,123.0,Akjoujt,2015,9,34.2,40.0,28.5,36.0
19.75,-14.3667,123.0,Akjoujt,2015,10,32.2,37.1,27.3,9.0
19.75,-14.3667,123.0,Akjoujt,2015,11,28.2,33.6,22.5,
19.75,-14.3667,123.0,Akjoujt,2015,12,24.6,30.2,19.0,
19.75,-14.3667,123.0,Akjoujt,2016,1,26.2,32.2,20.3,
19.75,-14.3667,123.0,Akjoujt,2016,2,25.0,31.0,19.0,
19.75,-14.3667,123.0,Akjoujt,2016,3,26.5,33.2,20.0,0.0
19.75,-14.3667,123.0,Akjoujt,2016,4,31.2,37.8,24.4,
19.75,-14.3667,123.0,Akjoujt,2016,5,32.1,38.7,25.0,
19.75,-14.3667,123.0,Akjoujt,2016,6,35.2,42.0,28.4,
19.75,-14.3667,123.0,Akjoujt,2017,9,,,,3.0
19.75,-14.3667,123.0,Akjoujt,2017,11,,,,0.0
19.75,-14.3667,123.0,Akjoujt,2021,1,22.3,28.9,16.3,
19.75,-14.3667,123.0,Akjoujt,2021,2,23.4,31.2,16.8,0.0
19.75,-14.3667,123.0,Akjoujt,2021,3,25.9,33.4,18.9,0.0
19.75,-14.3667,123.0,Akjoujt,2021,4,30.0,37.7,22.8,0.2
19.75,-14.3667,123.0,Akjoujt,2021,5,31.6,38.9,24.6,0.0
19.75,-14.3667,123.0,Akjoujt,2021,6,35.3,42.5,28.4,0.0
19.75,-14.3667,123.0,Akjoujt,2021,7,33.0,40.7,25.9,0.0
19.75,-14.3667,123.0,Akjoujt,2021,8,33.9,40.4,27.8,0.0
19.75,-14.3667,123.0,Akjoujt,2021,9,34.2,40.4,27.8,2.0
19.75,-14.3667,123.0,Akjoujt,2021,10,31.9,38.2,25.8,1.1
19.75,-14.3667,123.0,Akjoujt,2021,11,27.6,33.4,22.2,2.5
19.75,-14.3667,123.0,Akjoujt,2021,12,24.0,30.2,18.7,8.8
19.75,-14.3667,123.0,Akjoujt,2022,1,23.6,29.5,18.5,1.6
19.75,-14.3667,123.0,Akjoujt,2022,2,24.9,30.9,19.2,1.5
19.75,-14.3667,123.0,Akjoujt,2022,3,24.9,31.7,18.2,0.0
19.75,-14.3667,123.0,Akjoujt,2022,4,27.7,34.6,20.5,0.0
19.75,-14.3667,123.0,Akjoujt,2022,5,33.7,40.5,26.3,
19.75,-14.3667,123.0,Akjoujt,2022,6,33.6,39.9,27.5,14.8
19.75,-14.3667,123.0,Akjoujt,2022,7,33.0,39.8,26.4,0.8
19.75,-14.3667,123.0,Akjoujt,2022,8,31.6,37.8,25.9,46.5
19.75,-14.3667,123.0,Akjoujt,2022,9,32.9,38.4,27.5,19.9
19.75,-14.3667,123.0,Akjoujt,2022,10,32.4,38.5,26.3,0.4
19.75,-14.3667,123.0,Akjoujt,2022,11,27.5,34.2,21.2,0.0
19.75,-14.3667,123.0,Akjoujt,2022,12,24.9,31.2,18.8,0.2
19.75,-14.3667,123.0,Akjoujt,2023,1,22.4,28.8,16.3,2.1
19.75,-14.3667,123.0,Akjoujt,2023,2,22.7,29.1,17.1,6.0
19.75,-14.3667,123.0,Akjoujt,2023,3,29.5,36.9,21.9,0.6
19.75,-14.3667,123.0,Akjoujt,2023,4,29.6,36.5,22.7,1.1
19.75,-14.3667,123.0,Akjoujt,2023,5,32.2,38.9,25.8,1.7
19.75,-14.3667,123.0,Akjoujt,2023,6,35.0,41.8,28.2,0.0
19.75,-14.3667,123.0,Akjoujt,2023,7,34.8,41.9,28.1,0.1
19.75,-14.3667,123.0,Akjoujt,2023,8,33.6,40.1,27.1,6.2
19.75,-14.3667,123.0,Akjoujt,2023,9,35.7,41.4,29.6,1.5
19.75,-14.3667,123.0,Akjoujt,2023,10,33.5,39.6,26.9,0.0
19.75,-14.3667,123.0,Akjoujt,2023,11,28.0,34.4,21.9,0.0
19.75,-14.3667,123.0,Akjoujt,2023,12,23.9,30.5,18.0,0.0
19.75,-14.3667,123.0,Akjoujt,2024,1,24.9,31.7,19.0,0.0
19.75,-14.3667,123.0,Akjoujt,2024,2,26.3,33.2,19.8,0.0
19.75,-14.3667,123.0,Akjoujt,2024,3,26.4,33.1,19.5,0.0
19.75,-14.3667,123.0,Akjoujt,2024,4,30.7,37.3,23.6,6.5
19.75,-14.3667,123.0,Akjoujt,2024,5,32.1,38.9,24.7,0.0
19.75,-14.3667,123.0,Akjoujt,2024,6,34.8,41.2,28.2,0.0
19.75,-14.3667,123.0,Akjoujt,2024,7,32.6,39.4,25.9,0.0
19.75,-14.3667,123.0,Akjoujt,2024,9,32.0,37.5,27.0,
19.75,-14.3667,123.0,Akjoujt,2024,10,32.8,38.9,26.7,1.2
19.75,-14.3667,123.0,Akjoujt,2024,11,28.8,35.2,22.4,0.0
19.75,-14.3667,123.0,Akjoujt,2025,1,21.5,28.2,15.2,0.0
19.75,-14.3667,123.0,Akjoujt,2025,2,23.5,30.4,16.6,0.0
19.75,-14.3667,123.0,Akjoujt,2025,4,29.1,36.0,22.4,9.3
19.75,-14.3667,123.0,Akjoujt,2025,5,33.0,39.8,26.2,0.9
19.75,-14.3667,123.0,Akjoujt,2025,6,34.9,42.2,27.6,0.0
19.75,-14.3667,123.0,Akjoujt,2025,7,32.6,39.6,25.7,6.0
18.1,-15.95,2.0,Nouakchott,1994,1,20.1,,,0.0
18.1,-15.95,2.0,Nouakchott,1994,2,22.7,,,0.0
18.1,-15.95,2.0,Nouakchott,1994,3,23.6,,,0.0
18.1,-15.95,2.0,Nouakchott,1994,4,23.7,,,0.0
18.1,-15.95,2.0,Nouakchott,1994,5,23.9,32.7,,0.0
18.1,-15.95,2.0,Nouakchott,1994,6,25.5,32.0,,0.0
18.1,-15.95,2.0,Nouakchott,1994,7,25.9,,,0.5
18.1,-15.95,2.0,Nouakchott,1994,8,28.3,,,5.0
18.1,-15.95,2.0,Nouakchott,1994,9,27.4,32.9,,28.0
18.1,-15.95,2.0,Nouakchott,1994,10,27.5,35.2,,35.0
18.1,-15.95,2.0,Nouakchott,1994,11,27.0,,,0.0
18.1,-15.95,2.0,Nouakchott,1994,12,23.9,31.2,,0.5
18.1,-15.95,2.0,Nouakchott,1995,1,21.4,,,0.0
18.1,-15.95,2.0,Nouakchott,1995,2,24.1,,,0.5
18.1,-15.95,2.0,Nouakchott,1995,3,21.0,,,0.5
18.1,-15.95,2.0,Nouakchott,1995,4,22.5,,,0.0
18.1,-15.95,2.0,Nouakchott,1995,5,24.8,,,0.0
18.1,-15.95,2.0,Nouakchott,1995,6,26.7,,,0.5
18.1,-15.95,2.0,Nouakchott,1995,7,28.4,,,13.0
18.1,-15.95,2.0,Nouakchott,1995,8,,,,18.0
18.1,-15.95,2.0,Nouakchott,1995,9,28.9,,,118.0
18.1,-15.95,2.0,Nouakchott,1995,10,29.2,,,0.0
18.1,-15.95,2.0,Nouakchott,1995,11,27.4,,,5.0
18.1,-15.95,2.0,Nouakchott,1995,12,22.4,,,68.0
18.1,-15.95,2.0,Nouakchott,1996,1,22.4,30.7,,0.0
18.1,-15.95,2.0,Nouakchott,1996,2,23.4,,,9.0
18.1,-15.95,2.0,Nouakchott,1996,3,23.2,,,0.5
18.1,-15.95,2.0,Nouakchott,1996,4,25.2,,,0.0
18.1,-15.95,2.0,Nouakchott,1996,5,26.1,,,0.5
18.1,-15.95,2.0,Nouakchott,1996,6,27.0,,,2.0
18.1,-15.95,2.0,Nouakchott,1996,8,28.9,,,126.0
18.1,-15.95,2.0,Nouakchott,1996,9,28.5,,,45.0
18.1,-15.95,2.0,Nouakchott,1996,10,29.1,,,3.0
18.1,-15.95,2.0,Nouakchott,1997,1,22.2,,,0.5
18.1,-15.95,2.0,Nouakchott,1997,2,26.7,,,0.0
18.1,-15.95,2.0,Nouakchott,1997,3,24.3,,,0.0
18.1,-15.95,2.0,Nouakchott,1997,4,24.3,33.5,17.7,0.0
18.1,-15.95,2.0,Nouakchott,1997,5,27.5,37.5,22.2,0.5
18.1,-15.95,2.0,Nouakchott,1997,6,29.2,37.7,23.2,0.5
18.1,-15.95,2.0,Nouakchott,1997,7,28.0,34.4,24.4,0.5
18.1,-15.95,2.0,Nouakchott,1997,8,28.0,33.2,24.7,48.0
18.1,-15.95,2.0,Nouakchott,1997,9,29.4,,,23.0
18.1,-15.95,2.0,Nouakchott,1997,10,30.2,,,0.5
18.1,-15.95,2.0,Nouakchott,1997,11,,,,0.0
18.1,-15.95,2.0,Nouakchott,1997,12,22.7,31.5,16.6,0.0
18.1,-15.95,2.0,Nouakchott,1998,1,22.6,30.5,16.3,0.0
18.1,-15.95,2.0,Nouakchott,1998,2,25.7,33.7,19.5,0.5
18.1,-15.95,2.0,Nouakchott,1998,3,25.9,34.8,19.4,0.5
18.1,-15.95,2.0,Nouakchott,1998,4,25.5,33.7,20.1,0.5
18.1,-15.95,2.0,Nouakchott,1998,5,26.0,,,0.5
18.1,-15.95,2.0,Nouakchott,1998,6,26.9,35.2,22.5,7.0
18.1,-15.95,2.0,Nouakchott,1998,7,26.0,30.8,22.8,10.0
18.1,-15.95,2.0,Nouakchott,1998,8,28.7,33.1,25.5,24.0
18.1,-15.95,2.0,Nouakchott,1998,9,29.8,35.9,26.1,121.0
18.1,-15.95,2.0,Nouakchott,1998,10,29.9,38.1,24.2,0.0
18.1,-15.95,2.0,Nouakchott,1998,11,26.9,35.0,20.1,0.0
18.1,-15.95,2.0,Nouakchott,1998,12,22.9,30.1,17.0,0.5
18.1,-15.95,2.0,Nouakchott,1999,1,19.9,27.3,12.7,0.0
18.1,-15.95,2.0,Nouakchott,1999,2,21.1,29.2,13.7,0.0
18.1,-15.95,2.0,Nouakchott,1999,3,21.8,30.8,15.9,0.0
18.1,-15.95,2.0,Nouakchott,1999,4,26.0,33.6,18.5,0.0
18.1,-15.95,2.0,Nouakchott,1999,5,24.9,33.4,20.0,0.0
18.1,-15.95,2.0,Nouakchott,1999,6,27.9,35.1,20.9,0.5
18.1,-15.95,2.0,Nouakchott,1999,7,27.5,,,
18.1,-15.95,2.0,Nouakchott,1999,8,,,,59.0
18.1,-15.95,2.0,Nouakchott,1999,9,29.9,35.1,26.1,39.0
18.1,-15.95,2.0,Nouakchott,1999,10,29.0,36.2,24.6,10.0
18.1,-15.95,2.0,Nouakchott,1999,11,26.0,34.6,20.0,0.5
18.1,-15.95,2.0,Nouakchott,1999,12,22.5,,,0.5
18.1,-15.95,2.0,Nouakchott,2000,1,21.4,29.4,14.8,0.0
18.1,-15.95,2.0,Nouakchott,2000,2,23.9,,,0.5
18.1,-15.95,2.0,Nouakchott,2000,3,25.4,35.2,17.0,0.0
18.1,-15.95,2.0,Nouakchott,2000,4,26.3,36.3,20.9,0.0
18.1,-15.95,2.0,Nouakchott,2000,5,24.9,30.9,18.9,0.0
18.1,-15.95,2.0,Nouakchott,2000,6,25.0,,,0.0
18.1,-15.95,2.0,Nouakchott,2000,7,27.1,31.8,23.7,0.5
18.1,-15.95,2.0,Nouakchott,2000,8,28.8,33.8,25.5,45.0
18.1,-15.95,2.0,Nouakchott,2000,9,29.6,35.5,26.7,5.0
18.1,-15.95,2.0,Nouakchott,2000,10,27.4,35.1,22.5,26.0
18.1,-15.95,2.0,Nouakchott,2000,11,26.1,34.5,19.7,0.0
18.1,-15.95,2.0,Nouakchott,2000,12,23.1,31.9,14.7,0.0
18.1,-15.95,2.0,Nouakchott,2001,1,22.2,32.1,13.2,0.0
18.1,-15.95,2.0,Nouakchott,2001,2,24.0,33.5,15.8,0.0
18.1,-15.95,2.0,Nouakchott,2001,3,24.7,35.2,18.4,0.0
18.1,-15.95,2.0,Nouakchott,2001,4,24.2,,18.6,0.0
18.1,-15.95,2.0,Nouakchott,2001,5,24.7,35.0,17.2,0.0
18.1,-15.95,2.0,Nouakchott,2001,6,26.4,33.4,22.5,0.0
18.1,-15.95,2.0,Nouakchott,2001,7,28.4,33.9,25.0,0.0
18.1,-15.95,2.0,Nouakchott,2001,8,28.0,33.4,22.5,34.0
18.1,-15.95,2.0,Nouakchott,2001,9,30.2,35.7,26.3,89.0
18.1,-15.95,2.0,Nouakchott,2001,10,29.5,37.7,23.9,0.0
18.1,-15.95,2.0,Nouakchott,2001,11,25.4,32.8,19.5,1.0
18.1,-15.95,2.0,Nouakchott,2001,12,25.4,,,0.5
18.1,-15.95,2.0,Nouakchott,2002,1,22.5,29.5,15.8,4.0
18.1,-15.95,2.0,Nouakchott,2002,2,24.1,32.2,17.0,0.0
18.1,-15.95,2.0,Nouakchott,2002,3,23.7,,,0.0
18.1,-15.95,2.0,Nouakchott,2002,4,23.4,,,0.0
18.1,-15.95,2.0,Nouakchott,2002,5,25.8,34.5,20.5,0.5
18.1,-15.95,2.0,Nouakchott,2002,6,26.9,35.7,22.1,0.0
18.1,-15.95,2.0,Nouakchott,2002,7,26.6,32.6,23.2,0.0
18.1,-15.95,2.0,Nouakchott,2002,8,28.3,33.2,25.3,12.0
18.1,-15.95,2.0,Nouakchott,2002,9,30.0,35.5,26.5,17.0
18.1,-15.95,2.0,Nouakchott,2002,10,29.4,36.4,24.2,0.0
18.1,-15.95,2.0,Nouakchott,2002,11,25.8,33.8,19.5,0.0
18.1,-15.95,2.0,Nouakchott,2002,12,23.4,32.8,,0.0
18.1,-15.95,2.0,Nouakchott,2003,1,21.2,23.5,,0.0
18.1,-15.95,2.0,Nouakchott,2003,2,21.5,29.2,15.9,0.0
18.1,-15.95,2.0,Nouakchott,2003,3,24.4,,,0.0
18.1,-15.95,2.0,Nouakchott,2003,4,25.1,35.2,19.2,0.0
18.1,-15.95,2.0,Nouakchott,2003,5,25.6,33.2,21.5,0.0
18.1,-15.95,2.0,Nouakchott,2003,6,25.3,30.9,21.9,0.5
18.1,-15.95,2.0,Nouakchott,2003,7,27.4,31.3,25.0,30.0
18.1,-15.95,2.0,Nouakchott,2003,8,28.7,,,13.0
18.1,-15.95,2.0,Nouakchott,2003,9,30.0,,,7.0
18.1,-15.95,2.0,Nouakchott,2003,10,28.8,,,28.0
18.1,-15.95,2.0,Nouakchott,2003,11,25.7,33.3,20.0,2.0
18.1,-15.95,2.0,Nouakchott,2003,12,23.7,31.8,17.4,0.0
18.1,-15.95,2.0,Nouakchott,2004,1,21.8,,,0.0
18.1,-15.95,2.0,Nouakchott,2004,2,22.2,30.2,16.0,0.0
18.1,-15.95,2.0,Nouakchott,2004,3,24.6,33.1,17.7,0.0
18.1,-15.95,2.0,Nouakchott,2004,4,23.9,32.9,18.5,0.0
18.1,-15.95,2.0,Nouakchott,2004,5,25.3,,,0.0
18.1,-15.95,2.0,Nouakchott,2004,6,26.3,34.6,,0.0
18.1,-15.95,2.0,Nouakchott,2004,7,27.4,,,3.0
18.1,-15.95,2.0,Nouakchott,2004,8,29.5,32.5,26.1,12.0
18.1,-15.95,2.0,Nouakchott,2004,9,29.9,35.9,26.1,3.0
18.1,-15.95,2.0,Nouakchott,2004,10,28.8,38.8,23.2,0.0
18.1,-15.95,2.0,Nouakchott,2004,11,25.9,,,29.0
18.1,-15.95,2.0,Nouakchott,2004,12,22.6,29.2,16.5,0.0
18.1,-15.95,2.0,Nouakchott,2005,1,22.1,28.5,16.0,0.0
18.1,-15.95,2.0,Nouakchott,2005,2,19.6,26.1,13.9,26.0
18.1,-15.95,2.0,Nouakchott,2005,3,26.1,34.6,17.5,0.0
18.1,-15.95,2.0,Nouakchott,2005,4,24.5,34.7,19.5,0.0
18.1,-15.95,2.0,Nouakchott,2005,5,28.1,37.8,22.9,0.0
18.1,-15.95,2.0,Nouakchott,2005,6,26.8,33.2,22.9,17.0
18.1,-15.95,2.0,Nouakchott,2005,7,27.5,33.4,25.5,0.0
18.1,-15.95,2.0,Nouakchott,2005,8,28.9,33.3,25.7,85.0
18.1,-15.95,2.0,Nouakchott,2005,9,30.1,35.0,26.6,57.0
18.1,-15.95,2.0,Nouakchott,2005,10,30.4,,,0.0
18.1,-15.95,2.0,Nouakchott,2005,11,26.0,34.3,20.2,0.0
18.1,-15.95,2.0,Nouakchott,2005,12,25.1,32.7,18.7,0.0
18.1,-15.95,2.0,Nouakchott,2006,1,20.1,28.0,13.5,1.0
18.1,-15.95,2.0,Nouakchott,2006,2,22.7,30.7,15.4,1.0
18.1,-15.95,2.0,Nouakchott,2006,3,25.7,,,0.0
18.1,-15.95,2.0,Nouakchott,2006,4,24.7,34.9,19.3,0.0
18.1,-15.95,2.0,Nouakchott,2006,5,24.6,33.3,19.5,0.0
18.1,-15.95,2.0,Nouakchott,2006,6,27.9,36.7,23.3,0.0
18.1,-15.95,2.0,Nouakchott,2006,7,27.9,32.6,24.8,21.0
18.1,-15.95,2.0,Nouakchott,2006,8,29.0,33.6,25.6,21.0
18.1,-15.95,2.0,Nouakchott,2006,9,30.0,,,23.0
18.1,-15.95,2.0,Nouakchott,2006,10,29.0,36.5,24.1,0.0
18.1,-15.95,2.0,Nouakchott,2006,11,28.0,37.7,21.0,0.0
18.1,-15.95,2.0,Nouakchott,2006,12,22.8,30.4,15.3,0.0
18.1,-15.95,2.0,Nouakchott,2007,1,22.7,30.3,15.9,0.0
18.1,-15.95,2.0,Nouakchott,2007,2,25.2,33.8,17.3,0.0
18.1,-15.95,2.0,Nouakchott,2007,3,25.1,33.7,17.7,0.0
18.1,-15.95,2.0,Nouakchott,2007,4,24.2,34.2,17.9,0.0
18.1,-15.95,2.0,Nouakchott,2007,5,26.9,,,0.0
18.1,-15.95,2.0,Nouakchott,2007,6,26.0,34.7,21.3,0.0
18.1,-15.95,2.0,Nouakchott,2007,7,25.6,29.5,23.0,2.0
18.1,-15.95,2.0,Nouakchott,2007,8,27.9,32.6,24.9,7.0
18.1,-15.95,2.0,Nouakchott,2007,9,29.9,35.7,25.7,7.0
18.1,-15.95,2.0,Nouakchott,2007,10,28.1,35.1,23.0,0.0
18.1,-15.95,2.0,Nouakchott,2007,11,25.8,34.5,18.6,0.0
18.1,-15.95,2.0,Nouakchott,2007,12,22.4,29.8,14.9,0.0
18.1,-15.95,2.0,Nouakchott,2008,1,22.7,27.7,15.2,0.0
18.1,-15.95,2.0,Nouakchott,2008,2,24.6,32.8,18.3,0.0
18.1,-15.95,2.0,Nouakchott,2008,3,25.4,35.4,19.4,0.5
18.1,-15.95,2.0,Nouakchott,2008,4,25.9,36.2,20.5,0.0
18.1,-15.95,2.0,Nouakchott,2008,6,27.4,35.5,22.9,0.0
18.1,-15.95,2.0,Nouakchott,2008,7,28.6,32.9,25.5,0.5
18.1,-15.95,2.0,Nouakchott,2008,8,28.7,32.3,25.5,27.0
18.1,-15.95,2.0,Nouakchott,2008,9,30.3,35.9,26.3,17.0
18.1,-15.95,2.0,Nouakchott,2008,10,28.7,35.7,23.6,0.0
18.1,-15.95,2.0,Nouakchott,2008,11,25.7,33.9,19.2,0.0
18.1,-15.95,2.0,Nouakchott,2008,12,22.0,29.2,15.1,0.0
18.1,-15.95,2.0,Nouakchott,2009,1,20.3,27.3,13.2,0.0
18.1,-15.95,2.0,Nouakchott,2009,2,20.0,28.0,14.1,0.0
18.1,-15.95,2.0,Nouakchott,2009,3,21.2,27.6,,0.5
18.1,-15.95,2.0,Nouakchott,2009,4,24.3,34.2,,0.5
18.1,-15.95,2.0,Nouakchott,2009,5,25.9,36.2,20.5,0.5
18.1,-15.95,2.0,Nouakchott,2009,6,27.3,35.2,22.4,11.0
18.1,-15.95,2.0,Nouakchott,2009,7,28.0,31.6,25.0,29.0
18.1,-15.95,2.0,Nouakchott,2009,8,29.2,32.7,26.2,51.0
18.1,-15.95,2.0,Nouakchott,2009,9,30.6,36.0,26.0,98.0
18.1,-15.95,2.0,Nouakchott,2009,10,29.7,36.9,,0.0
18.1,-15.95,2.0,Nouakchott,2009,11,26.8,31.5,19.8,0.0
18.1,-15.95,2.0,Nouakchott,2009,12,24.3,31.9,18.0,0.0
18.1,-15.95,2.0,Nouakchott,2010,1,24.3,33.2,15.9,0.0
18.1,-15.95,2.0,Nouakchott,2010,2,25.1,33.5,19.9,0.0
18.1,-15.95,2.0,Nouakchott,2010,3,26.7,36.9,20.0,0.0
18.1,-15.95,2.0,Nouakchott,2010,4,23.8,32.4,19.0,0.5
18.1,-15.95,2.0,Nouakchott,2010,5,25.8,33.9,22.1,0.5
18.1,-15.95,2.0,Nouakchott,2010,6,26.8,33.1,22.8,2.0
18.1,-15.95,2.0,Nouakchott,2010,7,28.4,33.5,25.0,1.0
18.1,-15.95,2.0,Nouakchott,2010,8,28.8,32.8,25.6,75.0
18.1,-15.95,2.0,Nouakchott,2010,9,30.3,34.7,26.3,74.0
18.1,-15.95,2.0,Nouakchott,2010,10,28.8,35.8,23.9,39.0
18.1,-15.95,2.0,Nouakchott,2010,11,27.0,31.2,20.1,0.5
18.1,-15.95,2.0,Nouakchott,2010,12,24.1,,,0.0
18.1,-15.95,2.0,Nouakchott,2011,1,22.0,29.8,15.1,7.0
18.1,-15.95,2.0,Nouakchott,2011,2,23.1,31.0,15.6,0.5
18.1,-15.95,2.0,Nouakchott,2011,3,22.9,32.1,18.4,0.0
18.1,-15.95,2.0,Nouakchott,2011,4,24.6,33.8,19.0,0.0
18.1,-15.95,2.0,Nouakchott,2011,5,24.7,33.3,20.8,0.0
18.1,-15.95,2.0,Nouakchott,2011,6,25.5,32.5,21.7,0.0
18.1,-15.95,2.0,Nouakchott,2011,7,27.0,32.3,23.6,23.0
18.1,-15.95,2.0,Nouakchott,2011,8,28.9,33.2,26.0,56.0
18.1,-15.95,2.0,Nouakchott,2011,9,29.9,36.0,25.8,11.0
18.1,-15.95,2.0,Nouakchott,2011,10,30.4,38.5,24.7,0.5
18.1,-15.95,2.0,Nouakchott,2011,11,25.7,35.1,18.6,0.0
18.1,-15.95,2.0,Nouakchott,2011,12,23.6,30.8,16.6,0.0
18.1,-15.95,2.0,Nouakchott,2012,1,22.9,30.4,15.8,0.0
18.1,-15.95,2.0,Nouakchott,2012,2,21.8,26.9,16.9,0.0
18.1,-15.95,2.0,Nouakchott,2012,3,25.1,32.6,19.0,0.5
18.1,-15.95,2.0,Nouakchott,2012,4,23.8,31.7,18.7,0.0
18.1,-15.95,2.0,Nouakchott,2012,5,26.4,32.0,20.8,0.0
18.1,-15.95,2.0,Nouakchott,2012,6,28.0,36.9,23.0,0.0
18.1,-15.95,2.0,Nouakchott,2012,7,27.1,30.4,25.1,1.0
18.1,-15.95,2.0,Nouakchott,2012,8,29.4,33.0,27.1,20.0
18.1,-15.95,2.0,Nouakchott,2012,9,30.2,35.1,23.1,56.0
18.1,-15.95,2.0,Nouakchott,2012,10,29.8,37.0,25.8,0.0
18.1,-15.95,2.0,Nouakchott,2012,11,25.2,33.1,20.8,0.0
18.1,-15.95,2.0,Nouakchott,2012,12,21.6,30.1,13.6,0.0
18.1,-15.95,2.0,Nouakchott,2013,1,22.2,30.5,14.2,0.0
18.1,-15.95,2.0,Nouakchott,2013,2,24.3,32.9,18.8,0.5
18.1,-15.95,2.0,Nouakchott,2013,3,24.6,34.5,18.3,0.0
18.1,-15.95,2.0,Nouakchott,2013,4,23.8,33.5,18.9,0.0
18.1,-15.95,2.0,Nouakchott,2013,5,28.5,38.8,21.4,0.0
18.1,-15.95,2.0,Nouakchott,2013,6,26.6,34.7,22.4,0.0
18.1,-15.95,2.0,Nouakchott,2013,7,28.0,33.1,24.7,2.0
18.1,-15.95,2.0,Nouakchott,2013,8,29.4,33.5,26.3,53.0
18.1,-15.95,2.0,Nouakchott,2013,9,29.9,33.8,27.2,105.0
18.1,-15.95,2.0,Nouakchott,2013,10,30.5,36.6,23.9,0.0
18.1,-15.95,2.0,Nouakchott,2013,11,25.9,33.3,19.8,22.0
18.1,-15.95,2.0,Nouakchott,2013,12,23.6,30.7,17.6,0.0
18.1,-15.95,2.0,Nouakchott,2014,1,22.1,29.6,15.4,0.0
18.1,-15.95,2.0,Nouakchott,2014,2,23.3,31.8,15.1,0.0
18.1,-15.95,2.0,Nouakchott,2014,3,23.7,33.3,16.9,0.0
18.1,-15.95,2.0,Nouakchott,2014,4,25.7,35.2,19.9,0.0
18.1,-15.95,2.0,Nouakchott,2014,5,24.0,31.6,19.6,0.0
18.1,-15.95,2.0,Nouakchott,2014,6,28.2,36.3,23.0,0.0
18.1,-15.95,2.0,Nouakchott,2014,7,27.5,33.5,24.1,20.0
18.1,-15.95,2.0,Nouakchott,2014,8,28.4,33.1,26.3,62.0
18.1,-15.95,2.0,Nouakchott,2014,9,30.3,35.3,26.0,14.0
18.1,-15.95,2.0,Nouakchott,2014,10,29.1,37.3,23.9,0.5
18.1,-15.95,2.0,Nouakchott,2014,11,24.9,32.2,19.3,0.0
18.1,-15.95,2.0,Nouakchott,2014,12,23.4,30.5,16.1,0.0
18.1,-15.95,2.0,Nouakchott,2015,1,22.1,29.0,18.2,0.0
18.1,-15.95,2.0,Nouakchott,2015,2,22.4,30.1,16.1,0.5
18.1,-15.95,2.0,Nouakchott,2015,3,24.0,32.6,17.0,0.0
18.1,-15.95,2.0,Nouakchott,2015,4,25.2,35.5,19.6,0.0
18.1,-15.95,2.0,Nouakchott,2015,5,26.6,35.2,21.8,0.0
18.1,-15.95,2.0,Nouakchott,2015,6,28.0,36.0,23.8,0.0
18.1,-15.95,2.0,Nouakchott,2015,7,27.5,31.6,24.9,0.5
18.1,-15.95,2.0,Nouakchott,2015,8,29.6,34.0,26.7,98.0
18.1,-15.95,2.0,Nouakchott,2015,9,30.0,35.8,26.6,16.0
18.1,-15.95,2.0,Nouakchott,2015,10,31.2,36.5,25.9,2.0
18.1,-15.95,2.0,Nouakchott,2015,11,28.1,35.4,22.3,0.0
18.1,-15.95,2.0,Nouakchott,2015,12,24.6,32.6,17.6,0.0
18.1,-15.95,2.0,Nouakchott,2016,1,25.7,34.1,18.2,0.0
18.1,-15.95,2.0,Nouakchott,2016,2,25.5,33.3,19.1,0.0
18.1,-15.95,2.0,Nouakchott,2016,3,23.8,31.9,18.1,0.0
18.1,-15.95,2.0,Nouakchott,2016,4,25.0,33.6,20.7,0.0
18.1,-15.95,2.0,Nouakchott,2016,5,24.1,32.2,20.1,0.0
18.1,-15.95,2.0,Nouakchott,2016,6,26.2,34.1,22.2,
18.1,-15.95,2.0,Nouakchott,2016,7,26.7,30.5,24.2,23.0
18.1,-15.95,2.0,Nouakchott,2016,8,28.2,33.4,24.6,29.0
18.1,-15.95,2.0,Nouakchott,2016,9,29.7,35.0,26.1,32.0
18.1,-15.95,2.0,Nouakchott,2016,10,28.0,36.8,23.0,0.0
18.1,-15.95,2.0,Nouakchott,2016,11,25.8,33.6,20.6,0.0
18.1,-15.95,2.0,Nouakchott,2016,12,23.6,31.3,17.0,1.0
18.1,-15.95,2.0,Nouakchott,2017,1,21.1,29.9,12.8,0.0
18.1,-15.95,2.0,Nouakchott,2017,2,21.7,31.1,14.5,0.0
18.1,-15.95,2.0,Nouakchott,2017,3,25.4,35.1,18.9,0.5
18.1,-15.95,2.0,Nouakchott,2017,4,26.3,35.5,20.3,0.0
18.1,-15.95,2.0,Nouakchott,2017,5,27.0,36.6,22.2,0.0
18.1,-15.95,2.0,Nouakchott,2017,6,26.4,33.7,22.1,12.0
18.1,-15.95,2.0,Nouakchott,2017,8,28.3,32.3,25.1,24.0
18.1,-15.95,2.0,Nouakchott,2017,9,28.9,35.1,25.1,7.0
18.1,-15.95,2.0,Nouakchott,2017,10,30.2,39.9,23.1,0.0
18.1,-15.95,2.0,Nouakchott,2017,11,25.9,35.3,19.3,0.0
18.1,-15.95,2.0,Nouakchott,2017,12,20.7,28.6,13.7,0.0
18.1,-15.95,2.0,Nouakchott,2018,2,19.9,26.6,14.0,0.5
18.1,-15.95,2.0,Nouakchott,2018,4,23.5,32.9,17.3,0.0
18.1,-15.95,2.0,Nouakchott,2018,6,26.8,35.2,21.9,0.5
18.1,-15.95,2.0,Nouakchott,2018,8,26.8,30.7,23.9,3.0
18.1,-15.95,2.0,Nouakchott,2018,9,29.5,35.0,25.3,100.0
18.1,-15.95,2.0,Nouakchott,2018,10,28.6,36.3,23.9,
18.1,-15.95,2.0,Nouakchott,2018,11,24.2,32.5,18.0,
18.1,-15.95,2.0,Nouakchott,2018,12,22.6,32.4,12.5,0.5
18.1,-15.95,2.0,Nouakchott,2019,1,20.5,30.2,11.6,0.0
18.1,-15.95,2.0,Nouakchott,2019,2,22.6,31.2,17.5,0.0
18.1,-15.95,2.0,Nouakchott,2019,3,22.6,31.1,14.8,6.0
18.1,-15.95,2.0,Nouakchott,2019,4,23.8,30.9,19.2,
18.1,-15.95,2.0,Nouakchott,2019,5,24.6,31.2,18.0,0.0
18.1,-15.95,2.0,Nouakchott,2019,6,27.7,34.8,23.6,
18.1,-15.95,2.0,Nouakchott,2019,7,26.3,31.5,23.3,
18.1,-15.95,2.0,Nouakchott,2019,8,27.7,32.2,24.5,14.0
18.1,-15.95,2.0,Nouakchott,2019,9,29.7,35.0,25.9,13.0
18.1,-15.95,2.0,Nouakchott,2019,10,29.8,37.8,24.0,16.0
18.1,-15.95,2.0,Nouakchott,2019,11,24.7,33.5,18.1,0.5
18.1,-15.95,2.0,Nouakchott,2019,12,22.6,31.9,14.9,0.0
18.1,-15.95,2.0,Nouakchott,2020,1,21.4,30.6,13.5,0.0
18.1,-15.95,2.0,Nouakchott,2020,2,25.7,35.0,16.8,0.5
18.1,-15.95,2.0,Nouakchott,2020,3,24.3,35.0,16.6,0.0
18.1,-15.95,2.0,Nouakchott,2020,4,25.4,33.7,20.1,0.0
18.1,-15.95,2.0,Nouakchott,2020,5,25.6,36.1,20.5,0.0
18.1,-15.95,2.0,Nouakchott,2020,6,28.3,35.1,23.8,0.0
18.1,-15.95,2.0,Nouakchott,2020,7,27.5,31.4,24.8,0.0
18.1,-15.95,2.0,Nouakchott,2020,8,29.0,32.9,26.2,11.0
18.1,-15.95,2.0,Nouakchott,2020,9,29.8,34.7,26.3,27.0
18.1,-15.95,2.0,Nouakchott,2020,10,30.5,39.6,23.9,0.0
18.1,-15.95,2.0,Nouakchott,2020,11,26.5,35.2,18.9,0.0
18.1,-15.95,2.0,Nouakchott,2020,12,21.5,30.0,14.3,0.0
18.1,-15.95,2.0,Nouakchott,2021,1,22.3,30.7,14.5,0.5
18.1,-15.95,2.0,Nouakchott,2021,2,23.1,31.1,16.2,
18.1,-15.95,2.0,Nouakchott,2021,3,23.8,32.1,17.5,
18.1,-15.95,2.0,Nouakchott,2021,4,25.3,34.5,20.2,
18.1,-15.95,2.0,Nouakchott,2021,5,24.7,34.1,20.1,0.0
18.1,-15.95,2.0,Nouakchott,2021,6,27.1,34.7,22.7,4.0
18.1,-15.95,2.0,Nouakchott,2021,7,25.8,29.5,23.1,0.0
18.1,-15.95,2.0,Nouakchott,2021,8,29.1,34.2,25.5,30.0
18.1,-15.95,2.0,Nouakchott,2021,9,29.6,34.4,26.3,
18.1,-15.95,2.0,Nouakchott,2021,10,29.0,37.1,23.1,99.0
18.1,-15.95,2.0,Nouakchott,2021,11,26.4,33.7,21.2,
18.1,-15.95,2.0,Nouakchott,2021,12,24.3,31.4,18.9,
18.1,-15.95,2.0,Nouakchott,2022,1,23.8,30.7,18.6,
18.1,-15.95,2.0,Nouakchott,2022,2,23.5,31.9,16.6,0.0
18.1,-15.95,2.0,Nouakchott,2022,3,22.9,32.3,16.0,0.0
18.1,-15.95,2.0,Nouakchott,2022,4,23.5,32.5,18.2,0.0
18.1,-15.95,2.0,Nouakchott,2022,5,25.8,32.2,22.0,
18.1,-15.95,2.0,Nouakchott,2022,6,27.0,31.8,23.6,7.6
18.1,-15.95,2.0,Nouakchott,2022,7,26.7,30.7,24.3,7.0
18.1,-15.95,2.0,Nouakchott,2022,8,28.6,32.2,25.6,81.0
18.1,-15.95,2.0,Nouakchott,2022,9,30.3,36.6,26.2,115.0
18.1,-15.95,2.0,Nouakchott,2022,10,29.2,37.5,23.3,2.0
18.1,-15.95,2.0,Nouakchott,2022,11,26.2,35.7,17.4,0.0
18.1,-15.95,2.0,Nouakchott,2022,12,23.7,31.4,18.0,0.1
18.1,-15.95,2.0,Nouakchott,2023,1,22.5,29.9,16.6,0.1
18.1,-15.95,2.0,Nouakchott,2023,2,22.2,29.3,17.1,1.1
18.1,-15.95,2.0,Nouakchott,2023,3,25.6,34.6,19.1,0.0
18.1,-15.95,2.0,Nouakchott,2023,4,25.1,32.6,20.5,6.9
18.1,-15.95,2.0,Nouakchott,2023,5,26.4,35.2,21.4,0.0
18.1,-15.95,2.0,Nouakchott,2023,6,27.2,33.9,23.5,0.0
18.1,-15.95,2.0,Nouakchott,2023,7,28.4,31.9,26.0,0.5
18.1,-15.95,2.0,Nouakchott,2023,8,28.7,32.9,25.7,93.0
18.1,-15.95,2.0,Nouakchott,2023,9,30.5,36.8,26.7,14.0
18.1,-15.95,2.0,Nouakchott,2023,10,29.4,36.4,24.4,0.5
18.1,-15.95,2.0,Nouakchott,2023,11,26.6,36.2,18.5,0.0
18.1,-15.95,2.0,Nouakchott,2023,12,22.5,31.4,15.0,1.0
18.1,-15.95,2.0,Nouakchott,2024,1,23.0,32.6,14.9,0.0
18.1,-15.95,2.0,Nouakchott,2024,2,24.6,34.7,16.3,0.0
18.1,-15.95,2.0,Nouakchott,2024,3,23.7,34.0,16.9,0.0
18.1,-15.95,2.0,Nouakchott,2024,4,26.2,35.3,20.2,0.5
18.1,-15.95,2.0,Nouakchott,2024,5,25.8,35.3,20.7,0.0
18.1,-15.95,2.0,Nouakchott,2024,6,27.0,36.2,22.2,13.0
18.1,-15.95,2.0,Nouakchott,2024,7,27.3,30.9,24.9,66.0
18.1,-15.95,2.0,Nouakchott,2024,8,28.4,32.4,26.2,15.0
18.1,-15.95,2.0,Nouakchott,2024,9,28.0,34.4,24.3,5.0
18.1,-15.95,2.0,Nouakchott,2024,10,29.9,37.9,24.2,19.0
18.1,-15.95,2.0,Nouakchott,2024,11,26.3,36.4,18.6,0.0
18.1,-15.95,2.0,Nouakchott,2024,12,23.2,30.7,17.4,0.0
18.1,-15.95,2.0,Nouakchott,2025,1,20.7,30.1,12.0,0.0
18.1,-15.95,2.0,Nouakchott,2025,2,21.8,30.9,13.7,0.0
18.1,-15.95,2.0,Nouakchott,2025,3,22.2,31.2,18.0,0.5
18.1,-15.95,2.0,Nouakchott,2025,4,25.3,34.7,20.4,1.0
18.1,-15.95,2.0,Nouakchott,2025,5,26.8,36.1,21.9,0.5
18.1,-15.95,2.0,Nouakchott,2025,6,26.5,33.6,22.6,0.0
18.1,-15.95,2.0,Nouakchott,2025,7,26.9,30.1,24.7,4.3
18.1,-15.95,2.0,Nouakchott,2025,8,28.2,30.8,26.2,
18.5667,-11.4333,396.0,Tidjikja,1994,1,,,,0.0
18.5667,-11.4333,396.0,Tidjikja,1994,2,21.7,,,0.0
18.5667,-11.4333,396.0,Tidjikja,1994,3,25.0,,,0.5
18.5667,-11.4333,396.0,Tidjikja,1994,4,29.8,,,0.0
18.5667,-11.4333,396.0,Tidjikja,1994,5,32.9,40.1,,0.0
18.5667,-11.4333,396.0,Tidjikja,1994,6,36.1,41.3,,0.5
18.5667,-11.4333,396.0,Tidjikja,1994,7,32.2,,,4.0
18.5667,-11.4333,396.0,Tidjikja,1994,8,32.2,,,29.0
18.5667,-11.4333,396.0,Tidjikja,1994,9,30.9,,,23.0
18.5667,-11.4333,396.0,Tidjikja,1994,10,29.7,34.8,,3.0
18.5667,-11.4333,396.0,Tidjikja,1994,11,27.1,,,0.0
18.5667,-11.4333,396.0,Tidjikja,1994,12,21.6,,,0.0
18.5667,-11.4333,396.0,Tidjikja,1995,1,18.3,,,0.0
18.5667,-11.4333,396.0,Tidjikja,1995,2,22.9,29.3,,0.0
18.5667,-11.4333,396.0,Tidjikja,1995,3,25.6,,,1.0
18.5667,-11.4333,396.0,Tidjikja,1995,4,28.5,,,0.0
18.5667,-11.4333,396.0,Tidjikja,1995,5,33.9,,,0.0
18.5667,-11.4333,396.0,Tidjikja,1995,6,35.5,,,2.0
18.5667,-11.4333,396.0,Tidjikja,1996,3,25.4,,,6.0
18.5667,-11.4333,396.0,Tidjikja,1996,4,30.0,,,0.0
18.5667,-11.4333,396.0,Tidjikja,1996,5,33.2,,,1.0
18.5667,-11.4333,396.0,Tidjikja,1996,8,32.8,,,7.0
18.5667,-11.4333,396.0,Tidjikja,1996,9,32.9,,,0.0
18.5667,-11.4333,396.0,Tidjikja,1997,1,22.0,,,0.0
18.5667,-11.4333,396.0,Tidjikja,1997,2,24.1,,,0.0
18.5667,-11.4333,396.0,Tidjikja,1997,4,26.8,,,0.0
18.5667,-11.4333,396.0,Tidjikja,1997,5,32.7,,,0.0
18.5667,-11.4333,396.0,Tidjikja,1997,6,35.2,,,2.0
18.5667,-11.4333,396.0,Tidjikja,1997,7,34.4,,,0.5
18.5667,-11.4333,396.0,Tidjikja,1997,8,31.9,,,67.0
18.5667,-11.4333,396.0,Tidjikja,1997,9,33.1,,,24.0
18.5667,-11.4333,396.0,Tidjikja,1997,10,,,,34.0
18.5667,-11.4333,396.0,Tidjikja,1997,11,26.9,,,
18.5667,-11.4333,396.0,Tidjikja,1998,1,,,,0.0
18.5667,-11.4333,396.0,Tidjikja,1998,4,31.4,,,0.0
18.5667,-11.4333,396.0,Tidjikja,1998,5,32.8,,,1.0
18.5667,-11.4333,396.0,Tidjikja,1998,6,35.4,,,5.0
18.5667,-11.4333,396.0,Tidjikja,1998,7,33.4,,,0.0
18.5667,-11.4333,396.0,Tidjikja,1998,8,32.6,,,17.0
18.5667,-11.4333,396.0,Tidjikja,1998,9,31.8,,,28.0
18.5667,-11.4333,396.0,Tidjikja,1998,10,30.9,,,0.5
18.5667,-11.4333,396.0,Tidjikja,1998,11,25.6,,,0.0
18.5667,-11.4333,396.0,Tidjikja,1998,12,20.8,,,2.0
18.5667,-11.4333,396.0,Tidjikja,1999,1,19.0,,,0.5
18.5667,-11.4333,396.0,Tidjikja,1999,2,20.0,,,0.0
18.5667,-11.4333,396.0,Tidjikja,1999,3,25.8,33.6,18.6,0.0
18.5667,-11.4333,396.0,Tidjikja,1999,4,30.9,37.1,23.7,16.0
18.5667,-11.4333,396.0,Tidjikja,1999,5,34.3,41.8,26.5,0.0
18.5667,-11.4333,396.0,Tidjikja,1999,6,,,,0.0
18.5667,-11.4333,396.0,Tidjikja,1999,10,30.8,37.2,25.1,3.0
18.5667,-11.4333,396.0,Tidjikja,1999,11,26.0,33.3,19.2,0.0
18.5667,-11.4333,396.0,Tidjikja,1999,12,21.3,,,0.5
18.5667,-11.4333,396.0,Tidjikja,2000,1,20.6,27.7,14.1,0.0
18.5667,-11.4333,396.0,Tidjikja,2000,2,23.5,30.4,,0.5
18.5667,-11.4333,396.0,Tidjikja,2000,3,27.9,35.9,19.9,0.0
18.5667,-11.4333,396.0,Tidjikja,2000,4,32.1,40.5,24.9,0.0
18.5667,-11.4333,396.0,Tidjikja,2000,5,34.3,41.1,27.4,0.0
18.5667,-11.4333,396.0,Tidjikja,2000,6,35.5,,,1.0
18.5667,-11.4333,396.0,Tidjikja,2000,7,,,,17.0
18.5667,-11.4333,396.0,Tidjikja,2000,8,,,,37.0
18.5667,-11.4333,396.0,Tidjikja,2000,9,32.9,39.7,27.1,10.0
18.5667,-11.4333,396.0,Tidjikja,2000,10,28.9,35.8,22.6,22.0
18.5667,-11.4333,396.0,Tidjikja,2000,11,25.6,32.3,19.2,0.0
18.5667,-11.4333,396.0,Tidjikja,2000,12,22.1,30.0,14.5,0.0
18.5667,-11.4333,396.0,Tidjikja,2001,1,21.6,30.2,13.3,0.0
18.5667,-11.4333,396.0,Tidjikja,2001,2,,,,0.0
18.5667,-11.4333,396.0,Tidjikja,2001,3,28.6,36.6,19.4,0.0
18.5667,-11.4333,396.0,Tidjikja,2001,4,30.4,38.4,22.4,0.0
18.5667,-11.4333,396.0,Tidjikja,2001,5,33.7,41.0,26.2,0.0
18.5667,-11.4333,396.0,Tidjikja,2001,7,33.4,39.8,27.3,0.0
18.5667,-11.4333,396.0,Tidjikja,2001,8,,,,47.0
18.5667,-11.4333,396.0,Tidjikja,2001,9,33.8,39.8,27.3,2.0
18.5667,-11.4333,396.0,Tidjikja,2001,11,26.6,33.1,19.3,0.5
18.5667,-11.4333,396.0,Tidjikja,2001,12,24.6,31.5,18.0,0.0
18.5667,-11.4333,396.0,Tidjikja,2002,1,21.1,27.8,14.5,16.0
18.5667,-11.4333,396.0,Tidjikja,2002,2,23.2,30.4,16.2,0.0
18.5667,-11.4333,396.0,Tidjikja,2002,3,26.0,33.7,18.5,0.5
18.5667,-11.4333,396.0,Tidjikja,2002,5,32.6,39.9,26.7,0.5
18.5667,-11.4333,396.0,Tidjikja,2002,6,35.1,41.8,28.4,0.0
18.5667,-11.4333,396.0,Tidjikja,2002,8,33.4,39.4,27.7,38.0
18.5667,-11.4333,396.0,Tidjikja,2002,9,34.0,40.3,28.2,12.0
18.5667,-11.4333,396.0,Tidjikja,2002,10,30.7,37.5,23.9,4.0
18.5667,-11.4333,396.0,Tidjikja,2002,11,25.3,33.1,18.3,0.0
18.5667,-11.4333,396.0,Tidjikja,2002,12,23.2,29.3,16.1,0.0
18.5667,-11.4333,396.0,Tidjikja,2003,1,19.5,26.6,12.6,0.5
18.5667,-11.4333,396.0,Tidjikja,2003,2,23.6,31.4,16.3,0.5
18.5667,-11.4333,396.0,Tidjikja,2003,3,,,,0.0
18.5667,-11.4333,396.0,Tidjikja,2003,5,34.2,38.1,27.0,5.0
18.5667,-11.4333,396.0,Tidjikja,2003,6,35.6,42.1,29.1,4.0
18.5667,-11.4333,396.0,Tidjikja,2003,8,,,,48.0
18.5667,-11.4333,396.0,Tidjikja,2003,10,31.9,37.8,25.3,33.0
18.5667,-11.4333,396.0,Tidjikja,2003,11,27.0,34.3,20.3,0.0
18.5667,-11.4333,396.0,Tidjikja,2003,12,21.7,29.3,15.0,0.0
18.5667,-11.4333,396.0,Tidjikja,2004,2,24.6,32.7,17.4,0.0
18.5667,-11.4333,396.0,Tidjikja,2004,3,26.8,34.5,19.0,0.0
18.5667,-11.4333,396.0,Tidjikja,2004,4,,,,0.0
18.5667,-11.4333,396.0,Tidjikja,2004,5,,,,0.0
18.5667,-11.4333,396.0,Tidjikja,2004,6,,,,0.0
18.5667,-11.4333,396.0,Tidjikja,2004,9,33.4,40.6,27.3,15.0
18.5667,-11.4333,396.0,Tidjikja,2004,12,22.0,,,0.0
18.5667,-11.4333,396.0,Tidjikja,2005,1,20.6,31.2,14.4,0.0
18.5667,-11.4333,396.0,Tidjikja,2005,2,21.7,27.4,15.2,24.0
18.5667,-11.4333,396.0,Tidjikja,2005,3,27.3,35.3,19.5,4.0
18.5667,-11.4333,396.0,Tidjikja,2005,4,31.6,39.5,23.4,0.0
18.5667,-11.4333,396.0,Tidjikja,2005,5,34.9,41.8,27.1,0.0
18.5667,-11.4333,396.0,Tidjikja,2005,6,34.6,41.5,28.4,30.0
18.5667,-11.4333,396.0,Tidjikja,2005,8,32.1,38.8,26.6,26.0
18.5667,-11.4333,396.0,Tidjikja,2005,9,31.8,38.1,26.2,135.0
18.5667,-11.4333,396.0,Tidjikja,2005,11,,,,0.0
18.5667,-11.4333,396.0,Tidjikja,2005,12,24.0,31.4,17.6,0.0
18.5667,-11.4333,396.0,Tidjikja,2006,1,18.6,25.8,12.3,0.0
18.5667,-11.4333,396.0,Tidjikja,2006,3,27.4,35.7,19.3,0.0
18.5667,-11.4333,396.0,Tidjikja,2006,5,32.4,39.7,25.8,21.0
18.5667,-11.4333,396.0,Tidjikja,2006,9,32.4,38.6,27.3,13.0
18.5667,-11.4333,396.0,Tidjikja,2006,10,32.0,38.8,25.5,1.0
18.5667,-11.4333,396.0,Tidjikja,2006,11,26.8,34.2,19.4,0.0
18.5667,-11.4333,396.0,Tidjikja,2007,1,22.0,29.4,15.6,0.0
18.5667,-11.4333,396.0,Tidjikja,2007,2,24.1,31.4,17.2,0.0
18.5667,-11.4333,396.0,Tidjikja,2007,3,26.0,33.5,18.8,0.0
18.5667,-11.4333,396.0,Tidjikja,2007,4,29.7,33.7,22.6,0.0
18.5667,-11.4333,396.0,Tidjikja,2007,6,35.6,42.6,28.1,0.0
18.5667,-11.4333,396.0,Tidjikja,2007,10,31.6,38.7,24.6,0.0
18.5667,-11.4333,396.0,Tidjikja,2007,11,26.3,33.6,19.1,0.0
18.5667,-11.4333,396.0,Tidjikja,2008,1,20.6,26.8,13.0,0.0
18.5667,-11.4333,396.0,Tidjikja,2008,2,25.5,31.8,18.5,0.0
18.5667,-11.4333,396.0,Tidjikja,2008,6,34.5,,,2.0
18.5667,-11.4333,396.0,Tidjikja,2008,7,,,,31.0
18.5667,-11.4333,396.0,Tidjikja,2008,8,31.5,37.7,26.3,42.0
18.5667,-11.4333,396.0,Tidjikja,2008,9,,39.4,28.5,3.0
18.5667,-11.4333,396.0,Tidjikja,2008,10,30.1,36.3,25.1,0.0
18.5667,-11.4333,396.0,Tidjikja,2008,11,25.7,32.9,18.8,0.0
18.5667,-11.4333,396.0,Tidjikja,2008,12,21.0,29.0,,0.0
18.5667,-11.4333,396.0,Tidjikja,2009,1,18.2,,,0.0
18.5667,-11.4333,396.0,Tidjikja,2009,2,23.1,32.0,14.9,0.0
18.5667,-11.4333,396.0,Tidjikja,2009,3,26.3,34.0,16.3,5.0
18.5667,-11.4333,396.0,Tidjikja,2009,4,30.1,37.0,21.3,0.0
18.5667,-11.4333,396.0,Tidjikja,2009,5,34.5,42.1,26.2,0.5
18.5667,-11.4333,396.0,Tidjikja,2009,6,34.2,40.9,27.4,15.0
18.5667,-11.4333,396.0,Tidjikja,2009,7,33.6,40.4,26.9,10.0
18.5667,-11.4333,396.0,Tidjikja,2009,8,33.2,39.5,,19.0
18.5667,-11.4333,396.0,Tidjikja,2009,9,32.2,,,48.0
18.5667,-11.4333,396.0,Tidjikja,2009,10,,,,0.0
18.5667,-11.4333,396.0,Tidjikja,2009,11,25.8,32.2,19.1,0.0
18.5667,-11.4333,396.0,Tidjikja,2009,12,24.8,32.7,16.3,0.0
18.5667,-11.4333,396.0,Tidjikja,2010,1,23.2,31.5,14.5,0.0
18.5667,-11.4333,396.0,Tidjikja,2010,2,27.6,34.7,18.0,0.0
18.5667,-11.4333,396.0,Tidjikja,2010,3,30.6,37.6,,0.0
18.5667,-11.4333,396.0,Tidjikja,2010,4,,,,7.0
18.5667,-11.4333,396.0,Tidjikja,2010,5,,,,0.0
18.5667,-11.4333,396.0,Tidjikja,2010,6,35.2,42.3,27.3,0.5
18.5667,-11.4333,396.0,Tidjikja,2010,7,33.9,40.8,27.2,12.0
18.5667,-11.4333,396.0,Tidjikja,2010,8,31.1,37.6,24.9,104.0
18.5667,-11.4333,396.0,Tidjikja,2010,9,,,,35.0
18.5667,-11.4333,396.0,Tidjikja,2010,10,,,,7.0
18.5667,-11.4333,396.0,Tidjikja,2010,11,26.1,34.5,17.7,0.0
18.5667,-11.4333,396.0,Tidjikja,2010,12,,,,0.0
18.5667,-11.4333,396.0,Tidjikja,2011,1,22.2,30.3,14.7,0.0
18.5667,-11.4333,396.0,Tidjikja,2011,2,20.9,28.1,12.3,3.0
18.5667,-11.4333,396.0,Tidjikja,2011,3,28.5,36.3,,0.0
18.5667,-11.4333,396.0,Tidjikja,2011,4,,,,0.0
18.5667,-11.4333,396.0,Tidjikja,2011,5,33.9,41.2,25.5,4.0
18.5667,-11.4333,396.0,Tidjikja,2011,6,34.5,42.5,27.2,15.0
18.5667,-11.4333,396.0,Tidjikja,2011,7,35.1,41.7,,14.0
18.5667,-11.4333,396.0,Tidjikja,2011,8,,,,33.0
18.5667,-11.4333,396.0,Tidjikja,2011,9,34.0,41.2,26.7,6.0
18.5667,-11.4333,396.0,Tidjikja,2011,10,31.3,38.5,23.9,4.0
18.5667,-11.4333,396.0,Tidjikja,2011,12,,,,0.0
18.5667,-11.4333,396.0,Tidjikja,2012,1,,,,0.0
18.5667,-11.4333,396.0,Tidjikja,2012,2,,,,0.0
18.5667,-11.4333,396.0,Tidjikja,2012,5,,,,1.0
18.5667,-11.4333,396.0,Tidjikja,2012,6,34.3,,,0.0
18.5667,-11.4333,396.0,Tidjikja,2012,8,,,,93.0
18.5667,-11.4333,396.0,Tidjikja,2012,11,27.7,35.2,20.9,0.0
18.5667,-11.4333,396.0,Tidjikja,2012,12,,,,1.0
18.5667,-11.4333,396.0,Tidjikja,2013,1,,,,0.0
18.5667,-11.4333,396.0,Tidjikja,2013,2,,,,0.0
18.5667,-11.4333,396.0,Tidjikja,2013,7,,,,31.0
18.5667,-11.4333,396.0,Tidjikja,2013,8,,,,79.0
18.5667,-11.4333,396.0,Tidjikja,2014,2,22.3,29.3,,0.0
18.5667,-11.4333,396.0,Tidjikja,2014,3,26.9,33.4,,0.0
18.5667,-11.4333,396.0,Tidjikja,2014,5,,,,2.0
18.5667,-11.4333,396.0,Tidjikja,2017,6,,,,32.0
18.5667,-11.4333,396.0,Tidjikja,2021,1,21.2,27.7,15.2,
18.5667,-11.4333,396.0,Tidjikja,2021,2,22.6,29.3,15.8,0.0
18.5667,-11.4333,396.0,Tidjikja,2021,3,25.3,31.8,18.3,0.0
18.5667,-11.4333,396.0,Tidjikja,2021,4,30.8,37.2,23.5,0.0
18.5667,-11.4333,396.0,Tidjikja,2021,5,33.2,39.2,26.3,0.0
18.5667,-11.4333,396.0,Tidjikja,2021,6,34.4,40.4,27.7,0.0
18.5667,-11.4333,396.0,Tidjikja,2021,7,32.8,38.4,26.4,0.0
18.5667,-11.4333,396.0,Tidjikja,2021,8,32.8,38.2,26.9,2.0
18.5667,-11.4333,396.0,Tidjikja,2021,9,33.0,38.7,26.6,0.9
18.5667,-11.4333,396.0,Tidjikja,2021,10,30.4,36.5,23.9,0.0
18.5667,-11.4333,396.0,Tidjikja,2021,11,26.5,32.4,20.6,1.0
18.5667,-11.4333,396.0,Tidjikja,2023,3,27.2,34.3,20.1,2.7
18.5667,-11.4333,396.0,Tidjikja,2023,4,28.5,35.1,21.8,4.9
18.5667,-11.4333,396.0,Tidjikja,2023,5,32.3,38.4,26.1,0.0
18.5667,-11.4333,396.0,Tidjikja,2023,6,34.1,40.5,27.8,0.0
18.5667,-11.4333,396.0,Tidjikja,2023,7,33.2,39.0,27.2,0.2
18.5667,-11.4333,396.0,Tidjikja,2023,8,32.0,37.6,26.1,6.9
18.5667,-11.4333,396.0,Tidjikja,2023,9,33.1,38.8,26.8,1.4
18.5667,-11.4333,396.0,Tidjikja,2023,10,31.4,37.5,24.3,0.0
18.5667,-11.4333,396.0,Tidjikja,2023,11,25.2,32.0,18.4,0.0
18.5667,-11.4333,396.0,Tidjikja,2023,12,21.3,28.0,15.2,0.0
18.5667,-11.4333,396.0,Tidjikja,2024,1,22.1,29.2,15.8,0.0
18.5667,-11.4333,396.0,Tidjikja,2024,2,23.9,30.7,17.0,0.0
18.5667,-11.4333,396.0,Tidjikja,2024,3,26.1,33.0,18.8,0.2
18.5667,-11.4333,396.0,Tidjikja,2024,4,30.7,37.2,23.6,0.0
18.5667,-11.4333,396.0,Tidjikja,2024,5,33.3,39.7,25.8,0.0
18.5667,-11.4333,396.0,Tidjikja,2024,6,34.4,40.5,27.9,0.0
18.5667,-11.4333,396.0,Tidjikja,2024,7,32.0,37.4,26.1,0.0
18.5667,-11.4333,396.0,Tidjikja,2024,9,29.8,34.9,25.0,
18.5667,-11.4333,396.0,Tidjikja,2024,10,30.6,36.7,24.2,0.0
18.5667,-11.4333,396.0,Tidjikja,2024,11,26.3,32.9,19.9,0.0
18.5667,-11.4333,396.0,Tidjikja,2025,1,19.0,26.1,12.8,0.0
18.5667,-11.4333,396.0,Tidjikja,2025,2,21.3,28.2,15.0,0.0
18.5667,-11.4333,396.0,Tidjikja,2025,4,30.7,36.8,24.2,0.1
18.5667,-11.4333,396.0,Tidjikja,2025,5,33.4,39.2,27.1,0.0
18.5667,-11.4333,396.0,Tidjikja,2025,6,33.8,39.9,27.2,0.2
18.5667,-11.4333,396.0,Tidjikja,2025,7,31.1,36.7,25.3,21.5
17.5333,-14.6833,77.0,Boutilimit,1994,1,20.8,,,0.5
17.5333,-14.6833,77.0,Boutilimit,1994,2,24.6,,,0.0
17.5333,-14.6833,77.0,Boutilimit,1994,3,26.4,33.9,,3.0
17.5333,-14.6833,77.0,Boutilimit,1994,4,29.4,,,0.0
17.5333,-14.6833,77.0,Boutilimit,1994,5,31.7,,,0.0
17.5333,-14.6833,77.0,Boutilimit,1994,6,31.3,,,0.0
17.5333,-14.6833,77.0,Boutilimit,1994,7,29.0,,,55.0
17.5333,-14.6833,77.0,Boutilimit,1994,8,30.4,,,87.0
17.5333,-14.6833,77.0,Boutilimit,1994,9,,,,49.0
17.5333,-14.6833,77.0,Boutilimit,1994,10,30.2,,,29.0
17.5333,-14.6833,77.0,Boutilimit,1994,11,28.3,,,0.0
17.5333,-14.6833,77.0,Boutilimit,1994,12,24.5,,,0.5
17.5333,-14.6833,77.0,Boutilimit,1995,1,21.6,,,0.0
17.5333,-14.6833,77.0,Boutilimit,1995,2,25.7,,,0.5
17.5333,-14.6833,77.0,Boutilimit,1995,3,25.1,,,0.5
17.5333,-14.6833,77.0,Boutilimit,1995,4,27.6,,,0.0
17.5333,-14.6833,77.0,Boutilimit,1995,5,32.5,,,0.5
17.5333,-14.6833,77.0,Boutilimit,1995,6,33.1,,,5.0
17.5333,-14.6833,77.0,Boutilimit,1995,7,31.8,,,95.0
17.5333,-14.6833,77.0,Boutilimit,1995,9,30.7,,,47.0
17.5333,-14.6833,77.0,Boutilimit,1995,10,32.2,,,0.5
17.5333,-14.6833,77.0,Boutilimit,1995,11,29.4,36.4,,0.0
17.5333,-14.6833,77.0,Boutilimit,1995,12,23.0,,,76.0
17.5333,-14.6833,77.0,Boutilimit,1996,1,24.6,,,0.0
17.5333,-14.6833,77.0,Boutilimit,1996,2,26.1,33.4,,2.0
17.5333,-14.6833,77.0,Boutilimit,1996,3,26.9,,,0.5
17.5333,-14.6833,77.0,Boutilimit,1996,4,30.5,,,0.0
17.5333,-14.6833,77.0,Boutilimit,1996,5,32.7,,,0.5
17.5333,-14.6833,77.0,Boutilimit,1996,6,32.8,,,1.0
17.5333,-14.6833,77.0,Boutilimit,1996,8,30.4,,,167.0
17.5333,-14.6833,77.0,Boutilimit,1996,9,31.2,,,5.0
17.5333,-14.6833,77.0,Boutilimit,1996,10,,,,5.0
17.5333,-14.6833,77.0,Boutilimit,1997,1,23.9,,,0.0
17.5333,-14.6833,77.0,Boutilimit,1997,2,27.9,,,0.0
17.5333,-14.6833,77.0,Boutilimit,1997,4,28.8,,,0.0
17.5333,-14.6833,77.0,Boutilimit,1997,5,32.4,,,0.0
17.5333,-14.6833,77.0,Boutilimit,1997,6,34.7,,,2.0
17.5333,-14.6833,77.0,Boutilimit,1997,7,32.3,,,1.0
17.5333,-14.6833,77.0,Boutilimit,1997,9,,,,0.5
17.5333,-14.6833,77.0,Boutilimit,1998,1,23.9,,,0.0
17.5333,-14.6833,77.0,Boutilimit,1998,2,28.1,,,0.0
17.5333,-14.6833,77.0,Boutilimit,1998,3,,,,0.0
17.5333,-14.6833,77.0,Boutilimit,1998,6,34.2,,,0.0
17.5333,-14.6833,77.0,Boutilimit,1998,7,30.1,,,17.0
17.5333,-14.6833,77.0,Boutilimit,1998,8,30.6,,,57.0
17.5333,-14.6833,77.0,Boutilimit,1998,9,31.2,,,121.0
17.5333,-14.6833,77.0,Boutilimit,1998,10,31.8,,,0.0
17.5333,-14.6833,77.0,Boutilimit,1998,11,28.5,,,0.0
17.5333,-14.6833,77.0,Boutilimit,1998,12,23.9,,,3.0
17.5333,-14.6833,77.0,Boutilimit,1999,1,20.9,27.5,14.3,0.0
17.5333,-14.6833,77.0,Boutilimit,1999,2,22.5,28.9,16.7,0.0
17.5333,-14.6833,77.0,Boutilimit,1999,3,26.4,36.6,17.1,0.0
17.5333,-14.6833,77.0,Boutilimit,1999,4,30.4,38.8,22.1,0.0
17.5333,-14.6833,77.0,Boutilimit,1999,5,32.5,40.4,22.3,0.0
17.5333,-14.6833,77.0,Boutilimit,1999,6,32.5,40.7,25.4,6.0
17.5333,-14.6833,77.0,Boutilimit,1999,9,31.2,36.6,26.3,62.0
17.5333,-14.6833,77.0,Boutilimit,2000,1,22.8,30.0,17.6,0.0
17.5333,-14.6833,77.0,Boutilimit,2000,2,,,,0.5
17.5333,-14.6833,77.0,Boutilimit,2000,3,29.2,,,0.0
17.5333,-14.6833,77.0,Boutilimit,2000,4,32.4,39.2,25.2,0.0
17.5333,-14.6833,77.0,Boutilimit,2000,5,31.3,39.6,23.3,0.0
17.5333,-14.6833,77.0,Boutilimit,2000,6,,,,0.0
17.5333,-14.6833,77.0,Boutilimit,2000,7,29.9,37.0,23.6,49.0
17.5333,-14.6833,77.0,Boutilimit,2000,8,30.6,35.7,25.9,44.0
17.5333,-14.6833,77.0,Boutilimit,2000,9,31.4,38.1,25.8,16.0
17.5333,-14.6833,77.0,Boutilimit,2000,10,,,,28.0
17.5333,-14.6833,77.0,Boutilimit,2000,11,,,,0.0
17.5333,-14.6833,77.0,Boutilimit,2000,12,24.3,31.3,17.6,0.0
17.5333,-14.6833,77.0,Boutilimit,2001,1,24.6,,,0.0
17.5333,-14.6833,77.0,Boutilimit,2001,2,,,,0.0
17.5333,-14.6833,77.0,Boutilimit,2001,3,29.0,36.9,23.0,0.0
17.5333,-14.6833,77.0,Boutilimit,2001,4,29.3,38.0,22.0,0.0
17.5333,-14.6833,77.0,Boutilimit,2001,5,34.4,,,0.0
17.5333,-14.6833,77.0,Boutilimit,2001,6,31.7,40.5,24.3,9.0
17.5333,-14.6833,77.0,Boutilimit,2001,7,31.1,37.7,25.2,20.0
17.5333,-14.6833,77.0,Boutilimit,2001,8,31.7,40.5,24.3,9.0
17.5333,-14.6833,77.0,Boutilimit,2001,9,31.3,37.5,26.4,48.0
17.5333,-14.6833,77.0,Boutilimit,2001,11,27.8,34.8,20.6,0.0
17.5333,-14.6833,77.0,Boutilimit,2001,12,27.3,33.8,21.0,0.0
17.5333,-14.6833,77.0,Boutilimit,2002,1,22.9,29.2,17.0,
17.5333,-14.6833,77.0,Boutilimit,2002,2,25.7,32.3,19.1,0.0
17.5333,-14.6833,77.0,Boutilimit,2002,3,,,,0.0
17.5333,-14.6833,77.0,Boutilimit,2002,5,32.6,40.1,24.9,0.0
17.5333,-14.6833,77.0,Boutilimit,2002,7,31.6,39.0,24.6,0.0
17.5333,-14.6833,77.0,Boutilimit,2002,8,32.6,38.3,25.7,12.0
17.5333,-14.6833,77.0,Boutilimit,2002,9,31.9,37.8,26.5,52.0
17.5333,-14.6833,77.0,Boutilimit,2002,11,27.9,34.2,21.1,0.0
17.5333,-14.6833,77.0,Boutilimit,2002,12,26.0,32.2,20.1,0.0
17.5333,-14.6833,77.0,Boutilimit,2003,1,22.2,28.7,15.6,0.0
17.5333,-14.6833,77.0,Boutilimit,2003,2,24.6,31.4,17.9,0.0
17.5333,-14.6833,77.0,Boutilimit,2003,3,,,,0.0
17.5333,-14.6833,77.0,Boutilimit,2003,5,33.6,41.2,25.9,0.0
17.5333,-14.6833,77.0,Boutilimit,2003,6,32.0,39.9,24.7,0.0
17.5333,-14.6833,77.0,Boutilimit,2003,11,28.3,34.4,21.8,0.0
17.5333,-14.6833,77.0,Boutilimit,2003,12,24.5,30.8,18.1,0.0
17.5333,-14.6833,77.0,Boutilimit,2004,1,23.1,29.5,16.6,0.0
17.5333,-14.6833,77.0,Boutilimit,2004,2,,,,0.0
17.5333,-14.6833,77.0,Boutilimit,2004,3,,,,2.0
17.5333,-14.6833,77.0,Boutilimit,2004,5,,,,0.0
17.5333,-14.6833,77.0,Boutilimit,2004,8,31.7,37.4,26.5,13.0
17.5333,-14.6833,77.0,Boutilimit,2005,7,31.4,38.1,25.8,66.0
17.5333,-14.6833,77.0,Boutilimit,2005,8,31.4,38.1,25.8,65.0
17.5333,-14.6833,77.0,Boutilimit,2005,11,28.4,34.7,21.9,0.0
17.5333,-14.6833,77.0,Boutilimit,2005,12,26.5,32.4,20.4,0.0
17.5333,-14.6833,77.0,Boutilimit,2006,1,22.3,28.1,15.8,0.0
17.5333,-14.6833,77.0,Boutilimit,2006,2,24.0,30.3,17.3,0.0
17.5333,-14.6833,77.0,Boutilimit,2006,3,28.5,36.8,21.4,0.0
17.5333,-14.6833,77.0,Boutilimit,2006,7,30.5,37.3,24.5,159.0
17.5333,-14.6833,77.0,Boutilimit,2006,9,30.8,37.4,25.6,97.0
17.5333,-14.6833,77.0,Boutilimit,2008,6,32.9,40.4,25.8,6.0
17.5333,-14.6833,77.0,Boutilimit,2008,7,,,,50.0
17.5333,-14.6833,77.0,Boutilimit,2008,8,30.1,35.5,25.5,56.0
17.5333,-14.6833,77.0,Boutilimit,2008,9,,,,30.0
17.5333,-14.6833,77.0,Boutilimit,2008,10,,,,24.0
17.5333,-14.6833,77.0,Boutilimit,2008,11,,,,0.0
17.5333,-14.6833,77.0,Boutilimit,2008,12,23.4,30.1,17.1,0.0
17.5333,-14.6833,77.0,Boutilimit,2009,1,21.1,27.2,,0.0
17.5333,-14.6833,77.0,Boutilimit,2009,2,23.6,30.7,16.2,0.0
17.5333,-14.6833,77.0,Boutilimit,2009,3,25.4,32.6,17.9,0.0
17.5333,-14.6833,77.0,Boutilimit,2009,4,,,,0.0
17.5333,-14.6833,77.0,Boutilimit,2009,5,33.4,42.1,26.2,0.0
17.5333,-14.6833,77.0,Boutilimit,2009,7,31.2,37.8,25.7,10.0
17.5333,-14.6833,77.0,Boutilimit,2009,11,,,,0.0
17.5333,-14.6833,77.0,Boutilimit,2009,12,,,,0.0
17.5333,-14.6833,77.0,Boutilimit,2010,1,,,,0.0
17.5333,-14.6833,77.0,Boutilimit,2010,2,,,,0.0
17.5333,-14.6833,77.0,Boutilimit,2010,3,,,,0.0
17.5333,-14.6833,77.0,Boutilimit,2010,4,,,,0.0
17.5333,-14.6833,77.0,Boutilimit,2010,5,,,,0.0
17.5333,-14.6833,77.0,Boutilimit,2010,6,,,,15.0
17.5333,-14.6833,77.0,Boutilimit,2010,7,,,,54.0
17.5333,-14.6833,77.0,Boutilimit,2010,8,,,,87.0
17.5333,-14.6833,77.0,Boutilimit,2010,9,,,,109.0
17.5333,-14.6833,77.0,Boutilimit,2010,10,,,,19.0
17.5333,-14.6833,77.0,Boutilimit,2010,11,,,,0.0
17.5333,-14.6833,77.0,Boutilimit,2010,12,,,,0.0
17.5333,-14.6833,77.0,Boutilimit,2012,4,29.6,36.1,21.9,0.0
17.5333,-14.6833,77.0,Boutilimit,2013,8,30.3,35.3,26.6,92.0
17.5333,-14.6833,77.0,Boutilimit,2016,5,32.8,39.9,26.2,0.0
17.5333,-14.6833,77.0,Boutilimit,2016,6,33.5,41.4,26.1,0.0
17.5333,-14.6833,77.0,Boutilimit,2016,7,30.9,36.9,25.2,73.0
17.5333,-14.6833,77.0,Boutilimit,2016,11,29.9,35.2,25.2,0.0
17.5333,-14.6833,77.0,Boutilimit,2021,1,23.9,30.2,18.0,
17.5333,-14.6833,77.0,Boutilimit,2021,2,25.0,31.9,18.5,0.0
17.5333,-14.6833,77.0,Boutilimit,2021,3,27.6,34.5,20.3,0.0
17.5333,-14.6833,77.0,Boutilimit,2021,4,31.9,38.8,24.5,0.0
17.5333,-14.6833,77.0,Boutilimit,2021,5,32.3,39.5,25.4,0.0
17.5333,-14.6833,77.0,Boutilimit,2021,6,33.4,40.5,26.5,0.0
17.5333,-14.6833,77.0,Boutilimit,2021,7,29.2,36.9,23.1,0.0
17.5333,-14.6833,77.0,Boutilimit,2021,8,31.5,37.7,26.0,20.7
17.5333,-14.6833,77.0,Boutilimit,2021,9,33.0,39.2,26.8,3.6
17.5333,-14.6833,77.0,Boutilimit,2021,10,31.9,38.6,25.3,1.4
17.5333,-14.6833,77.0,Boutilimit,2021,11,29.3,35.4,23.5,0.1
17.5333,-14.6833,77.0,Boutilimit,2021,12,25.7,31.8,20.5,0.7
17.5333,-14.6833,77.0,Boutilimit,2022,1,25.2,31.5,19.7,0.1
17.5333,-14.6833,77.0,Boutilimit,2022,2,25.9,32.6,19.8,0.0
17.5333,-14.6833,77.0,Boutilimit,2022,3,26.4,33.3,19.4,0.0
17.5333,-14.6833,77.0,Boutilimit,2022,4,29.5,36.7,22.0,0.0
17.5333,-14.6833,77.0,Boutilimit,2022,5,32.6,40.4,24.8,
17.5333,-14.6833,77.0,Boutilimit,2022,6,32.5,38.8,26.4,26.7
17.5333,-14.6833,77.0,Boutilimit,2022,7,29.7,36.4,24.2,18.6
17.5333,-14.6833,77.0,Boutilimit,2022,8,28.6,33.9,24.4,81.7
17.5333,-14.6833,77.0,Boutilimit,2022,9,30.6,36.7,25.4,29.8
17.5333,-14.6833,77.0,Boutilimit,2022,10,31.5,38.0,24.9,12.6
17.5333,-14.6833,77.0,Boutilimit,2022,11,27.6,34.5,20.9,0.0
17.5333,-14.6833,77.0,Boutilimit,2022,12,25.1,31.8,18.8,4.4
17.5333,-14.6833,77.0,Boutilimit,2023,1,22.9,29.4,17.0,0.1
17.5333,-14.6833,77.0,Boutilimit,2023,2,25.5,32.1,19.5,0.0
17.5333,-14.6833,77.0,Boutilimit,2023,3,29.2,36.9,21.5,0.0
17.5333,-14.6833,77.0,Boutilimit,2023,4,30.0,37.2,22.9,6.4
17.5333,-14.6833,77.0,Boutilimit,2023,5,33.4,40.3,26.5,0.5
17.5333,-14.6833,77.0,Boutilimit,2023,6,33.6,41.3,26.4,0.0
17.5333,-14.6833,77.0,Boutilimit,2023,7,31.7,38.5,25.7,35.7
17.5333,-14.6833,77.0,Boutilimit,2023,8,30.1,36.2,25.1,18.4
17.5333,-14.6833,77.0,Boutilimit,2023,9,32.2,38.2,26.6,10.5
17.5333,-14.6833,77.0,Boutilimit,2023,10,32.3,38.9,25.8,0.0
17.5333,-14.6833,77.0,Boutilimit,2023,11,28.2,35.3,21.7,0.0
17.5333,-14.6833,77.0,Boutilimit,2023,12,24.3,31.4,18.2,0.0
17.5333,-14.6833,77.0,Boutilimit,2024,1,24.4,32.2,17.8,0.0
17.5333,-14.6833,77.0,Boutilimit,2024,2,27.0,34.4,20.2,0.0
17.5333,-14.6833,77.0,Boutilimit,2024,3,27.8,35.0,20.7,0.0
17.5333,-14.6833,77.0,Boutilimit,2024,4,31.4,38.7,24.2,1.0
17.5333,-14.6833,77.0,Boutilimit,2024,5,33.5,40.6,26.3,0.0
17.5333,-14.6833,77.0,Boutilimit,2024,6,33.1,40.8,25.9,0.2
17.5333,-14.6833,77.0,Boutilimit,2024,7,29.7,36.4,24.2,0.9
17.5333,-14.6833,77.0,Boutilimit,2024,9,29.5,34.8,25.1,
17.5333,-14.6833,77.0,Boutilimit,2024,10,31.1,37.8,24.8,0.1
17.5333,-14.6833,77.0,Boutilimit,2024,11,27.7,35.5,21.0,0.0
17.5333,-14.6833,77.0,Boutilimit,2025,1,22.0,29.2,16.0,0.0
17.5333,-14.6833,77.0,Boutilimit,2025,2,24.1,31.4,17.5,0.0
17.5333,-14.6833,77.0,Boutilimit,2025,4,31.4,38.2,24.6,1.1
17.5333,-14.6833,77.0,Boutilimit,2025,5,34.0,40.6,27.5,0.0
17.5333,-14.6833,77.0,Boutilimit,2025,6,31.8,39.7,24.9,0.0
17.5333,-14.6833,77.0,Boutilimit,2025,7,29.6,36.8,24.0,6.7
16.5,-15.8167,5.0,Rosso,1994,1,,,,0.5
16.5,-15.8167,5.0,Rosso,1994,2,,,,0.0
16.5,-15.8167,5.0,Rosso,1994,3,,,,0.5
16.5,-15.8167,5.0,Rosso,1994,4,27.7,,,0.0
16.5,-15.8167,5.0,Rosso,1994,5,,,,0.0
16.5,-15.8167,5.0,Rosso,1994,7,,,,11.0
16.5,-15.8167,5.0,Rosso,1994,8,,,,133.0
16.5,-15.8167,5.0,Rosso,1994,9,,,,120.0
16.5,-15.8167,5.0,Rosso,1994,10,28.8,,,106.0
16.5,-15.8167,5.0,Rosso,1994,11,,,,0.0
16.5,-15.8167,5.0,Rosso,1994,12,24.9,,,1.0
16.5,-15.8167,5.0,Rosso,2004,12,25.2,34.6,18.0,0.0
16.5,-15.8167,5.0,Rosso,2005,2,23.3,33.4,12.2,34.0
16.5,-15.8167,5.0,Rosso,2005,3,26.1,39.6,18.4,0.0
16.5,-15.8167,5.0,Rosso,2005,5,30.5,41.4,22.8,0.0
16.5,-15.8167,5.0,Rosso,2005,6,29.6,39.1,23.1,16.0
16.5,-15.8167,5.0,Rosso,2005,8,29.3,35.0,24.6,237.0
16.5,-15.8167,5.0,Rosso,2005,9,30.0,36.5,24.4,57.0
16.5,-15.8167,5.0,Rosso,2005,11,28.8,38.2,20.9,2.0
16.5,-15.8167,5.0,Rosso,2006,1,22.8,32.1,15.2,0.5
16.5,-15.8167,5.0,Rosso,2006,2,24.7,35.0,16.2,2.0
16.5,-15.8167,5.0,Rosso,2006,4,28.5,41.2,18.6,0.0
16.5,-15.8167,5.0,Rosso,2007,1,24.5,33.7,16.9,0.0
16.5,-15.8167,5.0,Rosso,2007,3,27.9,38.3,19.2,0.0
16.5,-15.8167,5.0,Rosso,2007,4,28.5,39.8,19.3,0.0
16.5,-15.8167,5.0,Rosso,2007,7,29.5,35.9,23.8,0.5
16.5,-15.8167,5.0,Rosso,2007,10,31.1,39.2,23.3,0.0
16.5,-15.8167,5.0,Rosso,2007,11,27.7,36.6,19.4,0.0
16.5,-15.8167,5.0,Rosso,2008,1,22.7,31.6,15.0,0.0
16.5,-15.8167,5.0,Rosso,2008,2,25.9,34.7,18.2,
16.5,-15.8167,5.0,Rosso,2008,3,28.5,39.2,19.5,0.0
16.5,-15.8167,5.0,Rosso,2008,4,30.3,41.5,20.9,0.0
16.5,-15.8167,5.0,Rosso,2008,6,30.0,39.3,23.7,5.0
16.5,-15.8167,5.0,Rosso,2008,7,29.5,,,29.0
16.5,-15.8167,5.0,Rosso,2008,8,29.7,34.9,26.1,57.0
16.5,-15.8167,5.0,Rosso,2008,9,30.3,,,68.0
16.5,-15.8167,5.0,Rosso,2008,10,29.6,36.1,24.7,8.0
16.5,-15.8167,5.0,Rosso,2008,11,26.5,36.6,21.7,0.0
16.5,-15.8167,5.0,Rosso,2008,12,24.3,32.0,17.1,0.0
16.5,-15.8167,5.0,Rosso,2009,1,22.0,29.8,14.9,0.0
16.5,-15.8167,5.0,Rosso,2009,2,,,,0.0
16.5,-15.8167,5.0,Rosso,2009,3,,,,0.0
16.5,-15.8167,5.0,Rosso,2009,4,30.5,39.0,,0.0
16.5,-15.8167,5.0,Rosso,2009,5,30.7,40.9,21.4,0.0
16.5,-15.8167,5.0,Rosso,2009,7,30.5,36.4,25.8,65.0
16.5,-15.8167,5.0,Rosso,2009,8,30.5,36.2,25.7,
16.5,-15.8167,5.0,Rosso,2009,9,30.6,36.0,26.2,87.0
16.5,-15.8167,5.0,Rosso,2009,10,30.7,37.3,23.5,1.0
16.5,-15.8167,5.0,Rosso,2009,11,27.3,34.3,20.2,0.0
16.5,-15.8167,5.0,Rosso,2009,12,24.7,32.5,17.1,0.0
16.5,-15.8167,5.0,Rosso,2010,1,26.3,35.1,17.7,0.0
16.5,-15.8167,5.0,Rosso,2010,2,28.4,37.5,19.8,0.0
16.5,-15.8167,5.0,Rosso,2010,3,30.9,40.6,22.1,0.0
16.5,-15.8167,5.0,Rosso,2010,4,29.6,39.1,20.9,0.5
16.5,-15.8167,5.0,Rosso,2010,5,31.5,40.1,23.5,0.5
16.5,-15.8167,5.0,Rosso,2010,6,30.9,38.4,24.5,37.0
16.5,-15.8167,5.0,Rosso,2010,7,30.7,36.2,26.4,76.0
16.5,-15.8167,5.0,Rosso,2010,8,30.1,34.9,26.6,117.0
16.5,-15.8167,5.0,Rosso,2010,9,,,,211.0
16.5,-15.8167,5.0,Rosso,2010,10,31.2,36.8,25.7,38.0
16.5,-15.8167,5.0,Rosso,2010,11,28.5,36.9,21.4,0.0
16.5,-15.8167,5.0,Rosso,2010,12,,,,0.0
16.5,-15.8167,5.0,Rosso,2011,2,,,,0.0
16.5,-15.8167,5.0,Rosso,2011,3,27.5,36.6,19.0,0.0
16.5,-15.8167,5.0,Rosso,2011,4,30.8,38.4,,0.0
16.5,-15.8167,5.0,Rosso,2011,6,30.1,36.9,24.0,0.0
16.5,-15.8167,5.0,Rosso,2011,7,31.2,36.7,25.5,155.0
16.5,-15.8167,5.0,Rosso,2011,8,,,,147.0
16.5,-15.8167,5.0,Rosso,2011,9,31.7,37.6,26.8,33.0
16.5,-15.8167,5.0,Rosso,2011,10,31.9,38.9,25.9,1.0
16.5,-15.8167,5.0,Rosso,2011,11,28.6,37.6,19.9,0.0
16.5,-15.8167,5.0,Rosso,2011,12,24.4,31.3,18.1,0.0
16.5,-15.8167,5.0,Rosso,2012,1,23.8,31.2,16.9,0.0
16.5,-15.8167,5.0,Rosso,2012,3,27.2,35.5,19.7,7.0
16.5,-15.8167,5.0,Rosso,2012,4,27.5,36.0,20.7,2.0
16.5,-15.8167,5.0,Rosso,2012,5,30.6,39.4,22.9,
16.5,-15.8167,5.0,Rosso,2012,6,30.9,38.4,23.4,0.0
16.5,-15.8167,5.0,Rosso,2012,8,30.5,35.6,26.6,69.0
16.5,-15.8167,5.0,Rosso,2012,9,30.6,35.8,26.7,121.0
16.5,-15.8167,5.0,Rosso,2012,10,,,,11.0
16.5,-15.8167,5.0,Rosso,2012,11,28.8,36.8,22.7,0.0
16.5,-15.8167,5.0,Rosso,2012,12,22.9,31.5,15.2,1.0
16.5,-15.8167,5.0,Rosso,2013,1,22.7,31.3,14.7,0.0
16.5,-15.8167,5.0,Rosso,2013,2,26.2,35.4,17.9,0.0
16.5,-15.8167,5.0,Rosso,2013,4,30.3,38.6,,
16.5,-15.8167,5.0,Rosso,2013,5,32.4,41.2,24.1,
16.5,-15.8167,5.0,Rosso,2013,6,29.9,38.2,22.4,0.0
16.5,-15.8167,5.0,Rosso,2013,7,30.6,36.5,25.6,28.0
16.5,-15.8167,5.0,Rosso,2013,8,30.4,35.3,25.6,136.0
16.5,-15.8167,5.0,Rosso,2013,9,30.7,36.3,25.6,162.0
16.5,-15.8167,5.0,Rosso,2013,12,26.7,31.8,,
16.5,-15.8167,5.0,Rosso,2014,1,24.5,31.9,16.4,0.0
16.5,-15.8167,5.0,Rosso,2014,2,24.6,33.2,15.6,
16.5,-15.8167,5.0,Rosso,2014,3,26.6,36.3,17.5,0.0
16.5,-15.8167,5.0,Rosso,2014,5,29.3,37.9,21.5,
16.5,-15.8167,5.0,Rosso,2014,6,31.9,39.7,24.1,
16.5,-15.8167,5.0,Rosso,2014,7,31.1,37.7,25.2,
16.5,-15.8167,5.0,Rosso,2014,8,31.3,36.2,26.4,61.0
16.5,-15.8167,5.0,Rosso,2014,9,31.9,37.7,27.4,17.0
16.5,-15.8167,5.0,Rosso,2014,10,31.9,39.8,25.2,
16.5,-15.8167,5.0,Rosso,2014,11,28.2,35.7,21.3,0.0
16.5,-15.8167,5.0,Rosso,2014,12,26.7,31.7,,
16.5,-15.8167,5.0,Rosso,2015,1,23.6,30.7,17.1,
16.5,-15.8167,5.0,Rosso,2015,2,24.9,33.2,17.3,3.0
16.5,-15.8167,5.0,Rosso,2015,3,26.7,35.9,18.9,
16.5,-15.8167,5.0,Rosso,2015,4,34.0,40.7,,
16.5,-15.8167,5.0,Rosso,2015,5,30.5,39.2,22.4,
16.5,-15.8167,5.0,Rosso,2015,6,30.4,38.1,23.2,
16.5,-15.8167,5.0,Rosso,2015,7,30.5,37.2,24.5,14.0
16.5,-15.8167,5.0,Rosso,2015,8,30.7,36.1,25.6,152.0
16.5,-15.8167,5.0,Rosso,2015,10,30.8,36.9,25.3,57.0
16.5,-15.8167,5.0,Rosso,2015,11,28.7,35.5,21.7,
16.5,-15.8167,5.0,Rosso,2015,12,24.8,32.2,17.3,
16.5,-15.8167,5.0,Rosso,2016,1,29.7,34.9,,
16.5,-15.8167,5.0,Rosso,2016,2,26.4,34.4,18.5,
16.5,-15.8167,5.0,Rosso,2016,3,26.9,36.0,18.5,
16.5,-15.8167,5.0,Rosso,2016,4,29.8,38.4,21.9,
16.5,-15.8167,5.0,Rosso,2016,5,29.4,38.4,21.2,
16.5,-15.8167,5.0,Rosso,2016,7,29.8,35.6,24.4,81.0
16.5,-15.8167,5.0,Rosso,2016,9,30.9,36.3,25.4,
16.5,-15.8167,5.0,Rosso,2016,10,31.5,39.3,24.3,
16.5,-15.8167,5.0,Rosso,2016,11,28.9,35.8,22.2,
16.5,-15.8167,5.0,Rosso,2017,4,30.8,39.8,22.3,
16.5,-15.8167,5.0,Rosso,2021,9,30.6,37.5,25.9,25.5
16.5,-15.8167,5.0,Rosso,2021,10,30.9,38.6,25.0,0.2
16.5,-15.8167,5.0,Rosso,2021,11,30.1,37.2,24.1,0.4
16.5,-15.8167,5.0,Rosso,2021,12,26.6,33.5,21.3,3.7
16.5,-15.8167,5.0,Rosso,2022,1,26.1,33.0,20.4,0.6
16.5,-15.8167,5.0,Rosso,2022,2,26.4,34.0,20.3,0.0
16.5,-15.8167,5.0,Rosso,2022,3,25.9,34.6,19.0,0.0
16.5,-15.8167,5.0,Rosso,2022,4,27.6,37.1,20.7,0.0
16.5,-15.8167,5.0,Rosso,2022,5,29.8,39.7,22.1,
16.5,-15.8167,5.0,Rosso,2022,6,30.0,37.7,24.4,63.0
16.5,-15.8167,5.0,Rosso,2022,7,28.5,35.3,24.3,26.9
16.5,-15.8167,5.0,Rosso,2022,8,28.4,33.7,24.8,111.9
16.5,-15.8167,5.0,Rosso,2022,9,29.2,34.9,25.1,75.7
16.5,-15.8167,5.0,Rosso,2022,10,30.1,37.2,24.8,1.5
16.5,-15.8167,5.0,Rosso,2022,11,28.2,36.0,21.4,0.0
16.5,-15.8167,5.0,Rosso,2022,12,25.7,33.3,19.6,8.5
16.5,-15.8167,5.0,Rosso,2023,1,23.8,31.2,17.9,0.0
16.5,-15.8167,5.0,Rosso,2023,2,25.6,33.6,19.6,0.0
16.5,-15.8167,5.0,Rosso,2023,3,29.0,38.0,21.4,0.0
16.5,-15.8167,5.0,Rosso,2023,4,28.8,38.2,21.9,4.4
16.5,-15.8167,5.0,Rosso,2023,5,30.5,40.3,23.5,3.2
16.5,-15.8167,5.0,Rosso,2023,6,30.4,39.9,23.9,0.0
16.5,-15.8167,5.0,Rosso,2023,7,30.5,37.7,25.5,14.3
16.5,-15.8167,5.0,Rosso,2023,8,29.2,35.1,25.2,66.8
16.5,-15.8167,5.0,Rosso,2023,9,29.9,35.6,25.9,18.1
16.5,-15.8167,5.0,Rosso,2023,10,30.6,37.8,25.3,7.0
16.5,-15.8167,5.0,Rosso,2023,11,28.8,36.8,21.9,0.0
16.5,-15.8167,5.0,Rosso,2023,12,25.5,33.3,19.3,0.0
16.5,-15.8167,5.0,Rosso,2024,1,25.0,33.4,18.5,0.0
16.5,-15.8167,5.0,Rosso,2024,2,27.0,35.3,20.3,0.0
16.5,-15.8167,5.0,Rosso,2024,3,26.9,35.9,19.8,0.0
16.5,-15.8167,5.0,Rosso,2024,4,29.8,38.8,22.5,0.0
16.5,-15.8167,5.0,Rosso,2024,5,30.3,40.0,23.4,0.0
16.5,-15.8167,5.0,Rosso,2024,6,28.9,38.2,22.6,15.7
16.5,-15.8167,5.0,Rosso,2024,7,28.6,35.0,24.5,32.6
16.5,-15.8167,5.0,Rosso,2024,9,28.1,33.8,24.3,
16.5,-15.8167,5.0,Rosso,2024,10,30.1,37.1,24.7,0.0
16.5,-15.8167,5.0,Rosso,2024,11,27.5,35.7,21.0,0.0
16.5,-15.8167,5.0,Rosso,2025,1,22.7,30.5,16.7,0.0
16.5,-15.8167,5.0,Rosso,2025,2,23.3,31.6,17.0,0.0
16.5,-15.8167,5.0,Rosso,2025,4,28.4,37.6,21.8,0.2
16.5,-15.8167,5.0,Rosso,2025,5,31.9,40.6,23.7,0.0
16.5,-15.8167,5.0,Rosso,2025,6,28.6,37.7,22.4,3.1
16.5,-15.8167,5.0,Rosso,2025,7,28.6,35.7,24.1,16.4
16.15,-13.5167,18.0,Kaedi,1994,1,22.7,,,0.0
16.15,-13.5167,18.0,Kaedi,1994,2,27.2,,,0.0
16.15,-13.5167,18.0,Kaedi,1994,3,30.6,,,0.0
16.15,-13.5167,18.0,Kaedi,1994,4,,,,0.0
16.15,-13.5167,18.0,Kaedi,1994,5,34.7,,,0.5
16.15,-13.5167,18.0,Kaedi,1994,6,35.5,,,0.0
16.15,-13.5167,18.0,Kaedi,1994,7,31.3,,,15.0
16.15,-13.5167,18.0,Kaedi,1994,8,,,,169.0
16.15,-13.5167,18.0,Kaedi,1994,9,,,,70.0
16.15,-13.5167,18.0,Kaedi,1994,10,31.2,,,26.0
16.15,-13.5167,18.0,Kaedi,1994,11,30.4,,,0.0
16.15,-13.5167,18.0,Kaedi,1994,12,,,,0.5
16.15,-13.5167,18.0,Kaedi,1995,1,24.0,,,0.0
16.15,-13.5167,18.0,Kaedi,1995,2,,,,0.5
16.15,-13.5167,18.0,Kaedi,1995,3,,,,0.5
16.15,-13.5167,18.0,Kaedi,1995,4,,,,0.0
16.15,-13.5167,18.0,Kaedi,1995,5,,,,0.5
16.15,-13.5167,18.0,Kaedi,1995,6,,,,0.5
16.15,-13.5167,18.0,Kaedi,1995,7,,,,67.0
16.15,-13.5167,18.0,Kaedi,1995,10,32.1,,,0.5
16.15,-13.5167,18.0,Kaedi,1995,11,,,,0.5
16.15,-13.5167,18.0,Kaedi,1995,12,,,,42.0
16.15,-13.5167,18.0,Kaedi,1996,1,,,,0.0
16.15,-13.5167,18.0,Kaedi,1996,2,,,,2.0
16.15,-13.5167,18.0,Kaedi,1996,3,,,,0.5
16.15,-13.5167,18.0,Kaedi,1996,4,33.5,,,0.0
16.15,-13.5167,18.0,Kaedi,1996,5,,,,0.5
16.15,-13.5167,18.0,Kaedi,1996,8,29.7,,,115.0
16.15,-13.5167,18.0,Kaedi,1996,9,31.2,,,17.0
16.15,-13.5167,18.0,Kaedi,1996,10,,,,24.0
16.15,-13.5167,18.0,Kaedi,1998,2,30.4,,,0.0
16.15,-13.5167,18.0,Kaedi,1998,3,31.4,,,0.0
16.15,-13.5167,18.0,Kaedi,1998,7,31.7,,,150.0
16.15,-13.5167,18.0,Kaedi,1998,9,30.2,,,100.0
16.15,-13.5167,18.0,Kaedi,1998,10,32.5,,,0.0
16.15,-13.5167,18.0,Kaedi,1998,11,32.0,,,0.0
16.15,-13.5167,18.0,Kaedi,1999,6,34.1,40.0,28.0,12.0
16.15,-13.5167,18.0,Kaedi,1999,9,30.1,35.5,28.5,99.0
16.15,-13.5167,18.0,Kaedi,1999,10,30.8,36.6,25.6,38.0
16.15,-13.5167,18.0,Kaedi,1999,11,28.9,36.7,23.6,0.0
16.15,-13.5167,18.0,Kaedi,2000,1,26.9,32.0,20.8,0.0
16.15,-13.5167,18.0,Kaedi,2000,2,,,,2.0
16.15,-13.5167,18.0,Kaedi,2000,3,,,,0.0
16.15,-13.5167,18.0,Kaedi,2000,4,,,,0.0
16.15,-13.5167,18.0,Kaedi,2000,5,33.7,42.4,26.9,0.5
16.15,-13.5167,18.0,Kaedi,2000,6,,,,0.5
16.15,-13.5167,18.0,Kaedi,2000,7,30.7,36.4,25.5,80.0
16.15,-13.5167,18.0,Kaedi,2000,10,,,,69.0
16.15,-13.5167,18.0,Kaedi,2000,11,29.1,35.9,22.7,0.0
16.15,-13.5167,18.0,Kaedi,2000,12,27.0,33.9,19.3,0.0
16.15,-13.5167,18.0,Kaedi,2001,1,,,,0.0
16.15,-13.5167,18.0,Kaedi,2001,4,32.5,41.0,25.3,0.5
16.15,-13.5167,18.0,Kaedi,2001,5,34.6,42.8,26.8,0.0
16.15,-13.5167,18.0,Kaedi,2001,6,33.2,40.7,26.8,11.0
16.15,-13.5167,18.0,Kaedi,2001,7,31.2,36.9,26.0,68.0
16.15,-13.5167,18.0,Kaedi,2001,8,,,,29.0
16.15,-13.5167,18.0,Kaedi,2001,9,,,,92.0
16.15,-13.5167,18.0,Kaedi,2001,11,29.6,36.0,23.4,2.0
16.15,-13.5167,18.0,Kaedi,2001,12,,,,0.0
16.15,-13.5167,18.0,Kaedi,2002,1,25.2,31.1,19.4,42.0
16.15,-13.5167,18.0,Kaedi,2002,2,,,,42.0
16.15,-13.5167,18.0,Kaedi,2002,5,,,,2.0
16.15,-13.5167,18.0,Kaedi,2002,6,33.7,40.9,27.6,18.0
16.15,-13.5167,18.0,Kaedi,2002,7,31.9,38.6,26.2,13.0
16.15,-13.5167,18.0,Kaedi,2002,8,31.5,37.2,26.5,49.0
16.15,-13.5167,18.0,Kaedi,2002,10,31.9,38.4,26.4,33.0
16.15,-13.5167,18.0,Kaedi,2002,11,30.2,36.9,23.5,0.0
16.15,-13.5167,18.0,Kaedi,2003,1,25.3,31.5,19.1,0.0
16.15,-13.5167,18.0,Kaedi,2003,2,,,,1.0
16.15,-13.5167,18.0,Kaedi,2003,3,,,,0.0
16.15,-13.5167,18.0,Kaedi,2003,8,,,,139.0
16.15,-13.5167,18.0,Kaedi,2003,10,,,,23.0
16.15,-13.5167,18.0,Kaedi,2003,11,,,,0.0
16.15,-13.5167,18.0,Kaedi,2003,12,,,,0.0
16.15,-13.5167,18.0,Kaedi,2004,2,,,,0.0
16.15,-13.5167,18.0,Kaedi,2004,3,,,,0.0
16.15,-13.5167,18.0,Kaedi,2004,4,,,,0.5
16.15,-13.5167,18.0,Kaedi,2004,5,,,,0.0
16.15,-13.5167,18.0,Kaedi,2004,6,,,,0.0
16.15,-13.5167,18.0,Kaedi,2004,9,31.1,37.5,25.9,27.0
16.15,-13.5167,18.0,Kaedi,2004,12,27.4,33.7,21.8,0.0
16.15,-13.5167,18.0,Kaedi,2005,3,31.7,39.6,24.6,0.5
16.15,-13.5167,18.0,Kaedi,2005,5,35.2,42.7,29.4,0.5
16.15,-13.5167,18.0,Kaedi,2005,11,30.3,37.1,23.7,0.5
16.15,-13.5167,18.0,Kaedi,2005,12,28.3,34.6,22.6,0.5
16.15,-13.5167,18.0,Kaedi,2006,1,24.5,,18.4,5.0
16.15,-13.5167,18.0,Kaedi,2006,2,26.9,33.6,20.7,0.5
16.15,-13.5167,18.0,Kaedi,2006,3,31.6,39.5,28.7,0.0
16.15,-13.5167,18.0,Kaedi,2006,4,33.9,42.7,26.5,0.5
16.15,-13.5167,18.0,Kaedi,2006,5,34.1,41.7,27.4,2.0
16.15,-13.5167,18.0,Kaedi,2006,6,34.4,41.8,28.4,52.0
16.15,-13.5167,18.0,Kaedi,2006,7,,,,108.0
16.15,-13.5167,18.0,Kaedi,2006,9,30.6,36.0,25.4,115.0
16.15,-13.5167,18.0,Kaedi,2008,6,34.3,40.6,28.4,41.0
16.15,-13.5167,18.0,Kaedi,2008,8,30.0,34.9,25.4,152.0
16.15,-13.5167,18.0,Kaedi,2008,9,,,,32.0
16.15,-13.5167,18.0,Kaedi,2008,10,,,,2.0
16.15,-13.5167,18.0,Kaedi,2008,11,30.7,37.2,24.4,0.0
16.15,-13.5167,18.0,Kaedi,2008,12,26.6,32.9,20.2,0.5
16.15,-13.5167,18.0,Kaedi,2009,1,24.1,30.5,17.4,0.0
16.15,-13.5167,18.0,Kaedi,2009,2,27.0,34.4,20.5,0.0
16.15,-13.5167,18.0,Kaedi,2009,3,29.4,36.8,22.4,1.0
16.15,-13.5167,18.0,Kaedi,2009,4,,,,0.0
16.15,-13.5167,18.0,Kaedi,2009,5,36.6,43.5,29.1,0.5
16.15,-13.5167,18.0,Kaedi,2009,6,34.1,39.9,28.5,52.0
16.15,-13.5167,18.0,Kaedi,2009,7,32.2,37.5,27.3,32.0
16.15,-13.5167,18.0,Kaedi,2009,8,30.7,35.4,25.9,160.0
16.15,-13.5167,18.0,Kaedi,2010,1,,,,0.0
16.15,-13.5167,18.0,Kaedi,2010,2,29.9,37.6,22.7,0.0
16.15,-13.5167,18.0,Kaedi,2010,3,,,,0.0
16.15,-13.5167,18.0,Kaedi,2010,4,34.2,41.5,27.2,0.0
16.15,-13.5167,18.0,Kaedi,2010,5,36.3,42.9,29.9,1.0
16.15,-13.5167,18.0,Kaedi,2010,6,34.1,40.7,28.0,12.0
16.15,-13.5167,18.0,Kaedi,2010,7,31.9,37.2,27.0,66.0
16.15,-13.5167,18.0,Kaedi,2010,8,32.3,34.9,27.0,291.0
16.15,-13.5167,18.0,Kaedi,2010,9,30.1,34.9,25.5,143.0
16.15,-13.5167,18.0,Kaedi,2010,10,32.1,37.7,26.5,13.0
16.15,-13.5167,18.0,Kaedi,2010,11,30.6,36.9,24.4,0.0
16.15,-13.5167,18.0,Kaedi,2010,12,,,,0.0
16.15,-13.5167,18.0,Kaedi,2011,3,31.5,38.5,24.3,0.0
16.15,-13.5167,18.0,Kaedi,2011,6,33.7,40.2,27.3,32.0
16.15,-13.5167,18.0,Kaedi,2011,8,,,,146.0
16.15,-13.5167,18.0,Kaedi,2011,9,,,,66.0
16.15,-13.5167,18.0,Kaedi,2011,10,32.5,38.6,26.2,2.0
16.15,-13.5167,18.0,Kaedi,2011,11,30.6,37.4,23.6,0.0
16.15,-13.5167,18.0,Kaedi,2011,12,25.7,31.5,20.0,0.0
16.15,-13.5167,18.0,Kaedi,2012,1,25.7,31.1,18.8,0.0
16.15,-13.5167,18.0,Kaedi,2012,3,30.0,36.3,23.5,10.0
16.15,-13.5167,18.0,Kaedi,2012,4,33.0,39.1,26.4,5.0
16.15,-13.5167,18.0,Kaedi,2012,5,36.0,42.5,28.8,4.0
16.15,-13.5167,18.0,Kaedi,2012,6,35.0,41.2,28.4,62.0
16.15,-13.5167,18.0,Kaedi,2012,8,30.0,33.9,26.1,146.0
16.15,-13.5167,18.0,Kaedi,2012,11,31.7,38.1,25.5,0.0
16.15,-13.5167,18.0,Kaedi,2012,12,25.8,31.8,19.7,0.0
16.15,-13.5167,18.0,Kaedi,2013,1,25.4,31.4,18.9,0.5
16.15,-13.5167,18.0,Kaedi,2013,2,28.2,32.2,21.3,0.0
16.15,-13.5167,18.0,Kaedi,2013,3,32.8,40.6,25.1,0.0
16.15,-13.5167,18.0,Kaedi,2013,5,36.0,43.3,28.8,
16.15,-13.5167,18.0,Kaedi,2013,6,34.3,41.8,27.8,6.0
16.15,-13.5167,18.0,Kaedi,2013,7,32.5,37.9,27.4,59.0
16.15,-13.5167,18.0,Kaedi,2013,8,30.8,35.5,26.1,71.0
16.15,-13.5167,18.0,Kaedi,2013,9,31.2,38.1,24.0,112.0
16.15,-13.5167,18.0,Kaedi,2013,10,32.8,38.8,26.9,3.0
16.15,-13.5167,18.0,Kaedi,2013,11,30.2,36.4,24.1,0.0
16.15,-13.5167,18.0,Kaedi,2013,12,26.1,31.2,20.1,2.0
16.15,-13.5167,18.0,Kaedi,2014,1,26.5,33.1,20.1,0.0
16.15,-13.5167,18.0,Kaedi,2014,2,26.7,33.7,20.3,0.0
16.15,-13.5167,18.0,Kaedi,2014,3,30.1,37.7,22.6,0.0
16.15,-13.5167,18.0,Kaedi,2014,4,34.6,42.6,27.1,0.0
16.15,-13.5167,18.0,Kaedi,2014,5,35.2,42.6,28.1,1.0
16.15,-13.5167,18.0,Kaedi,2014,6,35.7,42.6,29.2,22.0
16.15,-13.5167,18.0,Kaedi,2014,7,33.4,39.5,27.7,28.0
16.15,-13.5167,18.0,Kaedi,2014,8,31.3,36.3,26.4,57.0
16.15,-13.5167,18.0,Kaedi,2014,10,33.7,40.0,27.5,0.0
16.15,-13.5167,18.0,Kaedi,2014,12,23.2,29.2,17.4,
16.15,-13.5167,18.0,Kaedi,2015,6,35.5,41.9,,0.0
16.15,-13.5167,18.0,Kaedi,2015,8,,,,63.0
16.15,-13.5167,18.0,Kaedi,2015,9,,,,159.0
16.15,-13.5167,18.0,Kaedi,2015,11,30.8,36.0,25.5,0.0
16.15,-13.5167,18.0,Kaedi,2015,12,27.2,32.3,22.0,0.0
16.15,-13.5167,18.0,Kaedi,2016,1,28.8,34.3,23.3,0.5
16.15,-13.5167,18.0,Kaedi,2016,2,28.9,35.0,22.8,0.0
16.15,-13.5167,18.0,Kaedi,2016,3,30.7,38.0,23.4,0.0
16.15,-13.5167,18.0,Kaedi,2016,4,35.0,41.7,28.4,0.0
16.15,-13.5167,18.0,Kaedi,2016,5,36.5,43.1,29.8,2.0
16.15,-13.5167,18.0,Kaedi,2016,8,30.7,34.6,26.6,198.0
16.15,-13.5167,18.0,Kaedi,2016,9,31.7,36.3,,53.0
16.15,-13.5167,18.0,Kaedi,2016,10,34.6,40.0,27.8,0.0
16.15,-13.5167,18.0,Kaedi,2016,11,31.5,36.8,26.2,0.5
16.15,-13.5167,18.0,Kaedi,2016,12,28.0,33.9,22.3,0.0
16.15,-13.5167,18.0,Kaedi,2017,2,30.5,36.8,,0.0
16.15,-13.5167,18.0,Kaedi,2017,3,,40.7,27.7,0.0
16.15,-13.5167,18.0,Kaedi,2017,4,,41.2,,0.0
16.15,-13.5167,18.0,Kaedi,2017,5,36.2,43.1,29.3,0.0
16.15,-13.5167,18.0,Kaedi,2017,6,,,,74.0
16.15,-13.5167,18.0,Kaedi,2017,8,,,,90.0
16.15,-13.5167,18.0,Kaedi,2017,10,35.2,40.6,,0.0
16.15,-13.5167,18.0,Kaedi,2017,11,,36.7,24.4,0.0
16.15,-13.5167,18.0,Kaedi,2017,12,25.3,30.5,19.8,0.0
16.15,-13.5167,18.0,Kaedi,2023,7,32.2,37.6,26.9,54.5
16.15,-13.5167,18.0,Kaedi,2023,8,29.9,34.7,25.6,89.6
16.15,-13.5167,18.0,Kaedi,2023,9,31.6,37.1,26.6,10.1
16.15,-13.5167,18.0,Kaedi,2023,10,34.0,39.9,27.7,0.6
16.15,-13.5167,18.0,Kaedi,2023,11,30.6,37.6,23.6,0.0
16.15,-13.5167,18.0,Kaedi,2023,12,27.0,34.0,20.7,0.0
16.15,-13.5167,18.0,Kaedi,2024,1,27.4,34.9,20.6,0.0
16.15,-13.5167,18.0,Kaedi,2024,2,29.4,36.8,22.2,0.0
16.15,-13.5167,18.0,Kaedi,2024,3,31.3,38.4,23.9,0.0
16.15,-13.5167,18.0,Kaedi,2024,4,34.9,41.6,27.4,0.0
16.15,-13.5167,18.0,Kaedi,2024,5,36.7,43.0,29.4,0.0
16.15,-13.5167,18.0,Kaedi,2024,6,34.2,40.5,27.2,5.2
16.15,-13.5167,18.0,Kaedi,2024,7,30.7,35.7,25.9,62.4
16.15,-13.5167,18.0,Kaedi,2024,9,29.3,33.9,25.5,
16.15,-13.5167,18.0,Kaedi,2024,10,31.6,37.9,25.7,19.8
16.15,-13.5167,18.0,Kaedi,2024,11,28.4,36.4,22.0,0.0
16.15,-13.5167,18.0,Kaedi,2025,1,22.8,30.7,16.9,0.0
16.15,-13.5167,18.0,Kaedi,2025,2,24.4,32.4,18.0,0.0
16.15,-13.5167,18.0,Kaedi,2025,4,33.7,40.6,26.9,0.0
16.15,-13.5167,18.0,Kaedi,2025,5,35.5,42.1,28.8,0.2
16.15,-13.5167,18.0,Kaedi,2025,6,32.7,39.3,26.4,5.4
16.15,-13.5167,18.0,Kaedi,2025,7,30.9,36.5,25.6,38.9
16.6,-7.2667,269.0,Nema,1994,1,21.2,,,0.0
16.6,-7.2667,269.0,Nema,1994,2,25.8,,,0.0
16.6,-7.2667,269.0,Nema,1994,3,29.4,35.2,,1.0
16.6,-7.2667,269.0,Nema,1994,4,33.8,,,0.0
16.6,-7.2667,269.0,Nema,1994,5,36.0,,,0.0
16.6,-7.2667,269.0,Nema,1994,6,35.4,,,35.0
16.6,-7.2667,269.0,Nema,1994,7,32.2,,,71.0
16.6,-7.2667,269.0,Nema,1994,8,29.4,,,137.0
16.6,-7.2667,269.0,Nema,1994,9,30.4,,,79.0
16.6,-7.2667,269.0,Nema,1994,10,30.2,,,95.0
16.6,-7.2667,269.0,Nema,1994,11,29.4,,,0.0
16.6,-7.2667,269.0,Nema,1994,12,24.1,,,0.0
16.6,-7.2667,269.0,Nema,1995,1,21.4,,,0.0
16.6,-7.2667,269.0,Nema,1995,2,26.0,,,0.0
16.6,-7.2667,269.0,Nema,1995,3,30.0,,,0.5
16.6,-7.2667,269.0,Nema,1995,4,33.7,,,17.0
16.6,-7.2667,269.0,Nema,1995,5,36.8,,,0.5
16.6,-7.2667,269.0,Nema,1995,6,36.8,,,7.0
16.6,-7.2667,269.0,Nema,1995,7,33.1,,,69.0
16.6,-7.2667,269.0,Nema,1995,8,,,,55.0
16.6,-7.2667,269.0,Nema,1995,9,31.3,,,152.0
16.6,-7.2667,269.0,Nema,1995,10,33.1,,,0.0
16.6,-7.2667,269.0,Nema,1995,11,29.9,,,0.0
16.6,-7.2667,269.0,Nema,1995,12,23.9,29.4,,7.0
16.6,-7.2667,269.0,Nema,1996,1,26.6,,,0.0
16.6,-7.2667,269.0,Nema,1996,2,28.1,,,0.0
16.6,-7.2667,269.0,Nema,1996,3,30.4,,,0.0
16.6,-7.2667,269.0,Nema,1996,4,34.3,,,0.0
16.6,-7.2667,269.0,Nema,1996,5,36.2,42.1,,5.0
16.6,-7.2667,269.0,Nema,1996,6,36.5,,,8.0
16.6,-7.2667,269.0,Nema,1996,8,30.6,,,95.0
16.6,-7.2667,269.0,Nema,1996,9,32.0,,,51.0
16.6,-7.2667,269.0,Nema,1996,10,34.0,,,13.0
16.6,-7.2667,269.0,Nema,1997,1,25.8,,,0.0
16.6,-7.2667,269.0,Nema,1997,2,27.8,,,0.0
16.6,-7.2667,269.0,Nema,1997,4,,,,0.0
16.6,-7.2667,269.0,Nema,1997,6,35.5,,,6.0
16.6,-7.2667,269.0,Nema,1998,3,30.8,,,0.0
16.6,-7.2667,269.0,Nema,1998,5,36.6,,,0.0
16.6,-7.2667,269.0,Nema,1998,7,34.1,,,75.0
16.6,-7.2667,269.0,Nema,1998,12,24.5,,,0.0
16.6,-7.2667,269.0,Nema,1999,1,22.5,,,0.0
16.6,-7.2667,269.0,Nema,1999,2,22.8,28.6,17.1,0.0
16.6,-7.2667,269.0,Nema,1999,3,29.5,38.0,23.8,0.0
16.6,-7.2667,269.0,Nema,1999,4,34.8,40.1,29.5,0.5
16.6,-7.2667,269.0,Nema,1999,5,37.1,42.7,30.8,0.5
16.6,-7.2667,269.0,Nema,1999,6,36.8,42.5,31.1,14.0
16.6,-7.2667,269.0,Nema,1999,9,30.5,35.2,25.9,128.0
16.6,-7.2667,269.0,Nema,2000,1,24.6,30.4,19.2,0.5
16.6,-7.2667,269.0,Nema,2000,2,,,,0.0
16.6,-7.2667,269.0,Nema,2000,4,35.9,42.0,29.8,0.0
16.6,-7.2667,269.0,Nema,2000,5,37.2,42.3,32.0,1.0
16.6,-7.2667,269.0,Nema,2000,6,,,,0.5
16.6,-7.2667,269.0,Nema,2000,7,,,,117.0
16.6,-7.2667,269.0,Nema,2000,8,30.9,37.0,25.4,44.0
16.6,-7.2667,269.0,Nema,2000,9,32.3,38.7,27.6,60.0
16.6,-7.2667,269.0,Nema,2000,10,,,,17.0
16.6,-7.2667,269.0,Nema,2000,11,29.4,35.8,23.7,0.0
16.6,-7.2667,269.0,Nema,2000,12,25.7,32.0,20.1,0.0
16.6,-7.2667,269.0,Nema,2001,1,25.5,32.3,18.8,0.0
16.6,-7.2667,269.0,Nema,2001,6,35.5,40.8,29.4,7.0
16.6,-7.2667,269.0,Nema,2001,9,32.9,38.8,27.0,6.0
16.6,-7.2667,269.0,Nema,2001,11,29.8,35.5,24.2,0.0
16.6,-7.2667,269.0,Nema,2001,12,27.7,33.0,22.1,0.0
16.6,-7.2667,269.0,Nema,2002,1,24.6,30.3,18.9,0.0
16.6,-7.2667,269.0,Nema,2002,2,,,,0.0
16.6,-7.2667,269.0,Nema,2002,8,31.5,35.8,28.4,88.0
16.6,-7.2667,269.0,Nema,2002,12,26.2,31.3,24.1,3.0
16.6,-7.2667,269.0,Nema,2003,3,,,,0.0
16.6,-7.2667,269.0,Nema,2003,10,,,,8.0
16.6,-7.2667,269.0,Nema,2003,12,,,,0.0
16.6,-7.2667,269.0,Nema,2004,1,24.5,30.3,18.8,0.0
16.6,-7.2667,269.0,Nema,2004,2,28.6,35.1,21.4,0.0
16.6,-7.2667,269.0,Nema,2004,3,30.7,36.6,24.2,0.0
16.6,-7.2667,269.0,Nema,2004,4,,,,0.0
16.6,-7.2667,269.0,Nema,2004,5,,,,0.0
16.6,-7.2667,269.0,Nema,2004,6,,,,5.0
16.6,-7.2667,269.0,Nema,2004,8,30.7,36.5,25.8,172.0
16.6,-7.2667,269.0,Nema,2004,9,32.8,39.6,26.8,21.0
16.6,-7.2667,269.0,Nema,2004,12,26.7,33.2,20.4,0.0
16.6,-7.2667,269.0,Nema,2005,1,23.2,29.3,17.0,0.5
16.6,-7.2667,269.0,Nema,2005,2,25.7,31.6,20.1,6.0
16.6,-7.2667,269.0,Nema,2005,3,30.7,37.1,24.3,8.0
16.6,-7.2667,269.0,Nema,2005,4,35.2,41.5,28.4,0.0
16.6,-7.2667,269.0,Nema,2005,5,36.9,42.7,30.8,0.0
16.6,-7.2667,269.0,Nema,2005,6,34.2,40.2,28.4,60.0
16.6,-7.2667,269.0,Nema,2005,8,32.1,38.2,26.6,36.0
16.6,-7.2667,269.0,Nema,2005,9,33.1,39.5,27.5,13.0
16.6,-7.2667,269.0,Nema,2005,11,30.8,37.1,24.3,0.0
16.6,-7.2667,269.0,Nema,2005,12,26.7,32.4,20.4,0.0
16.6,-7.2667,269.0,Nema,2006,1,22.0,27.9,16.5,0.0
16.6,-7.2667,269.0,Nema,2006,2,24.6,30.7,18.8,2.0
16.6,-7.2667,269.0,Nema,2006,3,30.1,37.4,24.5,0.0
16.6,-7.2667,269.0,Nema,2006,4,35.9,42.2,29.2,0.0
16.6,-7.2667,269.0,Nema,2006,5,35.6,41.5,29.5,4.0
16.6,-7.2667,269.0,Nema,2006,6,35.8,41.7,30.1,7.0
16.6,-7.2667,269.0,Nema,2006,7,33.6,40.4,28.2,62.0
16.6,-7.2667,269.0,Nema,2006,8,30.1,37.7,27.4,102.0
16.6,-7.2667,269.0,Nema,2006,9,32.1,37.6,26.7,42.0
16.6,-7.2667,269.0,Nema,2006,10,33.5,,27.7,0.5
16.6,-7.2667,269.0,Nema,2006,12,23.8,31.9,17.3,0.0
16.6,-7.2667,269.0,Nema,2007,1,24.1,31.4,19.8,0.0
16.6,-7.2667,269.0,Nema,2007,2,27.2,33.7,20.9,0.0
16.6,-7.2667,269.0,Nema,2007,3,30.2,36.5,23.2,0.0
16.6,-7.2667,269.0,Nema,2007,4,34.4,37.3,27.7,0.0
16.6,-7.2667,269.0,Nema,2007,5,,,,12.0
16.6,-7.2667,269.0,Nema,2007,6,36.5,42.6,31.2,0.0
16.6,-7.2667,269.0,Nema,2007,7,33.0,34.5,27.6,66.0
16.6,-7.2667,269.0,Nema,2007,8,30.4,34.6,,109.0
16.6,-7.2667,269.0,Nema,2007,9,32.0,37.6,26.7,32.0
16.6,-7.2667,269.0,Nema,2007,10,33.7,39.7,27.3,6.0
16.6,-7.2667,269.0,Nema,2007,12,24.1,30.4,17.9,0.0
16.6,-7.2667,269.0,Nema,2008,1,21.6,28.7,15.4,0.0
16.6,-7.2667,269.0,Nema,2008,6,35.7,41.3,26.6,26.0
16.6,-7.2667,269.0,Nema,2008,8,30.8,35.5,25.8,59.0
16.6,-7.2667,269.0,Nema,2008,10,32.3,39.7,26.2,9.0
16.6,-7.2667,269.0,Nema,2008,11,29.6,32.8,24.7,0.0
16.6,-7.2667,269.0,Nema,2008,12,25.0,31.1,19.4,0.0
16.6,-7.2667,269.0,Nema,2009,1,21.5,28.3,17.1,0.0
16.6,-7.2667,269.0,Nema,2009,2,27.5,32.4,22.2,0.0
16.6,-7.2667,269.0,Nema,2009,3,32.3,38.4,26.0,2.0
16.6,-7.2667,269.0,Nema,2009,4,,,,0.0
16.6,-7.2667,269.0,Nema,2009,5,36.9,43.3,32.4,0.0
16.6,-7.2667,269.0,Nema,2009,7,33.0,38.7,27.6,27.0
16.6,-7.2667,269.0,Nema,2009,8,30.6,35.6,25.6,90.0
16.6,-7.2667,269.0,Nema,2009,9,31.6,37.6,26.0,67.0
16.6,-7.2667,269.0,Nema,2009,10,33.2,40.0,26.5,15.0
16.6,-7.2667,269.0,Nema,2009,11,28.7,36.4,24.8,0.0
16.6,-7.2667,269.0,Nema,2009,12,27.5,33.7,21.4,0.0
16.6,-7.2667,269.0,Nema,2010,1,26.6,33.0,20.7,0.0
16.6,-7.2667,269.0,Nema,2010,2,30.4,37.7,23.3,0.0
16.6,-7.2667,269.0,Nema,2010,3,33.0,39.3,24.9,0.0
16.6,-7.2667,269.0,Nema,2010,4,37.2,43.5,30.8,0.5
16.6,-7.2667,269.0,Nema,2010,5,37.8,43.4,32.6,0.0
16.6,-7.2667,269.0,Nema,2010,6,36.7,42.7,30.7,16.0
16.6,-7.2667,269.0,Nema,2010,7,33.3,35.4,31.5,62.0
16.6,-7.2667,269.0,Nema,2010,8,30.9,35.2,25.6,94.0
16.6,-7.2667,269.0,Nema,2010,9,30.0,35.5,24.9,80.0
16.6,-7.2667,269.0,Nema,2010,10,32.3,38.4,27.3,44.0
16.6,-7.2667,269.0,Nema,2010,11,,,,0.0
16.6,-7.2667,269.0,Nema,2010,12,,,,0.0
16.6,-7.2667,269.0,Nema,2011,3,32.6,33.9,26.6,0.0
16.6,-7.2667,269.0,Nema,2011,4,,,,3.0
16.6,-7.2667,269.0,Nema,2011,6,36.3,41.3,29.9,8.0
16.6,-7.2667,269.0,Nema,2011,7,34.8,40.3,,5.0
16.6,-7.2667,269.0,Nema,2011,8,,,,114.0
16.6,-7.2667,269.0,Nema,2011,9,32.9,37.6,28.2,9.0
16.6,-7.2667,269.0,Nema,2011,10,33.7,39.5,28.1,0.0
16.6,-7.2667,269.0,Nema,2011,11,30.3,37.7,24.2,0.0
16.6,-7.2667,269.0,Nema,2011,12,23.6,30.0,17.5,0.0
16.6,-7.2667,269.0,Nema,2012,1,22.0,29.4,16.2,0.0
16.6,-7.2667,269.0,Nema,2012,3,33.1,36.4,29.7,0.0
16.6,-7.2667,269.0,Nema,2012,4,33.7,39.7,27.6,0.0
16.6,-7.2667,269.0,Nema,2012,5,36.8,43.6,30.5,9.0
16.6,-7.2667,269.0,Nema,2012,6,35.6,40.6,30.2,1.0
16.6,-7.2667,269.0,Nema,2012,9,,,,
16.6,-7.2667,269.0,Nema,2012,10,,,,6.0
16.6,-7.2667,269.0,Nema,2012,11,30.0,38.0,27.4,0.0
16.6,-7.2667,269.0,Nema,2012,12,24.1,30.3,17.6,0.0
16.6,-7.2667,269.0,Nema,2013,1,22.9,28.7,14.7,0.0
16.6,-7.2667,269.0,Nema,2013,2,26.4,33.8,18.9,0.0
16.6,-7.2667,269.0,Nema,2013,3,32.3,40.1,24.3,0.0
16.6,-7.2667,269.0,Nema,2013,8,31.5,34.9,28.2,62.0
16.6,-7.2667,269.0,Nema,2014,1,23.7,,,
16.6,-7.2667,269.0,Nema,2014,3,28.4,35.0,19.9,0.0
16.6,-7.2667,269.0,Nema,2021,1,24.5,31.3,18.4,
16.6,-7.2667,269.0,Nema,2021,2,27.0,33.4,20.8,0.0
16.6,-7.2667,269.0,Nema,2021,3,28.8,35.2,22.5,0.0
16.6,-7.2667,269.0,Nema,2021,4,34.7,40.6,28.4,0.1
16.6,-7.2667,269.0,Nema,2021,5,36.3,41.8,30.2,0.0
16.6,-7.2667,269.0,Nema,2021,6,36.3,41.7,30.0,0.0
16.6,-7.2667,269.0,Nema,2021,7,33.6,39.0,28.3,10.4
16.6,-7.2667,269.0,Nema,2021,8,31.7,37.5,26.6,15.7
16.6,-7.2667,269.0,Nema,2021,9,33.3,39.2,27.2,2.8
16.6,-7.2667,269.0,Nema,2021,10,33.3,38.9,27.2,0.0
16.6,-7.2667,269.0,Nema,2021,11,29.7,35.4,24.3,0.0
16.6,-7.2667,269.0,Nema,2021,12,25.6,31.5,20.3,0.0
16.6,-7.2667,269.0,Nema,2022,1,23.6,29.8,17.8,0.0
16.6,-7.2667,269.0,Nema,2022,2,25.9,32.8,19.2,0.0
16.6,-7.2667,269.0,Nema,2022,3,29.3,35.7,22.7,0.0
16.6,-7.2667,269.0,Nema,2022,4,33.3,39.4,26.5,0.0
16.6,-7.2667,269.0,Nema,2022,5,35.4,41.1,29.0,
16.6,-7.2667,269.0,Nema,2022,6,34.5,40.2,28.4,14.0
16.6,-7.2667,269.0,Nema,2022,7,31.6,37.2,26.5,46.7
16.6,-7.2667,269.0,Nema,2022,8,28.7,33.5,24.6,55.6
16.6,-7.2667,269.0,Nema,2022,9,30.7,36.6,25.1,31.9
16.6,-7.2667,269.0,Nema,2022,10,32.3,37.9,26.4,1.5
16.6,-7.2667,269.0,Nema,2022,11,27.8,33.8,22.3,0.0
16.6,-7.2667,269.0,Nema,2022,12,25.9,32.0,20.3,0.0
16.6,-7.2667,269.0,Nema,2023,1,23.6,30.0,17.9,0.0
16.6,-7.2667,269.0,Nema,2023,2,27.1,33.9,21.0,0.0
16.6,-7.2667,269.0,Nema,2023,3,31.0,37.5,24.3,0.0
16.6,-7.2667,269.0,Nema,2023,4,32.4,38.4,25.9,1.0
16.6,-7.2667,269.0,Nema,2023,5,35.5,40.8,29.8,0.0
16.6,-7.2667,269.0,Nema,2023,6,35.3,41.0,29.1,0.8
16.6,-7.2667,269.0,Nema,2023,7,32.0,37.6,26.9,36.7
16.6,-7.2667,269.0,Nema,2023,8,31.7,37.3,26.3,36.5
16.6,-7.2667,269.0,Nema,2023,9,32.8,39.0,26.7,13.9
16.6,-7.2667,269.0,Nema,2023,10,33.5,39.3,27.3,0.0
16.6,-7.2667,269.0,Nema,2023,11,29.1,35.3,23.2,0.0
16.6,-7.2667,269.0,Nema,2023,12,24.1,30.6,18.2,0.0
16.6,-7.2667,269.0,Nema,2024,1,25.3,32.1,19.2,0.0
16.6,-7.2667,269.0,Nema,2024,2,26.8,33.5,20.3,0.0
16.6,-7.2667,269.0,Nema,2024,3,31.1,37.7,24.1,0.0
16.6,-7.2667,269.0,Nema,2024,4,34.5,40.5,28.3,0.0
16.6,-7.2667,269.0,Nema,2024,5,36.5,42.3,30.3,0.3
16.6,-7.2667,269.0,Nema,2024,6,36.6,42.2,30.4,0.2
16.6,-7.2667,269.0,Nema,2024,7,32.5,37.8,27.3,28.4
16.6,-7.2667,269.0,Nema,2024,9,29.1,34.1,24.9,
16.6,-7.2667,269.0,Nema,2024,10,32.6,38.7,26.5,0.6
16.6,-7.2667,269.0,Nema,2024,11,29.0,35.2,23.2,0.0
16.6,-7.2667,269.0,Nema,2025,1,22.7,29.4,16.9,0.3
16.6,-7.2667,269.0,Nema,2025,2,25.1,31.9,19.3,0.0
16.6,-7.2667,269.0,Nema,2025,4,35.3,41.5,28.7,0.0
16.6,-7.2667,269.0,Nema,2025,5,36.8,42.7,30.7,0.0
16.6,-7.2667,269.0,Nema,2025,6,35.6,42.7,29.5,0.5
16.6,-7.2667,269.0,Nema,2025,7,31.3,37.5,26.3,48.4
